202509190900,113813.0,113823.0,113673.0,113678.0,432
202509190915,113692.0,113702.0,113658.0,113692.0,365
202509190930,113702.0,113721.0,113683.0,113721.0,561
202509190945,113721.0,113721.0,113641.0,113654.0,722
202509191000,113663.0,113702.0,113663.0,113673.0,321
202509191015,113668.0,113683.0,113644.0,113683.0,381
202509191030,113683.0,113712.0,113649.0,113654.0,346
202509191045,113649.0,113673.0,113634.0,113634.0,511
202509191100,113639.0,113673.0,113620.0,113639.0,778
202509191115,113639.0,113654.0,113610.0,113639.0,767
202509191130,113639.0,113639.0,113610.0,113639.0,518
202509191145,113620.0,113639.0,113610.0,113634.0,586
202509191200,113610.0,113639.0,113605.0,113605.0,492
202509191215,113605.0,113634.0,113600.0,113625.0,553
202509191230,113625.0,113634.0,113600.0,113600.0,495
202509191245,113600.0,113615.0,113547.0,113547.0,500
202509191300,113528.0,113552.0,113412.0,113446.0,1037
202509191315,113422.0,113451.0,113363.0,113441.0,958
202509191330,113441.0,113451.0,113368.0,113417.0,507
202509191345,113417.0,113475.0,113407.0,113446.0,746
202509191400,113465.0,113475.0,113436.0,113475.0,537
202509191415,113470.0,113475.0,113426.0,113475.0,656
202509191430,113455.0,113499.0,113436.0,113494.0,520
202509191445,113499.0,113523.0,113455.0,113494.0,540
202509191500,113475.0,113523.0,113441.0,113475.0,935
202509191515,113446.0,113465.0,113436.0,113436.0,107
202509220900,113344.0,113436.0,113344.0,113412.0,1468
202509220915,113436.0,113504.0,113417.0,113465.0,590
202509220930,113465.0,113465.0,113392.0,113397.0,1095
202509220945,113397.0,113436.0,113388.0,113412.0,471
202509221000,113417.0,113417.0,113320.0,113349.0,733
202509221015,113349.0,113368.0,113339.0,113359.0,159
202509221030,113359.0,113359.0,113310.0,113320.0,280
202509221045,113310.0,113330.0,113310.0,113310.0,118
202509221100,113310.0,113315.0,113252.0,113252.0,250
202509221115,113252.0,113291.0,113252.0,113286.0,227
202509221130,113286.0,113291.0,113218.0,113218.0,161
202509221145,113247.0,113247.0,113218.0,113233.0,81
202509221200,113233.0,113267.0,113233.0,113247.0,58
202509221215,113257.0,113281.0,113247.0,113281.0,71
202509221230,113281.0,113281.0,113238.0,113238.0,166
202509221245,113238.0,113247.0,113218.0,113238.0,217
202509221300,113238.0,113238.0,113180.0,113189.0,258
202509221315,113189.0,113204.0,113160.0,113180.0,141
202509221330,113170.0,113238.0,113170.0,113189.0,108
202509221345,113199.0,113218.0,113180.0,113194.0,504
202509221400,113218.0,113233.0,113194.0,113194.0,420
202509221415,113194.0,113218.0,113194.0,113209.0,756
202509221430,113209.0,113238.0,113194.0,113238.0,594
202509221445,113228.0,113267.0,113209.0,113218.0,491
202509221500,113238.0,113272.0,113209.0,113257.0,611
202509221515,113267.0,113315.0,113262.0,113315.0,56
202509230900,113334.0,113339.0,113272.0,113272.0,409
202509230915,113267.0,113349.0,113267.0,113325.0,708
202509230930,113325.0,113422.0,113325.0,113397.0,655
202509230945,113402.0,113402.0,113373.0,113383.0,371
202509231000,113383.0,113417.0,113373.0,113378.0,546
202509231015,113373.0,113373.0,113301.0,113344.0,667
202509231030,113339.0,113354.0,113315.0,113325.0,333
202509231045,113334.0,113344.0,113315.0,113344.0,473
202509231100,113344.0,113422.0,113334.0,113422.0,747
202509231115,113412.0,113465.0,113392.0,113465.0,349
202509231130,113465.0,113465.0,113426.0,113431.0,505
202509231145,113436.0,113446.0,113417.0,113426.0,255
202509231200,113446.0,113446.0,113417.0,113436.0,380
202509231215,113426.0,113426.0,113402.0,113422.0,530
202509231230,113412.0,113412.0,113373.0,113412.0,229
202509231245,113412.0,113436.0,113407.0,113426.0,377
202509231300,113422.0,113426.0,113354.0,113373.0,249
202509231315,113373.0,113392.0,113363.0,113392.0,106
202509231330,113392.0,113392.0,113359.0,113373.0,105
202509231345,113383.0,113407.0,113373.0,113402.0,208
202509231400,113402.0,113402.0,113383.0,113383.0,377
202509231415,113383.0,113412.0,113354.0,113412.0,286
202509231430,113392.0,113557.0,113392.0,113484.0,1565
202509231445,113484.0,113484.0,113436.0,113436.0,635
202509231500,113412.0,113436.0,113402.0,113407.0,69
202509231515,113422.0,113455.0,113422.0,113455.0,162
202509240900,113475.0,113475.0,113407.0,113431.0,114
202509240915,113431.0,113446.0,113383.0,113388.0,367
202509240930,113378.0,113378.0,113330.0,113378.0,627
202509240945,113378.0,113388.0,113349.0,113368.0,170
202509241000,113368.0,113368.0,113330.0,113354.0,261
202509241015,113349.0,113349.0,113281.0,113310.0,1003
202509241030,113310.0,113310.0,113233.0,113243.0,351
202509241045,113262.0,113262.0,113214.0,113223.0,163
202509241100,113209.0,113223.0,113194.0,113194.0,134
202509241115,113204.0,113214.0,113189.0,113189.0,102
202509241130,113189.0,113189.0,113122.0,113122.0,375
202509241145,113131.0,113131.0,113069.0,113069.0,269
202509241200,113093.0,113093.0,113069.0,113069.0,89
202509241215,113073.0,113073.0,113069.0,113073.0,217
202509241230,113064.0,113093.0,113044.0,113093.0,1019
202509241245,113093.0,113093.0,113069.0,113078.0,109
202509241300,113078.0,113122.0,113073.0,113102.0,851
202509241315,113112.0,113160.0,113112.0,113151.0,159
202509241330,113151.0,113151.0,113131.0,113141.0,282
202509241345,113151.0,113170.0,113131.0,113131.0,173
202509241400,113170.0,113194.0,113170.0,113180.0,113
202509241415,113180.0,113204.0,113146.0,113204.0,218
202509241430,113194.0,113199.0,113117.0,113131.0,908
202509241445,113131.0,113131.0,113088.0,113112.0,506
202509241500,113112.0,113160.0,113102.0,113146.0,259
202509241515,113131.0,113156.0,113131.0,113156.0,153
202509250900,113064.0,113160.0,113044.0,113160.0,347
202509250915,113146.0,113160.0,113073.0,113102.0,638
202509250930,113102.0,113122.0,113040.0,113102.0,834
202509250945,113073.0,113199.0,113073.0,113160.0,476
202509251000,113160.0,113209.0,113141.0,113209.0,676
202509251015,113209.0,113238.0,113160.0,113199.0,1149
202509251030,113180.0,113233.0,113160.0,113228.0,878
202509251045,113218.0,113218.0,113136.0,113136.0,799
202509251100,113136.0,113189.0,113073.0,113151.0,570
202509251115,113122.0,113141.0,113054.0,113073.0,688
202509251130,113064.0,113083.0,112977.0,113015.0,1210
202509251145,113015.0,113025.0,112977.0,112996.0,395
202509251200,112996.0,113015.0,112957.0,112957.0,415
202509251215,112986.0,113025.0,112977.0,113025.0,478
202509251230,113025.0,113035.0,112977.0,113006.0,851
202509251245,113025.0,113044.0,112957.0,112957.0,665
202509251300,112957.0,112967.0,112895.0,112914.0,872
202509251315,112904.0,112943.0,112866.0,112914.0,9759
202509251330,112914.0,112977.0,112875.0,112967.0,428
202509251345,112948.0,112977.0,112924.0,112943.0,478
202509251400,112943.0,112967.0,112904.0,112953.0,463
202509251415,112953.0,112953.0,112875.0,112885.0,494
202509251430,112895.0,112914.0,112846.0,112914.0,515
202509251445,112914.0,112943.0,112880.0,112885.0,473
202509251500,112885.0,112914.0,112846.0,112851.0,323
202509251515,112851.0,112851.0,112779.0,112822.0,436
202509260900,112716.0,112716.0,112638.0,112638.0,390
202509260915,112653.0,112701.0,112527.0,112566.0,1959
202509260930,112566.0,112663.0,112566.0,112629.0,615
202509260945,112629.0,112735.0,112614.0,112667.0,275
202509261000,112667.0,112692.0,112634.0,112634.0,431
202509261015,112634.0,112634.0,112566.0,112605.0,235
202509261030,112605.0,112605.0,112566.0,112571.0,62
202509261045,112605.0,112614.0,112542.0,112542.0,117
202509261100,112542.0,112566.0,112517.0,112517.0,211
202509261115,112517.0,112547.0,112498.0,112508.0,507
202509261130,112493.0,112508.0,112469.0,112479.0,143
202509261145,112479.0,112479.0,112450.0,112455.0,130
202509261200,112455.0,112493.0,112450.0,112450.0,542
202509261215,112450.0,112450.0,112416.0,112445.0,164
202509261230,112445.0,112445.0,112416.0,112445.0,105
202509261245,112445.0,112508.0,112445.0,112450.0,85
202509261300,112450.0,112450.0,112213.0,112271.0,387
202509261315,112271.0,112363.0,112266.0,112305.0,133
202509261330,112295.0,112295.0,112237.0,112261.0,363
202509261345,112237.0,112261.0,112194.0,112232.0,774
202509261400,112223.0,112223.0,112058.0,112116.0,589
202509261415,112102.0,112116.0,112010.0,112058.0,1029
202509261430,112049.0,112068.0,111981.0,112068.0,338
202509261445,112068.0,112097.0,112029.0,112029.0,697
202509261500,112029.0,112261.0,111991.0,112203.0,1164
202509261515,112290.0,112290.0,112266.0,112285.0,117
202509290900,112285.0,112382.0,112252.0,112324.0,1042
202509290915,112334.0,112411.0,112285.0,112401.0,931
202509290930,112401.0,112450.0,112343.0,112372.0,493
202509290945,112339.0,112363.0,112266.0,112266.0,419
202509291000,112266.0,112276.0,112232.0,112237.0,706
202509291015,112237.0,112372.0,112237.0,112363.0,188
202509291030,112363.0,112421.0,112310.0,112421.0,184
202509291045,112440.0,112474.0,112440.0,112440.0,152
202509291100,112455.0,112479.0,112314.0,112314.0,422
202509291115,112334.0,112372.0,112305.0,112353.0,315
202509291130,112353.0,112382.0,112324.0,112329.0,741
202509291145,112334.0,112372.0,112305.0,112305.0,111
202509291200,112305.0,112329.0,112305.0,112305.0,281
202509291215,112319.0,112324.0,112305.0,112310.0,122
202509291230,112310.0,112343.0,112295.0,112343.0,468
202509291245,112353.0,112430.0,112348.0,112416.0,429
202509291300,112411.0,112411.0,112353.0,112368.0,123
202509291315,112368.0,112382.0,112334.0,112382.0,169
202509291330,112377.0,112411.0,112372.0,112397.0,638
202509291345,112397.0,112430.0,112382.0,112401.0,221
202509291400,112401.0,112411.0,112348.0,112401.0,515
202509291415,112401.0,112440.0,112372.0,112440.0,552
202509291430,112411.0,112421.0,112358.0,112377.0,302
202509291445,112377.0,112392.0,112334.0,112334.0,299
202509291500,112343.0,112363.0,112252.0,112285.0,435
202509291515,112295.0,112334.0,112266.0,112334.0,152
202509300900,112455.0,112493.0,112348.0,112377.0,368
202509300915,112372.0,112377.0,112290.0,112368.0,557
202509300930,112377.0,112445.0,112368.0,112387.0,719
202509300945,112421.0,112445.0,112387.0,112406.0,337
202509301000,112411.0,112450.0,112363.0,112363.0,679
202509301015,112363.0,112377.0,112329.0,112377.0,159
202509301030,112387.0,112426.0,112368.0,112426.0,220
202509301045,112416.0,112484.0,112387.0,112430.0,245
202509301100,112413.0,112513.0,112397.0,112479.0,551
202509301115,112474.0,112542.0,112455.0,112484.0,150
202509301130,112493.0,112498.0,112387.0,112416.0,166
202509301145,112411.0,112411.0,112339.0,112339.0,193
202509301200,112343.0,112348.0,112310.0,112339.0,204
202509301215,112339.0,112348.0,112300.0,112348.0,189
202509301230,112348.0,112421.0,112329.0,112416.0,165
202509301245,112416.0,112426.0,112348.0,112348.0,294
202509301300,112387.0,112387.0,112218.0,112223.0,233
202509301315,112218.0,112300.0,112174.0,112256.0,153
202509301330,112266.0,112300.0,112203.0,112276.0,412
202509301345,112276.0,112285.0,112189.0,112223.0,351
202509301400,112223.0,112266.0,112218.0,112242.0,471
202509301415,112242.0,112271.0,112145.0,112145.0,711
202509301430,112150.0,112213.0,112145.0,112184.0,1170
202509301445,112184.0,112203.0,112082.0,112150.0,2159
202509301500,112150.0,112334.0,112150.0,112261.0,2599
202509301515,112281.0,112329.0,112271.0,112276.0,498
202510010900,112353.0,112464.0,112324.0,112464.0,1587
202510010915,112474.0,112484.0,112358.0,112397.0,749
202510010930,112397.0,112406.0,112348.0,112348.0,592
202510010945,112343.0,112343.0,112232.0,112242.0,715
202510011000,112290.0,112290.0,112198.0,112252.0,308
202510011015,112252.0,112281.0,112203.0,112281.0,146
202510011030,112281.0,112290.0,112223.0,112232.0,273
202510011045,112232.0,112387.0,112232.0,112310.0,128
202510011100,112343.0,112358.0,112319.0,112343.0,171
202510011115,112329.0,112334.0,112295.0,112334.0,119
202510011130,112334.0,112334.0,112305.0,112314.0,53
202510011145,112319.0,112334.0,112310.0,112319.0,93
202510011200,112334.0,112343.0,112319.0,112343.0,130
202510011215,112339.0,112343.0,112319.0,112343.0,70
202510011230,112339.0,112343.0,112319.0,112334.0,60
202510011245,112339.0,112421.0,112334.0,112421.0,346
202510011300,112421.0,112421.0,112358.0,112387.0,107
202510011315,112401.0,112416.0,112377.0,112406.0,169
202510011330,112382.0,112416.0,112377.0,112377.0,201
202510011345,112382.0,112397.0,112329.0,112329.0,707
202510011400,112329.0,112387.0,112319.0,112319.0,402
202510011415,112329.0,112358.0,112314.0,112339.0,334
202510011430,112314.0,112348.0,112290.0,112300.0,265
202510011445,112300.0,112372.0,112300.0,112329.0,770
202510011500,112300.0,112411.0,112300.0,112411.0,317
202510011515,112377.0,112416.0,112290.0,112290.0,125
202510020900,112406.0,112459.0,112363.0,112445.0,414
202510020915,112430.0,112498.0,112411.0,112450.0,508
202510020930,112450.0,112450.0,112401.0,112450.0,203
202510020945,112445.0,112445.0,112401.0,112401.0,63
202510021000,112401.0,112440.0,112392.0,112392.0,209
202510021015,112401.0,112440.0,112401.0,112418.0,68
202510021030,112418.0,112430.0,112392.0,112411.0,348
202510021045,112421.0,112421.0,112387.0,112401.0,225
202510021100,112387.0,112399.0,112295.0,112343.0,749
202510021115,112343.0,112343.0,112285.0,112290.0,208
202510021130,112290.0,112300.0,112247.0,112281.0,138
202510021145,112256.0,112285.0,112252.0,112285.0,56
202510021200,112285.0,112285.0,112256.0,112266.0,168
202510021215,112266.0,112271.0,112227.0,112237.0,239
202510021230,112232.0,112237.0,112174.0,112198.0,449
202510021245,112160.0,112208.0,112136.0,112155.0,912
202510021300,112155.0,112223.0,112155.0,112223.0,2655
202510021315,112227.0,112227.0,112116.0,112165.0,1211
202510021330,112174.0,112189.0,112107.0,112107.0,1093
202510021345,112107.0,112145.0,112097.0,112097.0,1510
202510021400,112116.0,112136.0,112068.0,112073.0,604
202510021415,112073.0,112174.0,112073.0,112155.0,653
202510021430,112155.0,112218.0,112145.0,112169.0,401
202510021445,112184.0,112266.0,112169.0,112232.0,344
202510021500,112232.0,112285.0,112189.0,112189.0,298
202510021515,112223.0,112256.0,112223.0,112227.0,104
202510100900,112155.0,112155.0,111937.0,111995.0,1519
202510100915,111995.0,112010.0,111889.0,111928.0,1393
202510100930,111952.0,112020.0,111928.0,112000.0,2386
202510100945,112000.0,112053.0,111971.0,111986.0,734
202510101000,111986.0,112058.0,111986.0,111986.0,1094
202510101015,111986.0,112039.0,111971.0,112005.0,573
202510101030,112005.0,112005.0,111942.0,111976.0,505
202510101045,111976.0,111976.0,111942.0,111947.0,384
202510101100,111947.0,112010.0,111947.0,111976.0,735
202510101115,111991.0,111991.0,111908.0,111928.0,320
202510101130,111928.0,111933.0,111901.0,111920.0,308
202510101145,111910.0,111910.0,111812.0,111857.0,469
202510101200,111884.0,111889.0,111841.0,111884.0,111
202510101215,111884.0,111928.0,111879.0,111928.0,444
202510101230,111928.0,111962.0,111899.0,111962.0,408
202510101245,111959.0,111971.0,111937.0,111937.0,350
202510101300,111937.0,111952.0,111850.0,111875.0,362
202510101315,111860.0,111942.0,111860.0,111937.0,373
202510101330,111937.0,111937.0,111879.0,111933.0,311
202510101345,111937.0,111971.0,111908.0,111918.0,339
202510101400,111918.0,112107.0,111908.0,112063.0,432
202510101415,112078.0,112111.0,112039.0,112080.0,425
202510101430,112068.0,112116.0,112039.0,112116.0,866
202510101445,112116.0,112227.0,112111.0,112198.0,649
202510101500,112198.0,112227.0,112155.0,112227.0,628
202510101515,112227.0,112227.0,112223.0,112223.0,32
202510130900,112576.0,112677.0,112547.0,112643.0,839
202510130915,112643.0,112682.0,112634.0,112638.0,1346
202510130930,112638.0,112648.0,112605.0,112629.0,743
202510130945,112624.0,112629.0,112527.0,112537.0,523
202510131000,112537.0,112571.0,112513.0,112571.0,912
202510131015,112556.0,112600.0,112527.0,112590.0,920
202510131030,112585.0,112590.0,112537.0,112537.0,706
202510131045,112537.0,112537.0,112513.0,112532.0,721
202510131100,112527.0,112551.0,112517.0,112517.0,470
202510131115,112517.0,112547.0,112493.0,112547.0,989
202510131130,112547.0,112561.0,112513.0,112527.0,1067
202510131145,112527.0,112537.0,112493.0,112503.0,873
202510131200,112503.0,112522.0,112493.0,112517.0,1090
202510131215,112517.0,112532.0,112493.0,112532.0,681
202510131230,112532.0,112576.0,112532.0,112576.0,1146
202510131245,112556.0,112580.0,112542.0,112542.0,751
202510131300,112542.0,112590.0,112537.0,112556.0,501
202510131315,112566.0,112629.0,112547.0,112600.0,683
202510131330,112624.0,112701.0,112595.0,112701.0,730
202510131345,112692.0,112701.0,112663.0,112682.0,609
202510131400,112682.0,112716.0,112653.0,112682.0,496
202510131415,112682.0,112730.0,112682.0,112711.0,565
202510131430,112716.0,112716.0,112687.0,112711.0,839
202510131445,112711.0,112793.0,112692.0,112788.0,1671
202510131500,112779.0,112793.0,112759.0,112769.0,707
202510131515,112764.0,112788.0,112764.0,112779.0,244
202510140900,112846.0,112899.0,112832.0,112856.0,313
202510140915,112856.0,112909.0,112822.0,112832.0,455
202510140930,112832.0,112832.0,112706.0,112735.0,532
202510140945,112735.0,112783.0,112706.0,112706.0,273
202510141000,112706.0,112783.0,112706.0,112750.0,217
202510141015,112750.0,112754.0,112706.0,112754.0,827
202510141030,112754.0,112803.0,112754.0,112774.0,1072
202510141045,112788.0,112812.0,112754.0,112783.0,390
202510141100,112793.0,112870.0,112793.0,112841.0,458
202510141115,112870.0,112870.0,112822.0,112851.0,341
202510141130,112851.0,112870.0,112812.0,112812.0,1514
202510141145,112832.0,112841.0,112803.0,112812.0,440
202510141200,112812.0,112870.0,112812.0,112841.0,950
202510141215,112861.0,112870.0,112841.0,112870.0,395
202510141230,112870.0,112870.0,112841.0,112870.0,946
202510141245,112851.0,112919.0,112841.0,112909.0,693
202510141300,112909.0,112977.0,112909.0,112967.0,443
202510141315,112967.0,113073.0,112967.0,113035.0,556
202510141330,113054.0,113093.0,113054.0,113083.0,550
202510141345,113073.0,113083.0,113015.0,113015.0,514
202510141400,113006.0,113054.0,112986.0,113054.0,867
202510141415,113025.0,113088.0,113015.0,113088.0,1545
202510141430,113078.0,113112.0,113064.0,113102.0,1880
202510141445,113098.0,113151.0,113073.0,113112.0,1768
202510141500,113102.0,113112.0,113015.0,113015.0,1542
202510141515,113011.0,113083.0,113011.0,113083.0,579
202510150900,113083.0,113214.0,113083.0,113175.0,1035
202510150915,113165.0,113223.0,113107.0,113223.0,1669
202510150930,113214.0,113223.0,113160.0,113204.0,2173
202510150945,113194.0,113204.0,113156.0,113156.0,404
202510151000,113156.0,113310.0,113156.0,113257.0,578
202510151015,113286.0,113330.0,113262.0,113330.0,891
202510151030,113315.0,113320.0,113238.0,113267.0,417
202510151045,113272.0,113330.0,113272.0,113301.0,920
202510151100,113301.0,113325.0,113301.0,113315.0,233
202510151115,113315.0,113330.0,113281.0,113330.0,360
202510151130,113330.0,113330.0,113291.0,113291.0,68
202510151145,113301.0,113339.0,113301.0,113301.0,134
202510151200,113334.0,113334.0,113301.0,113330.0,103
202510151215,113325.0,113325.0,113272.0,113305.0,326
202510151230,113305.0,113320.0,113286.0,113286.0,386
202510151245,113286.0,113310.0,113281.0,113281.0,764
202510151300,113301.0,113325.0,113272.0,113325.0,421
202510151315,113315.0,113339.0,113218.0,113243.0,1878
202510151330,113243.0,113272.0,113204.0,113262.0,1881
202510151345,113262.0,113262.0,113165.0,113175.0,1807
202510151400,113204.0,113272.0,113175.0,113233.0,2013
202510151415,113262.0,113272.0,113204.0,113262.0,1907
202510151430,113262.0,113281.0,113214.0,113272.0,2144
202510151445,113272.0,113305.0,113194.0,113305.0,2001
202510151500,113301.0,113320.0,113243.0,113291.0,1877
202510151515,113281.0,113305.0,113272.0,113272.0,201
202510160900,113243.0,113330.0,113243.0,113281.0,549
202510160915,113291.0,113339.0,113272.0,113339.0,461
202510160930,113339.0,113404.0,113339.0,113383.0,512
202510160945,113383.0,113383.0,113310.0,113310.0,1994
202510161000,113320.0,113325.0,113262.0,113262.0,316
202510161015,113281.0,113291.0,113243.0,113243.0,493
202510161030,113233.0,113243.0,113156.0,113214.0,445
202510161045,113204.0,113218.0,113175.0,113194.0,558
202510161100,113194.0,113209.0,113107.0,113127.0,364
202510161115,113107.0,113165.0,113088.0,113136.0,406
202510161130,113127.0,113165.0,113127.0,113146.0,171
202510161145,113146.0,113175.0,113127.0,113146.0,718
202510161200,113156.0,113199.0,113156.0,113185.0,270
202510161215,113194.0,113214.0,113165.0,113204.0,1098
202510161230,113185.0,113214.0,113165.0,113194.0,518
202510161245,113165.0,113194.0,113141.0,113141.0,159
202510161300,113141.0,113146.0,113078.0,113078.0,211
202510161315,113088.0,113127.0,113069.0,113117.0,205
202510161330,113088.0,113136.0,113078.0,113107.0,332
202510161345,113107.0,113141.0,113098.0,113098.0,581
202510161400,113098.0,113098.0,112982.0,112982.0,495
202510161415,112996.0,113049.0,112977.0,113011.0,295
202510161430,113011.0,113030.0,112982.0,113030.0,247
202510161445,112991.0,113078.0,112991.0,113054.0,221
202510161500,113054.0,113088.0,112982.0,112982.0,394
202510161515,112977.0,112986.0,112948.0,112948.0,1087
202510170900,113122.0,113146.0,113044.0,113069.0,941
202510170915,113069.0,113069.0,112996.0,113020.0,384
202510170930,113025.0,113040.0,112943.0,112953.0,287
202510170945,113001.0,113011.0,112962.0,113001.0,452
202510171000,113001.0,113059.0,112982.0,112991.0,599
202510171015,113025.0,113025.0,112953.0,113011.0,147
202510171030,113011.0,113032.0,112948.0,112948.0,308
202510171045,112996.0,113078.0,112982.0,113030.0,1124
202510171100,113030.0,113136.0,113030.0,113098.0,672
202510171115,113098.0,113165.0,113059.0,113165.0,614
202510171130,113165.0,113165.0,113131.0,113131.0,1144
202510171145,113165.0,113175.0,113131.0,113160.0,617
202510171200,113160.0,113185.0,113136.0,113185.0,553
202510171215,113175.0,113204.0,113156.0,113204.0,732
202510171230,113204.0,113233.0,113204.0,113233.0,822
202510171245,113233.0,113262.0,113214.0,113243.0,520
202510171300,113243.0,113281.0,113243.0,113252.0,587
202510171315,113262.0,113262.0,113209.0,113262.0,915
202510171330,113262.0,113272.0,113214.0,113272.0,635
202510171345,113233.0,113291.0,113218.0,113223.0,597
202510171400,113223.0,113262.0,113175.0,113194.0,941
202510171415,113175.0,113223.0,113136.0,113165.0,671
202510171430,113136.0,113204.0,113131.0,113204.0,502
202510171445,113194.0,113252.0,113165.0,113175.0,1083
202510171500,113146.0,113146.0,112991.0,113040.0,834
202510171515,113020.0,113049.0,113020.0,113030.0,436
202510200900,112943.0,113001.0,112909.0,112924.0,467
202510200915,112924.0,112933.0,112885.0,112919.0,730
202510200930,112919.0,112962.0,112904.0,112962.0,1146
202510200945,112953.0,113001.0,112933.0,113001.0,1117
202510201000,112991.0,113020.0,112880.0,112914.0,736
202510201015,112914.0,112982.0,112895.0,112982.0,154
202510201030,112982.0,113011.0,112933.0,112972.0,326
202510201045,112982.0,113011.0,112924.0,112924.0,497
202510201100,112924.0,112967.0,112924.0,112943.0,489
202510201115,112953.0,112982.0,112953.0,112982.0,96
202510201130,112991.0,113030.0,112991.0,113020.0,144
202510201145,113025.0,113083.0,113025.0,113064.0,2293
202510201200,113044.0,113083.0,113044.0,113064.0,445
202510201215,113064.0,113083.0,113064.0,113083.0,297
202510201230,113083.0,113083.0,113054.0,113054.0,105
202510201245,113059.0,113059.0,113025.0,113044.0,726
202510201300,113044.0,113102.0,113044.0,113054.0,783
202510201315,113064.0,113073.0,113011.0,113049.0,638
202510201330,113049.0,113102.0,113035.0,113064.0,131
202510201345,113064.0,113093.0,113054.0,113083.0,298
202510201400,113083.0,113122.0,113064.0,113122.0,325
202510201415,113122.0,113122.0,113064.0,113078.0,429
202510201430,113069.0,113112.0,113040.0,113040.0,1180
202510201445,113054.0,113054.0,112962.0,113020.0,185
202510201500,113025.0,113049.0,113006.0,113020.0,327
202510201515,113006.0,113006.0,112991.0,113006.0,73
202510210900,113141.0,113141.0,113073.0,113093.0,547
202510210915,113102.0,113141.0,113102.0,113131.0,414
202510210930,113131.0,113131.0,112984.0,112996.0,1286
202510210945,113001.0,113049.0,113001.0,113049.0,556
202510211000,113030.0,113054.0,112986.0,113025.0,777
202510211015,113015.0,113054.0,113015.0,113054.0,414
202510211030,113054.0,113064.0,112991.0,112991.0,552
202510211045,112986.0,112986.0,112880.0,112885.0,740
202510211100,112885.0,112885.0,112851.0,112861.0,188
202510211115,112870.0,112899.0,112870.0,112899.0,482
202510211130,112899.0,112977.0,112880.0,112962.0,361
202510211145,112996.0,113015.0,112967.0,112986.0,165
202510211200,112986.0,113006.0,112977.0,112977.0,151
202510211215,112977.0,113006.0,112967.0,113006.0,468
202510211230,113006.0,113015.0,112986.0,113011.0,188
202510211245,113011.0,113044.0,113011.0,113020.0,121
202510211300,113035.0,113064.0,113025.0,113064.0,131
202510211315,113044.0,113064.0,113044.0,113064.0,391
202510211330,113064.0,113102.0,113044.0,113073.0,809
202510211345,113083.0,113102.0,113064.0,113064.0,183
202510211400,113083.0,113093.0,113035.0,113040.0,297
202510211415,113044.0,113049.0,112996.0,113001.0,449
202510211430,113006.0,113025.0,112986.0,113011.0,185
202510211445,113015.0,113015.0,112928.0,112943.0,316
202510211500,112943.0,112943.0,112817.0,112817.0,608
202510211515,112837.0,112856.0,112817.0,112851.0,151
202510220900,112933.0,113011.0,112875.0,112986.0,615
202510220915,112982.0,112982.0,112928.0,112972.0,841
202510220930,112972.0,113049.0,112972.0,112996.0,715
202510220945,113020.0,113044.0,113015.0,113025.0,957
202510221000,113025.0,113049.0,112986.0,112996.0,1298
202510221015,112996.0,113107.0,112996.0,113098.0,504
202510221030,113098.0,113102.0,113035.0,113102.0,176
202510221045,113117.0,113127.0,113088.0,113122.0,255
202510221100,113112.0,113136.0,113078.0,113078.0,188
202510221115,113078.0,113098.0,113069.0,113088.0,290
202510221130,113088.0,113117.0,113064.0,113078.0,136
202510221145,113078.0,113131.0,113073.0,113122.0,339
202510221200,113131.0,113141.0,113117.0,113122.0,592
202510221215,113127.0,113131.0,113102.0,113117.0,178
202510221230,113102.0,113117.0,113083.0,113107.0,173
202510221245,113107.0,113107.0,113073.0,113073.0,445
202510221300,113083.0,113204.0,113083.0,113180.0,222
202510221315,113180.0,113204.0,113170.0,113185.0,502
202510221330,113185.0,113185.0,113141.0,113141.0,218
202510221345,113165.0,113185.0,113131.0,113141.0,535
202510221400,113112.0,113136.0,113073.0,113107.0,108
202510221415,113102.0,113117.0,113093.0,113107.0,190
202510221430,113093.0,113107.0,113054.0,113083.0,157
202510221445,113088.0,113122.0,113054.0,113122.0,649
202510221500,113102.0,113165.0,113073.0,113141.0,304
202510221515,113141.0,113209.0,113141.0,113209.0,126
202510230900,113349.0,113349.0,113209.0,113233.0,9455
202510230915,113243.0,113247.0,113204.0,113214.0,327
202510230930,113214.0,113214.0,113156.0,113194.0,304
202510230945,113194.0,113218.0,113146.0,113146.0,510
202510231000,113146.0,113243.0,113146.0,113233.0,159
202510231015,113233.0,113315.0,113180.0,113315.0,284
202510231030,113320.0,113368.0,113272.0,113301.0,926
202510231045,113301.0,113368.0,113243.0,113243.0,943
202510231100,113281.0,113301.0,113218.0,113301.0,1449
202510231115,113368.0,113368.0,113175.0,113214.0,252
202510231130,113204.0,113223.0,113112.0,113112.0,233
202510231145,113078.0,113112.0,113025.0,113069.0,210
202510231200,113107.0,113175.0,113107.0,113146.0,220
202510231215,113156.0,113156.0,113069.0,113146.0,226
202510231230,113146.0,113146.0,113107.0,113136.0,30
202510231245,113117.0,113127.0,113069.0,113069.0,170
202510231300,113064.0,113064.0,112928.0,112953.0,199
202510231315,112986.0,113025.0,112948.0,113015.0,164
202510231330,112986.0,112986.0,112870.0,112890.0,136
202510231345,112899.0,112967.0,112890.0,112899.0,277
202510231400,112899.0,112967.0,112899.0,112909.0,207
202510231415,112899.0,112899.0,112798.0,112856.0,556
202510231430,112832.0,112943.0,112817.0,112895.0,505
202510231445,112895.0,112933.0,112885.0,112895.0,553
202510231500,112914.0,112943.0,112808.0,112827.0,544
202510231515,112827.0,112866.0,112788.0,112788.0,541
202510240900,112851.0,112861.0,112677.0,112735.0,833
202510240915,112754.0,112754.0,112696.0,112735.0,564
202510240930,112735.0,112812.0,112735.0,112798.0,1229
202510240945,112798.0,112812.0,112740.0,112759.0,488
202510241000,112759.0,112793.0,112716.0,112764.0,451
202510241015,112754.0,112870.0,112716.0,112851.0,565
202510241030,112851.0,112856.0,112803.0,112832.0,183
202510241045,112837.0,112919.0,112822.0,112904.0,584
202510241100,112904.0,112914.0,112832.0,112870.0,221
202510241115,112866.0,112885.0,112832.0,112885.0,264
202510241130,112885.0,112957.0,112870.0,112933.0,262
202510241145,112928.0,112933.0,112870.0,112870.0,186
202510241200,112870.0,112890.0,112832.0,112832.0,458
202510241215,112832.0,112861.0,112822.0,112861.0,145
202510241230,112832.0,112861.0,112822.0,112841.0,234
202510241245,112841.0,112909.0,112841.0,112885.0,272
202510241300,112885.0,112914.0,112788.0,112788.0,407
202510241315,112754.0,112841.0,112745.0,112832.0,236
202510241330,112832.0,112861.0,112803.0,112841.0,218
202510241345,112841.0,112928.0,112841.0,112890.0,641
202510241400,112890.0,112957.0,112890.0,112919.0,259
202510241415,112924.0,112957.0,112870.0,112895.0,449
202510241430,112895.0,112919.0,112841.0,112851.0,348
202510241445,112861.0,112890.0,112832.0,112832.0,131
202510241500,112832.0,112866.0,112808.0,112822.0,343
202510241515,112822.0,112870.0,112822.0,112870.0,202
202510270900,112696.0,112696.0,112517.0,112576.0,1554
202510270915,112547.0,112566.0,112503.0,112547.0,1747
202510270930,112547.0,112619.0,112537.0,112614.0,1001
202510270945,112590.0,112677.0,112585.0,112638.0,1010
202510271000,112638.0,112687.0,112619.0,112677.0,602
202510271015,112672.0,112706.0,112629.0,112706.0,318
202510271030,112706.0,112706.0,112619.0,112677.0,340
202510271045,112677.0,112677.0,112609.0,112609.0,446
202510271100,112614.0,112619.0,112542.0,112556.0,1511
202510271115,112556.0,112619.0,112556.0,112614.0,66
202510271130,112614.0,112619.0,112571.0,112619.0,229
202510271145,112619.0,112629.0,112585.0,112585.0,214
202510271200,112600.0,112614.0,112585.0,112595.0,315
202510271215,112595.0,112629.0,112590.0,112629.0,414
202510271230,112629.0,112629.0,112600.0,112619.0,573
202510271245,112619.0,112619.0,112590.0,112590.0,474
202510271300,112585.0,112585.0,112551.0,112551.0,169
202510271315,112556.0,112585.0,112542.0,112585.0,688
202510271330,112585.0,112585.0,112537.0,112547.0,566
202510271345,112547.0,112566.0,112508.0,112537.0,331
202510271400,112542.0,112547.0,112469.0,112479.0,1872
202510271415,112498.0,112498.0,112430.0,112469.0,567
202510271430,112469.0,112493.0,112440.0,112450.0,309
202510271445,112450.0,112488.0,112445.0,112445.0,616
202510271500,112445.0,112527.0,112445.0,112479.0,249
202510271515,112464.0,112479.0,112430.0,112430.0,425
202510280900,112392.0,112532.0,112358.0,112532.0,524
202510280915,112513.0,112619.0,112503.0,112590.0,1457
202510280930,112590.0,112609.0,112542.0,112609.0,986
202510280945,112609.0,112638.0,112590.0,112590.0,347
202510281000,112580.0,112580.0,112503.0,112522.0,1058
202510281015,112522.0,112561.0,112474.0,112551.0,883
202510281030,112551.0,112600.0,112532.0,112580.0,250
202510281045,112551.0,112600.0,112503.0,112532.0,397
202510281100,112503.0,112522.0,112474.0,112513.0,402
202510281115,112474.0,112522.0,112464.0,112484.0,213
202510281130,112459.0,112513.0,112455.0,112513.0,189
202510281145,112513.0,112513.0,112464.0,112493.0,252
202510281200,112484.0,112522.0,112474.0,112474.0,391
202510281215,112484.0,112503.0,112469.0,112474.0,204
202510281230,112493.0,112493.0,112387.0,112397.0,716
202510281245,112387.0,112435.0,112348.0,112406.0,1490
202510281300,112406.0,112406.0,112348.0,112377.0,405
202510281315,112377.0,112435.0,112377.0,112430.0,189
202510281330,112406.0,112474.0,112406.0,112445.0,552
202510281345,112445.0,112513.0,112435.0,112484.0,475
202510281400,112503.0,112508.0,112455.0,112464.0,500
202510281415,112484.0,112522.0,112455.0,112493.0,570
202510281430,112469.0,112474.0,112401.0,112445.0,1290
202510281445,112435.0,112542.0,112426.0,112542.0,803
202510281500,112561.0,112648.0,112542.0,112590.0,478
202510281515,112600.0,112677.0,112590.0,112677.0,626
202510290900,112450.0,112455.0,112368.0,112368.0,812
202510290915,112368.0,112368.0,112281.0,112319.0,1433
202510290930,112310.0,112319.0,112261.0,112310.0,359
202510290945,112305.0,112416.0,112305.0,112377.0,790
202510291000,112377.0,112387.0,112329.0,112329.0,385
202510291015,112329.0,112343.0,112300.0,112319.0,392
202510291030,112319.0,112319.0,112252.0,112319.0,970
202510291045,112300.0,112339.0,112300.0,112314.0,360
202510291100,112319.0,112397.0,112310.0,112382.0,981
202510291115,112387.0,112397.0,112348.0,112392.0,240
202510291130,112377.0,112401.0,112368.0,112377.0,217
202510291145,112377.0,112377.0,112329.0,112348.0,173
202510291200,112348.0,112348.0,112339.0,112348.0,79
202510291215,112339.0,112368.0,112310.0,112348.0,415
202510291230,112348.0,112348.0,112310.0,112339.0,251
202510291245,112348.0,112348.0,112300.0,112310.0,384
202510291300,112300.0,112329.0,112281.0,112295.0,120
202510291315,112295.0,112300.0,112252.0,112290.0,645
202510291330,112281.0,112300.0,112194.0,112218.0,459
202510291345,112232.0,112261.0,112223.0,112242.0,389
202510291400,112242.0,112242.0,112203.0,112203.0,536
202510291415,112208.0,112213.0,112155.0,112194.0,732
202510291430,112184.0,112310.0,112155.0,112271.0,857
202510291445,112281.0,112319.0,112203.0,112203.0,578
202510291500,112203.0,112203.0,112111.0,112145.0,736
202510291515,112155.0,112203.0,112136.0,112184.0,76
202510300900,111908.0,111937.0,111768.0,111773.0,8378
202510300915,111797.0,111831.0,111775.0,111831.0,2039
202510300930,111826.0,111957.0,111812.0,111889.0,1917
202510300945,111875.0,111879.0,111773.0,111773.0,1446
202510301000,111768.0,111768.0,111664.0,111734.0,1483
202510301015,111739.0,111744.0,111686.0,111725.0,997
202510301030,111725.0,111754.0,111696.0,111754.0,554
202510301045,111773.0,111792.0,111725.0,111768.0,936
202510301100,111783.0,111831.0,111773.0,111807.0,1626
202510301115,111812.0,111831.0,111763.0,111792.0,2077
202510301130,111778.0,111792.0,111754.0,111754.0,1212
202510301145,111773.0,111783.0,111734.0,111754.0,1097
202510301200,111754.0,111754.0,111725.0,111734.0,1450
202510301215,111744.0,111763.0,111710.0,111725.0,863
202510301230,111705.0,111783.0,111696.0,111783.0,1463
202510301245,111783.0,111797.0,111763.0,111792.0,1151
202510301300,111802.0,111889.0,111744.0,111889.0,1801
202510301315,111908.0,111937.0,111855.0,111899.0,2405
202510301330,111899.0,111899.0,111821.0,111841.0,5059
202510301345,111850.0,111850.0,111812.0,111850.0,3483
202510301400,111850.0,111850.0,111763.0,111802.0,4008
202510301415,111807.0,111817.0,111783.0,111788.0,3507
202510301430,111788.0,111788.0,111744.0,111768.0,4441
202510301445,111759.0,111773.0,111686.0,111691.0,3759
202510301500,111691.0,111734.0,111647.0,111681.0,5085
202510301515,111701.0,111705.0,111618.0,111638.0,448
202510310900,111435.0,111638.0,111415.0,111522.0,5145
202510310915,111551.0,111638.0,111541.0,111638.0,639
202510310930,111638.0,111657.0,111551.0,111604.0,408
202510310945,111609.0,111672.0,111580.0,111662.0,1235
202510311000,111667.0,111676.0,111599.0,111599.0,45310
202510311015,111589.0,111589.0,111478.0,111497.0,372
202510311030,111488.0,111497.0,111377.0,111439.0,387
202510311045,111439.0,111454.0,111343.0,111343.0,705
202510311100,111343.0,111406.0,111343.0,111381.0,449
202510311115,111377.0,111406.0,111343.0,111367.0,237
202510311130,111367.0,111391.0,111323.0,111386.0,381
202510311145,111381.0,111386.0,111357.0,111362.0,689
202510311200,111391.0,111406.0,111377.0,111406.0,122
202510311215,111406.0,111464.0,111396.0,111425.0,233
202510311230,111464.0,111464.0,111425.0,111459.0,128
202510311245,111425.0,111444.0,111367.0,111401.0,241
202510311300,111406.0,111497.0,111396.0,111488.0,530
202510311315,111478.0,111594.0,111478.0,111551.0,455
202510311330,111526.0,111526.0,111468.0,111517.0,1073
202510311345,111522.0,111531.0,111464.0,111473.0,401
202510311400,111497.0,111526.0,111493.0,111526.0,273
202510311415,111522.0,111618.0,111507.0,111618.0,598
202510311430,111638.0,111647.0,111551.0,111551.0,478
202510311445,111565.0,111565.0,111468.0,111468.0,259
202510311500,111473.0,111628.0,111435.0,111613.0,417
202510311515,111613.0,111662.0,111580.0,111580.0,10601
202511030900,111551.0,111551.0,111425.0,111502.0,2726
202511030915,111502.0,111594.0,111502.0,111522.0,1601
202511030930,111522.0,111633.0,111522.0,111628.0,936
202511030945,111618.0,111618.0,111551.0,111560.0,567
202511031000,111560.0,111565.0,111493.0,111565.0,616
202511031015,111565.0,111623.0,111541.0,111599.0,527
202511031030,111599.0,111647.0,111575.0,111594.0,314
202511031045,111594.0,111618.0,111541.0,111565.0,1072
202511031100,111541.0,111560.0,111488.0,111502.0,398
202511031115,111502.0,111526.0,111464.0,111483.0,309
202511031130,111483.0,111493.0,111454.0,111464.0,871
202511031145,111464.0,111522.0,111454.0,111488.0,258
202511031200,111483.0,111502.0,111454.0,111468.0,570
202511031215,111473.0,111483.0,111444.0,111454.0,768
202511031230,111454.0,111459.0,111420.0,111454.0,1448
202511031245,111454.0,111459.0,111425.0,111449.0,826
202511031300,111449.0,111502.0,111449.0,111493.0,521
202511031315,111493.0,111507.0,111464.0,111493.0,1073
202511031330,111493.0,111560.0,111473.0,111517.0,995
202511031345,111517.0,111541.0,111493.0,111493.0,488
202511031400,111497.0,111512.0,111464.0,111493.0,749
202511031415,111483.0,111546.0,111478.0,111536.0,617
202511031430,111536.0,111555.0,111497.0,111536.0,720
202511031445,111536.0,111565.0,111439.0,111459.0,875
202511031500,111459.0,111497.0,111410.0,111410.0,965
202511031515,111410.0,111410.0,111343.0,111362.0,300
202511040900,111029.0,111029.0,110816.0,110816.0,754
202511040915,110835.0,110884.0,110709.0,110743.0,2219
202511040930,110758.0,110855.0,110758.0,110772.0,5299
202511040945,110772.0,110869.0,110753.0,110855.0,476
202511041000,110840.0,110874.0,110792.0,110835.0,1188
202511041015,110840.0,110966.0,110840.0,110937.0,966
202511041030,110956.0,111053.0,110903.0,111033.0,689
202511041045,110975.0,111004.0,110893.0,110937.0,721
202511041100,110946.0,111033.0,110937.0,111014.0,550
202511041115,111014.0,111043.0,110850.0,110966.0,964
202511041130,110956.0,111053.0,110922.0,111014.0,499
202511041145,111014.0,111120.0,111014.0,111062.0,453
202511041200,111062.0,111096.0,111048.0,111062.0,272
202511041215,111091.0,111091.0,111011.0,111011.0,256
202511041230,111011.0,111096.0,111004.0,111019.0,538
202511041245,111004.0,111024.0,110893.0,110917.0,638
202511041300,110917.0,111062.0,110917.0,110995.0,1418
202511041315,110995.0,110995.0,110908.0,110922.0,545
202511041330,110927.0,110995.0,110898.0,110927.0,371
202511041345,110893.0,110985.0,110888.0,110966.0,342
202511041400,110966.0,111014.0,110961.0,110995.0,643
202511041415,111000.0,111198.0,110985.0,111198.0,7049
202511041430,111198.0,111256.0,111120.0,111149.0,378
202511041445,111154.0,111338.0,111154.0,111285.0,374
202511041500,111314.0,111391.0,111280.0,111372.0,1165
202511041515,111381.0,111444.0,111362.0,111444.0,202
202511050900,111299.0,111381.0,111232.0,111338.0,2411
202511050915,111377.0,111377.0,111275.0,111348.0,754
202511050930,111352.0,111372.0,111294.0,111348.0,1089
202511050945,111372.0,111439.0,111348.0,111367.0,587
202511051000,111352.0,111367.0,111241.0,111304.0,452
202511051015,111323.0,111497.0,111309.0,111488.0,522
202511051030,111497.0,111522.0,111410.0,111522.0,347
202511051045,111555.0,111555.0,111449.0,111459.0,538
202511051100,111449.0,111468.0,111410.0,111430.0,1779
202511051115,111439.0,111444.0,111401.0,111401.0,270
202511051130,111430.0,111430.0,111386.0,111386.0,256
202511051145,111381.0,111381.0,111314.0,111352.0,292
202511051200,111352.0,111386.0,111352.0,111357.0,176
202511051215,111357.0,111377.0,111299.0,111309.0,926
202511051230,111309.0,111309.0,111251.0,111251.0,336
202511051245,111236.0,111290.0,111203.0,111261.0,278
202511051300,111261.0,111290.0,111227.0,111270.0,295
202511051315,111270.0,111309.0,111212.0,111309.0,558
202511051330,111309.0,111309.0,111212.0,111280.0,250
202511051345,111261.0,111319.0,111212.0,111290.0,1914
202511051400,111290.0,111328.0,111270.0,111270.0,2162
202511051415,111265.0,111290.0,111207.0,111270.0,2311
202511051430,111251.0,111290.0,111232.0,111241.0,2291
202511051445,111275.0,111309.0,111246.0,111285.0,2462
202511051500,111285.0,111290.0,111120.0,111120.0,3220
202511051515,111145.0,111174.0,111120.0,111174.0,109
202511060900,110821.0,110888.0,110796.0,110855.0,1173
202511060915,110888.0,110888.0,110796.0,110845.0,589
202511060930,110845.0,110845.0,110777.0,110845.0,181
202511060945,110845.0,110845.0,110787.0,110787.0,184
202511061000,110787.0,110816.0,110758.0,110787.0,308
202511061015,110777.0,110777.0,110700.0,110714.0,882
202511061030,110714.0,110758.0,110695.0,110758.0,461
202511061045,110782.0,110796.0,110705.0,110705.0,710
202511061100,110743.0,110758.0,110680.0,110758.0,515
202511061115,110714.0,110758.0,110680.0,110738.0,331
202511061130,110738.0,110748.0,110676.0,110700.0,852
202511061145,110700.0,110719.0,110598.0,110642.0,1004
202511061200,110642.0,110661.0,110598.0,110622.0,413
202511061215,110627.0,110642.0,110598.0,110603.0,487
202511061230,110603.0,110651.0,110560.0,110569.0,621
202511061245,110598.0,110632.0,110569.0,110589.0,456
202511061300,110632.0,110671.0,110511.0,110550.0,647
202511061315,110550.0,110593.0,110531.0,110574.0,427
202511061330,110584.0,110622.0,110521.0,110613.0,514
202511061345,110613.0,110676.0,110531.0,110531.0,659
202511061400,110560.0,110560.0,110492.0,110545.0,492
202511061415,110545.0,110584.0,110492.0,110516.0,688
202511061430,110516.0,110516.0,110381.0,110444.0,2020
202511061445,110463.0,110608.0,110429.0,110579.0,559
202511061500,110579.0,110627.0,110463.0,110540.0,665
202511061515,110511.0,110540.0,110453.0,110540.0,104
202511070900,110540.0,110647.0,110468.0,110579.0,203
202511070915,110589.0,110589.0,110535.0,110579.0,521
202511070930,110579.0,110589.0,110579.0,110589.0,200
202511070945,110608.0,110608.0,110569.0,110569.0,198
202511071000,110569.0,110647.0,110569.0,110647.0,832
202511071015,110613.0,110647.0,110608.0,110637.0,155
202511071030,110637.0,110637.0,110589.0,110589.0,176
202511071045,110603.0,110637.0,110579.0,110579.0,248
202511071100,110579.0,110579.0,110444.0,110463.0,827
202511071115,110446.0,110473.0,110308.0,110473.0,282
202511071130,110473.0,110473.0,110241.0,110342.0,352
202511071145,110357.0,110381.0,110260.0,110270.0,395
202511071200,110381.0,110400.0,110270.0,110395.0,355
202511071215,110400.0,110453.0,110386.0,110434.0,242
202511071230,110415.0,110453.0,110381.0,110415.0,1343
202511071245,110415.0,110415.0,110250.0,110250.0,514
202511071300,110250.0,110318.0,110173.0,110318.0,368
202511071315,110415.0,110415.0,110318.0,110366.0,465
202511071330,110366.0,110429.0,110366.0,110415.0,10554
202511071345,110415.0,110463.0,110395.0,110395.0,568
202511071400,110395.0,110434.0,110260.0,110260.0,17550
202511071415,110260.0,110323.0,110202.0,110323.0,1329
202511071430,110250.0,110332.0,110154.0,110202.0,889
202511071445,110202.0,110352.0,110183.0,110212.0,924
202511071500,110303.0,110303.0,110081.0,110207.0,1025
202511071515,110168.0,110168.0,110004.0,110004.0,530
202511100900,110081.0,110154.0,110076.0,110096.0,368
202511100915,110076.0,110270.0,110076.0,110241.0,846
202511100930,110241.0,110270.0,110163.0,110231.0,1046
202511100945,110221.0,110299.0,110183.0,110192.0,639
202511101000,110197.0,110279.0,110192.0,110279.0,380
202511101015,110279.0,110357.0,110279.0,110342.0,179
202511101030,110337.0,110444.0,110337.0,110395.0,10119
202511101045,110395.0,110405.0,110376.0,110395.0,8353
202511101100,110395.0,110405.0,110318.0,110318.0,6455
202511101115,110357.0,110357.0,110318.0,110318.0,5051
202511101130,110313.0,110318.0,110289.0,110299.0,740
202511101145,110299.0,110381.0,110299.0,110361.0,225
202511101200,110361.0,110361.0,110299.0,110299.0,1530
202511101215,110299.0,110299.0,110250.0,110260.0,151
202511101230,110260.0,110260.0,110122.0,110125.0,576
202511101245,110129.0,110192.0,110125.0,110125.0,4992
202511101300,110125.0,110221.0,110120.0,110187.0,1116
202511101315,110192.0,110221.0,110168.0,110197.0,1698
202511101330,110202.0,110202.0,110004.0,110004.0,1244
202511101345,110004.0,110071.0,109931.0,109955.0,561
202511101400,109960.0,110004.0,109912.0,109912.0,1907
202511101415,109946.0,110013.0,109878.0,109883.0,276
202511101430,109878.0,109970.0,109878.0,109970.0,497
202511101445,109955.0,110033.0,109926.0,109946.0,291
202511101500,109965.0,110023.0,109897.0,109965.0,479
202511101515,109994.0,110134.0,109994.0,110134.0,187
202511110900,110289.0,110289.0,110173.0,110212.0,1680
202511110915,110183.0,110270.0,110173.0,110241.0,1598
202511110930,110241.0,110299.0,110202.0,110279.0,476
202511110945,110236.0,110241.0,110110.0,110134.0,1326
202511111000,110134.0,110231.0,110134.0,110231.0,378
202511111015,110270.0,110270.0,110173.0,110183.0,447
202511111030,110183.0,110216.0,110134.0,110202.0,1107
202511111045,110202.0,110279.0,110192.0,110241.0,756
202511111100,110241.0,110366.0,110241.0,110328.0,304
202511111115,110337.0,110395.0,110337.0,110366.0,508
202511111130,110366.0,110395.0,110347.0,110366.0,366
202511111145,110366.0,110453.0,110366.0,110395.0,2629
202511111200,110415.0,110434.0,110342.0,110342.0,335
202511111215,110347.0,110395.0,110289.0,110318.0,1267
202511111230,110318.0,110357.0,110299.0,110299.0,1422
202511111245,110328.0,110419.0,110328.0,110376.0,726
202511111300,110405.0,110463.0,110386.0,110415.0,681
202511111315,110405.0,110511.0,110405.0,110463.0,349
202511111330,110444.0,110463.0,110395.0,110395.0,608
202511111345,110434.0,110482.0,110386.0,110405.0,457
202511111400,110410.0,110419.0,110347.0,110347.0,411
202511111415,110357.0,110386.0,110289.0,110289.0,606
202511111430,110299.0,110337.0,110279.0,110299.0,251
202511111445,110308.0,110366.0,110274.0,110347.0,257
202511111500,110366.0,110424.0,110328.0,110376.0,409
202511111515,110415.0,110415.0,110284.0,110284.0,36
202511120900,110376.0,110386.0,110279.0,110299.0,398
202511120915,110308.0,110308.0,110221.0,110226.0,510
202511120930,110226.0,110270.0,110187.0,110202.0,352
202511120945,110187.0,110270.0,110154.0,110216.0,1737
202511121000,110216.0,110245.0,110163.0,110163.0,289
202511121015,110192.0,110221.0,110154.0,110163.0,715
202511121030,110163.0,110163.0,110086.0,110086.0,434
202511121045,110086.0,110154.0,110076.0,110105.0,299
202511121100,110100.0,110100.0,110062.0,110062.0,422
202511121115,110062.0,110173.0,110047.0,110154.0,411
202511121130,110105.0,110183.0,110105.0,110134.0,639
202511121145,110134.0,110183.0,110067.0,110076.0,504
202511121200,110067.0,110067.0,109994.0,110013.0,530
202511121215,110004.0,110038.0,109989.0,109989.0,398
202511121230,109984.0,110004.0,109960.0,109970.0,666
202511121245,109980.0,110004.0,109965.0,109984.0,442
202511121300,109965.0,110057.0,109965.0,109980.0,524
202511121315,109980.0,110047.0,109960.0,110028.0,1505
202511121330,110028.0,110076.0,110009.0,110047.0,734
202511121345,110047.0,110076.0,109999.0,109999.0,1377
202511121400,109994.0,109994.0,109781.0,109892.0,1838
202511121415,109892.0,109926.0,109820.0,109917.0,588
202511121430,109878.0,109897.0,109752.0,109752.0,406
202511121445,109757.0,109757.0,109511.0,109598.0,593
202511121500,109598.0,109656.0,109525.0,109549.0,562
202511121515,109540.0,109544.0,109395.0,109395.0,483
202511130945,109810.0,109888.0,109801.0,109801.0,207
202511131000,109815.0,109834.0,109685.0,109820.0,1466
202511131015,109825.0,109854.0,109743.0,109834.0,1452
202511131030,109854.0,110004.0,109830.0,110004.0,1329
202511131045,110004.0,110110.0,109980.0,110042.0,2116
202511131100,110052.0,110110.0,109994.0,109994.0,1933
202511131115,109994.0,109994.0,109955.0,109975.0,323
202511131130,109975.0,110013.0,109941.0,110013.0,398
202511131145,110013.0,110071.0,110009.0,110071.0,73
202511131200,110071.0,110071.0,109994.0,110004.0,482
202511131215,109994.0,110105.0,109989.0,110081.0,1281
202511131230,110071.0,110091.0,109994.0,110057.0,359
202511131245,110062.0,110125.0,110009.0,110013.0,405
202511131300,110052.0,110173.0,110023.0,110168.0,440
202511131315,110158.0,110158.0,110086.0,110139.0,424
202511131330,110139.0,110139.0,110033.0,110038.0,449
202511131345,110052.0,110052.0,109888.0,109955.0,1394
202511131400,109955.0,110042.0,109931.0,110013.0,665
202511131415,110009.0,110052.0,109951.0,110028.0,583
202511131430,110023.0,110062.0,109946.0,109984.0,702
202511131445,109975.0,109984.0,109796.0,109839.0,962
202511131500,109849.0,109897.0,109752.0,109762.0,688
202511131515,109767.0,109839.0,109747.0,109820.0,344
202511140900,109535.0,109535.0,109380.0,109438.0,940
202511140915,109457.0,109631.0,109457.0,109602.0,448
202511140930,109593.0,109602.0,109448.0,109448.0,1060
202511140945,109462.0,109462.0,109337.0,109366.0,1276
202511141000,109366.0,109399.0,109283.0,109317.0,890
202511141015,109346.0,109356.0,109216.0,109250.0,626
202511141030,109250.0,109269.0,109134.0,109153.0,1168
202511141045,109201.0,109269.0,109129.0,109153.0,2559
202511141100,109182.0,109235.0,109085.0,109134.0,413
202511141115,109134.0,109245.0,109100.0,109206.0,831
202511141130,109196.0,109327.0,109032.0,109298.0,1217
202511141145,109322.0,109462.0,109322.0,109351.0,1573
202511141200,109361.0,109399.0,109341.0,109361.0,277
202511141215,109332.0,109370.0,109312.0,109351.0,324
202511141230,109351.0,109409.0,109303.0,109395.0,414
202511141245,109366.0,109399.0,109303.0,109332.0,371
202511141300,109332.0,109544.0,109332.0,109544.0,524
202511141315,109598.0,109598.0,109462.0,109520.0,517
202511141330,109496.0,109535.0,109467.0,109535.0,333
202511141345,109530.0,109598.0,109530.0,109569.0,563
202511141400,109593.0,109602.0,109467.0,109501.0,403
202511141415,109486.0,109496.0,109390.0,109428.0,567
202511141430,109424.0,109448.0,109370.0,109428.0,374
202511141445,109428.0,109428.0,109254.0,109317.0,524
202511141500,109317.0,109467.0,109235.0,109428.0,1077
202511141515,109404.0,109404.0,109370.0,109380.0,271
202511170900,109119.0,109254.0,109119.0,109221.0,1204
202511170915,109211.0,109211.0,109129.0,109192.0,1089
202511170930,109192.0,109235.0,109187.0,109196.0,760
202511170945,109211.0,109211.0,109134.0,109187.0,1355
202511171000,109187.0,109293.0,109177.0,109274.0,368
202511171015,109274.0,109448.0,109259.0,109448.0,565
202511171030,109448.0,109496.0,109419.0,109486.0,403
202511171045,109482.0,109506.0,109424.0,109438.0,430
202511171100,109448.0,109515.0,109448.0,109462.0,129
202511171115,109462.0,109486.0,109433.0,109486.0,454
202511171130,109486.0,109578.0,109486.0,109515.0,232
202511171145,109554.0,109583.0,109520.0,109520.0,108
202511171200,109520.0,109554.0,109511.0,109515.0,111
202511171215,109520.0,109520.0,109496.0,109501.0,79
202511171230,109501.0,109501.0,109467.0,109467.0,198
202511171245,109472.0,109506.0,109438.0,109506.0,270
202511171300,109506.0,109622.0,109506.0,109602.0,500
202511171315,109631.0,109631.0,109554.0,109583.0,75
202511171330,109573.0,109588.0,109525.0,109530.0,74
202511171345,109554.0,109554.0,109462.0,109462.0,99
202511171400,109462.0,109496.0,109453.0,109477.0,106
202511171415,109467.0,109477.0,109390.0,109395.0,599
202511171430,109390.0,109457.0,109390.0,109419.0,2199
202511171445,109419.0,109467.0,109419.0,109457.0,255
202511171500,109457.0,109544.0,109448.0,109457.0,217
202511171515,109457.0,109535.0,109453.0,109535.0,82
202511180900,109385.0,109385.0,109303.0,109303.0,634
202511180915,109385.0,109482.0,109366.0,109482.0,592
202511180930,109482.0,109520.0,109375.0,109414.0,272
202511180945,109419.0,109433.0,109346.0,109375.0,216
202511181000,109370.0,109544.0,109366.0,109535.0,107
202511181015,109535.0,109622.0,109535.0,109593.0,547
202511181030,109578.0,109593.0,109535.0,109535.0,283
202511181045,109535.0,109573.0,109496.0,109564.0,238
202511181100,109564.0,109670.0,109544.0,109598.0,201
202511181115,109598.0,109622.0,109564.0,109622.0,1205
202511181130,109578.0,109651.0,109573.0,109631.0,166
202511181145,109588.0,109747.0,109588.0,109714.0,203
202511181200,109714.0,109752.0,109680.0,109709.0,1083
202511181215,109685.0,109728.0,109680.0,109714.0,472
202511181230,109699.0,109776.0,109680.0,109776.0,296
202511181245,109733.0,109863.0,109718.0,109815.0,351
202511181300,109863.0,109931.0,109834.0,109873.0,237
202511181315,109878.0,109970.0,109873.0,109902.0,700
202511181330,109951.0,109951.0,109868.0,109892.0,2165
202511181345,109863.0,109931.0,109834.0,109873.0,2954
202511181400,109834.0,109912.0,109801.0,109805.0,1600
202511181415,109834.0,109854.0,109757.0,109781.0,2502
202511181430,109781.0,109873.0,109776.0,109781.0,1891
202511181445,109786.0,109844.0,109776.0,109810.0,1525
202511181500,109810.0,109921.0,109810.0,109912.0,1683
202511181515,109902.0,109931.0,109844.0,109844.0,370
202511190900,109776.0,109883.0,109776.0,109863.0,433
202511190915,109854.0,109854.0,109651.0,109651.0,824
202511190930,109651.0,109651.0,109564.0,109631.0,351
202511190945,109631.0,109680.0,109593.0,109617.0,589
202511191000,109617.0,109646.0,109583.0,109622.0,198
202511191015,109622.0,109641.0,109554.0,109564.0,332
202511191030,109583.0,109680.0,109578.0,109636.0,337
202511191045,109631.0,109689.0,109602.0,109651.0,443
202511191100,109651.0,109718.0,109641.0,109670.0,442
202511191115,109680.0,109699.0,109656.0,109694.0,534
202511191130,109694.0,109699.0,109670.0,109694.0,305
202511191145,109670.0,109670.0,109622.0,109670.0,1057
202511191200,109631.0,109631.0,109607.0,109607.0,119
202511191215,109612.0,109641.0,109602.0,109622.0,911
202511191230,109602.0,109607.0,109583.0,109607.0,474
202511191245,109627.0,109709.0,109627.0,109699.0,1053
202511191300,109680.0,109776.0,109680.0,109718.0,1101
202511191315,109762.0,109776.0,109675.0,109728.0,1006
202511191330,109718.0,109752.0,109689.0,109752.0,923
202511191345,109728.0,109825.0,109699.0,109709.0,1118
202511191400,109752.0,109757.0,109665.0,109689.0,1739
202511191415,109689.0,109709.0,109593.0,109651.0,3074
202511191430,109651.0,109699.0,109622.0,109660.0,2194
202511191445,109656.0,109699.0,109617.0,109631.0,3122
202511191500,109641.0,109747.0,109641.0,109738.0,2148
202511191515,109680.0,109767.0,109680.0,109767.0,139
202511200900,109602.0,109670.0,109583.0,109660.0,1359
202511200915,109651.0,109718.0,109617.0,109709.0,614
202511200930,109709.0,109757.0,109689.0,109714.0,300
202511200945,109718.0,109767.0,109689.0,109728.0,782
202511201000,109738.0,109767.0,109718.0,109738.0,177
202511201015,109767.0,109796.0,109670.0,109670.0,324
202511201030,109670.0,109718.0,109670.0,109714.0,253
202511201045,109723.0,109757.0,109699.0,109728.0,372
202511201100,109728.0,109757.0,109718.0,109757.0,126
202511201115,109747.0,109747.0,109660.0,109718.0,173
202511201130,109718.0,109718.0,109670.0,109699.0,152
202511201145,109699.0,109709.0,109670.0,109675.0,341
202511201200,109675.0,109680.0,109660.0,109660.0,709
202511201215,109660.0,109660.0,109631.0,109641.0,182
202511201230,109641.0,109651.0,109578.0,109583.0,250
202511201245,109564.0,109593.0,109544.0,109593.0,1004
202511201300,109622.0,109631.0,109602.0,109612.0,198
202511201315,109627.0,109660.0,109612.0,109646.0,552
202511201330,109641.0,109680.0,109622.0,109680.0,166
202511201345,109651.0,109694.0,109622.0,109622.0,313
202511201400,109617.0,109617.0,109554.0,109564.0,289
202511201415,109583.0,109622.0,109554.0,109598.0,573
202511201430,109598.0,109612.0,109564.0,109573.0,525
202511201445,109573.0,109598.0,109525.0,109525.0,315
202511201500,109535.0,109535.0,109404.0,109438.0,634
202511201515,109433.0,109457.0,109409.0,109409.0,50
202511210900,109714.0,109772.0,109694.0,109772.0,970
202511210915,109772.0,109810.0,109694.0,109704.0,955
202511210930,109704.0,109743.0,109656.0,109709.0,471
202511210945,109747.0,109781.0,109733.0,109762.0,688
202511211000,109762.0,109767.0,109714.0,109728.0,175
202511211015,109723.0,109728.0,109656.0,109685.0,383
202511211030,109660.0,109714.0,109631.0,109714.0,218
202511211045,109685.0,109752.0,109675.0,109733.0,151
202511211100,109733.0,109776.0,109733.0,109776.0,151
202511211115,109776.0,109776.0,109743.0,109776.0,584
202511211130,109776.0,109776.0,109743.0,109772.0,108
202511211145,109772.0,109776.0,109743.0,109772.0,195
202511211200,109772.0,109786.0,109767.0,109786.0,236
202511211215,109786.0,109878.0,109781.0,109859.0,371
202511211230,109810.0,109849.0,109762.0,109810.0,109
202511211245,109810.0,109810.0,109762.0,109762.0,1490
202511211300,109762.0,109801.0,109762.0,109801.0,171
202511211315,109796.0,109796.0,109704.0,109752.0,832
202511211330,109743.0,109912.0,109716.0,109878.0,823
202511211345,109912.0,109912.0,109849.0,109859.0,138
202511211400,109907.0,109936.0,109830.0,109859.0,710
202511211415,109854.0,109907.0,109834.0,109907.0,456
202511211430,109907.0,109907.0,109815.0,109859.0,405
202511211445,109859.0,109936.0,109825.0,109892.0,470
202511211500,109892.0,109897.0,109820.0,109878.0,323
202511211515,109888.0,109926.0,109878.0,109926.0,405
202511240900,109868.0,109946.0,109868.0,109926.0,397
202511240915,109965.0,110120.0,109965.0,110120.0,876
202511240930,110100.0,110110.0,110042.0,110057.0,521
202511240945,110057.0,110057.0,110004.0,110004.0,553
202511241000,110004.0,110047.0,109984.0,110038.0,307
202511241015,110038.0,110139.0,110013.0,110100.0,677
202511241030,110100.0,110129.0,110042.0,110129.0,584
202511241045,110129.0,110129.0,110013.0,110028.0,224
202511241100,110023.0,110067.0,109980.0,109980.0,244
202511241115,110004.0,110004.0,109936.0,109936.0,228
202511241130,109936.0,109994.0,109936.0,109994.0,204
202511241145,109994.0,109994.0,109955.0,109965.0,111
202511241200,109965.0,109994.0,109965.0,109994.0,20
202511241215,109989.0,109989.0,109965.0,109965.0,243
202511241230,109980.0,109980.0,109960.0,109970.0,398
202511241245,109975.0,109975.0,109888.0,109907.0,374
202511241300,109907.0,109936.0,109883.0,109907.0,400
202511241315,109907.0,109907.0,109854.0,109854.0,254
202511241330,109854.0,109888.0,109854.0,109878.0,112
202511241345,109878.0,109878.0,109849.0,109868.0,179
202511241400,109868.0,109873.0,109834.0,109834.0,276
202511241415,109839.0,109839.0,109757.0,109767.0,414
202511241430,109767.0,109859.0,109757.0,109830.0,287
202511241445,109825.0,109868.0,109805.0,109844.0,725
202511241500,109839.0,109849.0,109762.0,109805.0,339
202511241515,109815.0,109825.0,109728.0,109728.0,250
202511250900,110009.0,110081.0,109984.0,110057.0,119
202511250915,110054.0,110110.0,110023.0,110110.0,541
202511250930,110100.0,110125.0,110071.0,110120.0,261
202511250945,110120.0,110173.0,110091.0,110158.0,842
202511251000,110158.0,110212.0,110134.0,110158.0,143
202511251015,110154.0,110158.0,110125.0,110158.0,303
202511251030,110158.0,110207.0,110129.0,110178.0,316
202511251045,110187.0,110197.0,110033.0,110042.0,184
202511251100,110076.0,110081.0,110028.0,110062.0,467
202511251115,110062.0,110071.0,109965.0,109965.0,123
202511251130,110013.0,110023.0,109965.0,110004.0,585
202511251145,110004.0,110004.0,109980.0,109980.0,138
202511251200,109994.0,110004.0,109859.0,109907.0,204
202511251215,109907.0,109946.0,109878.0,109946.0,155
202511251230,109946.0,109994.0,109946.0,109955.0,106
202511251245,109994.0,109994.0,109936.0,109965.0,300
202511251300,109980.0,109994.0,109936.0,109965.0,135
202511251315,109975.0,110033.0,109960.0,109960.0,228
202511251330,109984.0,110042.0,109902.0,109902.0,479
202511251345,109902.0,109955.0,109888.0,109907.0,78
202511251400,109917.0,109955.0,109878.0,109897.0,100
202511251415,109907.0,109917.0,109868.0,109897.0,61
202511251430,109912.0,109936.0,109868.0,109892.0,95
202511251445,109892.0,109892.0,109801.0,109830.0,152
202511251500,109830.0,109936.0,109830.0,109936.0,191
202511251515,109931.0,109965.0,109912.0,109965.0,215
202511260900,110028.0,110042.0,109975.0,110042.0,574
202511260915,110042.0,110110.0,110004.0,110091.0,738
202511260930,110091.0,110139.0,110071.0,110125.0,595
202511260945,110139.0,110144.0,110071.0,110120.0,566
202511261000,110129.0,110154.0,110052.0,110100.0,954
202511261015,110096.0,110216.0,110062.0,110216.0,370
202511261030,110158.0,110241.0,110158.0,110207.0,481
202511261045,110192.0,110226.0,110158.0,110158.0,378
202511261100,110158.0,110270.0,110149.0,110245.0,274
202511261115,110221.0,110255.0,110187.0,110226.0,330
202511261130,110226.0,110236.0,110197.0,110207.0,394
202511261145,110221.0,110231.0,110207.0,110212.0,287
202511261200,110212.0,110279.0,110212.0,110260.0,356
202511261215,110260.0,110294.0,110245.0,110279.0,390
202511261230,110294.0,110308.0,110260.0,110289.0,240
202511261245,110289.0,110289.0,110221.0,110221.0,400
202511261300,110221.0,110260.0,110212.0,110212.0,228
202511261315,110212.0,110212.0,110187.0,110187.0,350
202511261330,110187.0,110212.0,110173.0,110212.0,247
202511261345,110187.0,110226.0,110149.0,110168.0,4218
202511261400,110207.0,110207.0,110149.0,110149.0,4432
202511261415,110154.0,110192.0,110110.0,110144.0,4449
202511261430,110144.0,110187.0,110110.0,110134.0,4087
202511261445,110178.0,110216.0,110110.0,110139.0,4563
202511261500,110178.0,110318.0,110071.0,110294.0,3872
202511261515,110299.0,110299.0,110071.0,110100.0,562
202511270900,110274.0,110279.0,110245.0,110260.0,258
202511270915,110260.0,110260.0,110202.0,110241.0,691
202511270930,110250.0,110250.0,110129.0,110163.0,343
202511270945,110158.0,110173.0,109931.0,109931.0,753
202511271000,109946.0,109975.0,109815.0,109825.0,298
202511271015,109825.0,109980.0,109757.0,109980.0,303
202511271030,109980.0,109994.0,109854.0,109912.0,773
202511271045,109883.0,109883.0,109738.0,109738.0,130
202511271100,109728.0,109786.0,109728.0,109733.0,163
202511271115,109786.0,109786.0,109641.0,109728.0,470
202511271130,109685.0,109718.0,109622.0,109641.0,730
202511271145,109641.0,109641.0,109506.0,109593.0,651
202511271200,109602.0,109602.0,109433.0,109443.0,479
202511271215,109443.0,109443.0,109351.0,109366.0,182
202511271230,109351.0,109385.0,109308.0,109385.0,280
202511271245,109385.0,109385.0,109288.0,109308.0,113
202511271300,109308.0,109366.0,109308.0,109308.0,261
202511271315,109308.0,109375.0,109254.0,109346.0,425
202511271330,109424.0,109433.0,109385.0,109404.0,2241
202511271345,109404.0,109404.0,109317.0,109375.0,6938
202511271400,109361.0,109511.0,109298.0,109404.0,6420
202511271415,109366.0,109414.0,109225.0,109259.0,6711
202511271430,109235.0,109346.0,109206.0,109346.0,3991
202511271445,109346.0,109366.0,109264.0,109293.0,628
202511271500,109274.0,109303.0,109235.0,109245.0,1253
202511271515,109240.0,109274.0,109240.0,109274.0,197
202511280900,109288.0,109395.0,109279.0,109298.0,833
202511280915,109346.0,109414.0,109288.0,109308.0,809
202511280930,109308.0,109337.0,109230.0,109298.0,975
202511280945,109317.0,109317.0,109235.0,109269.0,963
202511281000,109269.0,109308.0,109221.0,109240.0,382
202511281015,109221.0,109230.0,108959.0,109017.0,652
202511281030,109017.0,109095.0,108964.0,108964.0,257
202511281045,108979.0,109017.0,108868.0,108911.0,343
202511281100,108911.0,108950.0,108723.0,108742.0,444
202511281115,108766.0,108781.0,108684.0,108781.0,222
202511281130,108781.0,108998.0,108742.0,108950.0,303
202511281145,108959.0,109027.0,108945.0,109008.0,402
202511281200,109017.0,109085.0,109008.0,109056.0,167
202511281215,109080.0,109182.0,109056.0,109163.0,192
202511281230,109134.0,109211.0,109124.0,109124.0,197
202511281245,109119.0,109332.0,109095.0,109269.0,316
202511281300,109250.0,109317.0,109172.0,109201.0,221
202511281315,109201.0,109356.0,109172.0,109288.0,261
202511281330,109279.0,109385.0,109279.0,109385.0,499
202511281345,109395.0,109453.0,109356.0,109453.0,201
202511281400,109414.0,109496.0,109414.0,109482.0,470
202511281415,109438.0,109530.0,109433.0,109530.0,210
202511281430,109515.0,109588.0,109501.0,109520.0,186
202511281445,109520.0,109540.0,109433.0,109467.0,889
202511281500,109467.0,109491.0,109254.0,109254.0,2932
202511281515,109245.0,109288.0,109245.0,109288.0,122
202512010900,109235.0,109370.0,109221.0,109303.0,402
202512010915,109283.0,109283.0,109167.0,109216.0,1113
202512010930,109216.0,109312.0,109216.0,109293.0,564
202512010945,109293.0,109375.0,109206.0,109206.0,497
202512011000,109206.0,109235.0,109158.0,109196.0,152
202512011015,109196.0,109196.0,109080.0,109119.0,280
202512011030,109119.0,109138.0,109080.0,109138.0,274
202512011045,109129.0,109158.0,108984.0,108984.0,398
202512011100,108974.0,108984.0,108926.0,108964.0,255
202512011115,108926.0,108926.0,108887.0,108926.0,289
202512011130,108930.0,108974.0,108887.0,108930.0,617
202512011145,108887.0,108926.0,108877.0,108877.0,384
202512011200,108877.0,108887.0,108853.0,108877.0,74
202512011215,108877.0,108887.0,108829.0,108887.0,146
202512011230,108887.0,108926.0,108848.0,108926.0,208
202512011245,108964.0,108974.0,108906.0,108926.0,629
202512011300,108926.0,108974.0,108926.0,108974.0,120
202512011315,108955.0,108974.0,108834.0,108887.0,711
202512011330,108868.0,108877.0,108781.0,108781.0,610
202512011345,108795.0,108858.0,108795.0,108810.0,417
202512011400,108810.0,108916.0,108795.0,108916.0,806
202512011415,108916.0,108935.0,108848.0,108926.0,147
202512011430,108926.0,108945.0,108897.0,108906.0,290
202512011445,108935.0,108988.0,108906.0,108916.0,526
202512011500,108926.0,108930.0,108848.0,108848.0,264
202512011515,108853.0,108887.0,108853.0,108887.0,107
202512020900,108781.0,108964.0,108742.0,108945.0,601
202512020915,108916.0,109013.0,108882.0,108945.0,5633
202512020930,108897.0,108974.0,108887.0,108974.0,6601
202512020945,108974.0,109090.0,108974.0,109032.0,427
202512021000,109042.0,109129.0,109032.0,109071.0,3485
202512021015,109071.0,109148.0,109022.0,109109.0,1178
202512021030,109148.0,109187.0,109100.0,109187.0,1562
202512021045,109187.0,109225.0,109129.0,109138.0,549
202512021100,109138.0,109172.0,109022.0,109119.0,487
202512021115,109085.0,109196.0,109032.0,109177.0,1091
202512021130,109177.0,109206.0,109042.0,109061.0,434
202512021145,109061.0,109187.0,109061.0,109129.0,713
202512021200,109138.0,109206.0,109119.0,109196.0,1044
202512021215,109196.0,109254.0,109196.0,109254.0,490
202512021230,109245.0,109245.0,109177.0,109225.0,842
202512021245,109235.0,109245.0,109138.0,109138.0,284
202512021300,109138.0,109216.0,109138.0,109206.0,349
202512021315,109235.0,109254.0,109187.0,109245.0,424
202512021330,109245.0,109327.0,109221.0,109221.0,340
202512021345,109221.0,109235.0,109158.0,109158.0,770
202512021400,109148.0,109196.0,109119.0,109177.0,287
202512021415,109187.0,109201.0,109129.0,109187.0,388
202512021430,109187.0,109235.0,109148.0,109235.0,687
202512021445,109245.0,109259.0,109206.0,109206.0,432
202512021500,109225.0,109235.0,109177.0,109206.0,587
202512021515,109196.0,109216.0,109148.0,109148.0,115
202512030900,109105.0,109172.0,109046.0,109114.0,806
202512030915,109153.0,109153.0,109042.0,109109.0,1509
202512030930,109109.0,109216.0,109100.0,109114.0,14969
202512030945,109114.0,109143.0,109046.0,109105.0,1192
202512031000,109105.0,109182.0,109066.0,109066.0,660
202512031015,109100.0,109100.0,109022.0,109027.0,342
202512031030,109022.0,109046.0,108969.0,109046.0,172
202512031045,109051.0,109061.0,108959.0,108959.0,238
202512031100,108955.0,108984.0,108853.0,108892.0,1087
202512031115,108892.0,108911.0,108848.0,108906.0,547
202512031130,108906.0,108906.0,108834.0,108834.0,194
202512031145,108814.0,108853.0,108771.0,108790.0,123
202512031200,108785.0,108790.0,108771.0,108781.0,164
202512031215,108785.0,108814.0,108771.0,108814.0,158
202512031230,108810.0,108810.0,108742.0,108766.0,836
202512031245,108761.0,108771.0,108723.0,108723.0,81
202512031300,108742.0,108814.0,108723.0,108810.0,284
202512031315,108810.0,108848.0,108795.0,108848.0,431
202512031330,108853.0,108911.0,108819.0,108819.0,1775
202512031345,108848.0,108950.0,108795.0,108872.0,6150
202512031400,108872.0,108906.0,108756.0,108810.0,2841
202512031415,108805.0,108805.0,108694.0,108727.0,2749
202512031430,108727.0,108853.0,108723.0,108829.0,2872
202512031445,108819.0,108906.0,108819.0,108839.0,2508
202512031500,108887.0,108945.0,108839.0,108926.0,2843
202512031515,108926.0,108926.0,108839.0,108839.0,673
202512040900,109148.0,109187.0,108926.0,108926.0,105
202512040915,108897.0,108945.0,108858.0,108897.0,216
202512040930,108906.0,108955.0,108752.0,108800.0,578
202512040945,108752.0,108819.0,108732.0,108761.0,86
202512041000,108781.0,108868.0,108781.0,108868.0,353
202512041015,108819.0,108974.0,108819.0,108935.0,118
202512041030,108935.0,109013.0,108892.0,109013.0,138
202512041045,108993.0,108993.0,108926.0,108926.0,91
202512041100,108916.0,109032.0,108906.0,109008.0,288
202512041115,108955.0,109013.0,108955.0,108993.0,109
202512041130,108979.0,109003.0,108935.0,108979.0,117
202512041145,108993.0,109051.0,108945.0,109022.0,719
202512041200,109022.0,109119.0,109022.0,109119.0,542
202512041215,109158.0,109216.0,109158.0,109167.0,49
202512041230,109163.0,109211.0,109134.0,109211.0,90
202512041245,109211.0,109211.0,109134.0,109134.0,87
202512041300,109172.0,109221.0,109138.0,109167.0,143
202512041315,109167.0,109288.0,109143.0,109279.0,229
202512041330,109240.0,109279.0,109196.0,109221.0,61
202512041345,109240.0,109240.0,109095.0,109095.0,93
202512041400,109095.0,109182.0,109085.0,109134.0,54
202512041415,109163.0,109163.0,109051.0,109090.0,328
202512041430,109090.0,109134.0,109080.0,109080.0,73
202512041445,109085.0,109134.0,109061.0,109085.0,145
202512041500,109119.0,109196.0,109119.0,109196.0,170
202512041515,109206.0,109206.0,109158.0,109158.0,149
202512050900,109013.0,109148.0,108984.0,108984.0,2947
202512050915,108993.0,109187.0,108964.0,109177.0,921
202512050930,109187.0,109264.0,109129.0,109221.0,870
202512050945,109221.0,109274.0,109196.0,109206.0,912
202512051000,109206.0,109254.0,109177.0,109235.0,711
202512051015,109235.0,109351.0,109225.0,109332.0,709
202512051030,109332.0,109380.0,109303.0,109341.0,1433
202512051045,109332.0,109341.0,109235.0,109254.0,940
202512051100,109254.0,109293.0,109192.0,109283.0,832
202512051115,109283.0,109303.0,109240.0,109259.0,855
202512051130,109274.0,109274.0,109206.0,109254.0,695
202512051145,109254.0,109274.0,109216.0,109274.0,736
202512051200,109274.0,109274.0,109216.0,109216.0,262
202512051215,109235.0,109235.0,109196.0,109206.0,186
202512051230,109206.0,109235.0,109196.0,109206.0,102
202512051245,109230.0,109274.0,109206.0,109235.0,187
202512051300,109245.0,109274.0,109225.0,109225.0,253
202512051315,109254.0,109274.0,109187.0,109196.0,598
202512051330,109182.0,109182.0,109061.0,109090.0,274
202512051345,109158.0,109158.0,109095.0,109109.0,218
202512051400,109138.0,109187.0,109080.0,109080.0,91
202512051415,109090.0,109177.0,109061.0,109167.0,165
202512051430,109158.0,109177.0,109116.0,109129.0,165
202512051445,109129.0,109177.0,109109.0,109119.0,576
202512051500,109158.0,109167.0,109100.0,109109.0,186
202512051515,109148.0,109158.0,109109.0,109148.0,153
202512080900,109046.0,109071.0,108964.0,109071.0,343
202512080915,109080.0,109201.0,109051.0,109187.0,479
202512080930,109187.0,109206.0,109124.0,109206.0,938
202512080945,109206.0,109206.0,109100.0,109100.0,432
202512081000,109129.0,109192.0,109105.0,109192.0,126
202512081015,109158.0,109254.0,109153.0,109240.0,2241
202512081030,109240.0,109240.0,109071.0,109100.0,213
202512081045,109085.0,109100.0,109051.0,109051.0,4360
202512081100,109090.0,109100.0,109061.0,109100.0,949
202512081115,109100.0,109100.0,109061.0,109090.0,433
202512081130,109051.0,109148.0,109046.0,109138.0,3422
202512081145,109138.0,109158.0,109032.0,109080.0,358
202512081200,109080.0,109080.0,109027.0,109027.0,168
202512081215,109042.0,109071.0,109013.0,109032.0,400
202512081230,109013.0,109032.0,109003.0,109008.0,165
202512081245,109013.0,109022.0,108926.0,108955.0,496
202512081300,108955.0,109071.0,108955.0,109046.0,128
202512081315,109046.0,109046.0,109003.0,109022.0,67
202512081330,109022.0,109051.0,109003.0,109017.0,704
202512081345,109013.0,109032.0,108930.0,108979.0,1998
202512081400,108984.0,109032.0,108926.0,109008.0,5172
202512081415,109008.0,109109.0,109008.0,109076.0,8815
202512081430,109076.0,109090.0,109013.0,109037.0,2521
202512081445,109037.0,109076.0,109008.0,109008.0,2241
202512081500,109017.0,109022.0,108955.0,108955.0,1791
202512081515,109013.0,109013.0,108916.0,108916.0,316
202512090900,108993.0,108993.0,108916.0,108916.0,159
202512090915,108906.0,108955.0,108853.0,108868.0,1245
202512090930,108868.0,108868.0,108771.0,108771.0,297
202512090945,108766.0,108810.0,108732.0,108761.0,134
202512091000,108761.0,108906.0,108761.0,108906.0,68
202512091015,108892.0,108916.0,108848.0,108887.0,385
202512091030,108887.0,108887.0,108781.0,108819.0,608
202512091045,108858.0,108858.0,108810.0,108810.0,65
202512091100,108810.0,108839.0,108752.0,108771.0,245
202512091115,108732.0,108742.0,108694.0,108708.0,457
202512091130,108708.0,108761.0,108694.0,108713.0,197
202512091145,108732.0,108781.0,108732.0,108732.0,64
202512091200,108771.0,108771.0,108732.0,108742.0,102
202512091215,108742.0,108771.0,108732.0,108771.0,293
202512091230,108800.0,108800.0,108723.0,108790.0,119
202512091245,108790.0,108829.0,108781.0,108781.0,168
202512091300,108824.0,108887.0,108718.0,108718.0,260
202512091315,108742.0,108742.0,108587.0,108616.0,354
202512091330,108626.0,108645.0,108553.0,108616.0,489
202512091345,108607.0,108616.0,108384.0,108384.0,459
202512091400,108476.0,108486.0,108428.0,108437.0,95
202512091415,108437.0,108437.0,108341.0,108341.0,247
202512091430,108336.0,108336.0,108239.0,108273.0,674
202512091445,108259.0,108442.0,108244.0,108404.0,469
202512091500,108399.0,108505.0,108350.0,108505.0,538
202512091515,108505.0,108534.0,108505.0,108515.0,124
202512100900,108423.0,108433.0,108326.0,108384.0,187
202512100915,108384.0,108578.0,108384.0,108558.0,2456
202512100930,108558.0,108558.0,108437.0,108491.0,831
202512100945,108476.0,108500.0,108273.0,108288.0,570
202512101000,108278.0,108346.0,108215.0,108259.0,544
202512101015,108297.0,108355.0,108244.0,108355.0,409
202512101030,108326.0,108413.0,108326.0,108413.0,215
202512101045,108413.0,108500.0,108404.0,108413.0,323
202512101100,108452.0,108452.0,108394.0,108423.0,179
202512101115,108423.0,108433.0,108379.0,108413.0,730
202512101130,108413.0,108413.0,108375.0,108375.0,178
202512101145,108394.0,108394.0,108288.0,108297.0,333
202512101200,108346.0,108404.0,108297.0,108346.0,1016
202512101215,108346.0,108384.0,108297.0,108384.0,426
202512101230,108384.0,108404.0,108346.0,108384.0,146
202512101245,108384.0,108384.0,108326.0,108370.0,274
202512101300,108365.0,108389.0,108278.0,108389.0,883
202512101315,108389.0,108389.0,108360.0,108389.0,208
202512101330,108384.0,108452.0,108365.0,108365.0,1753
202512101345,108375.0,108471.0,108365.0,108413.0,232
202512101400,108423.0,108481.0,108404.0,108462.0,176
202512101415,108434.0,108434.0,108297.0,108375.0,697
202512101430,108365.0,108375.0,108307.0,108365.0,168
202512101445,108317.0,108355.0,108254.0,108336.0,419
202512101500,108360.0,108452.0,108360.0,108442.0,173
202512101515,108447.0,108510.0,108447.0,108471.0,98
202512110900,108839.0,108848.0,108742.0,108742.0,656
202512110915,108771.0,108781.0,108674.0,108781.0,173
202512110930,108781.0,108858.0,108752.0,108819.0,443
202512110945,108810.0,108906.0,108810.0,108868.0,701
202512111000,108877.0,108998.0,108877.0,108930.0,332
202512111015,108935.0,108935.0,108858.0,108926.0,185
202512111030,108916.0,108916.0,108819.0,108839.0,288
202512111045,108858.0,108877.0,108829.0,108877.0,213
202512111100,108877.0,108877.0,108771.0,108781.0,917
202512111115,108790.0,108819.0,108752.0,108819.0,110
202512111130,108790.0,108839.0,108790.0,108800.0,196
202512111145,108810.0,108810.0,108766.0,108766.0,214
202512111200,108781.0,108810.0,108732.0,108732.0,315
202512111215,108781.0,108800.0,108742.0,108781.0,37
202512111230,108776.0,108814.0,108776.0,108814.0,10611
202512111245,108810.0,108839.0,108800.0,108839.0,210
202512111300,108868.0,108897.0,108858.0,108897.0,221
202512111315,108887.0,108887.0,108819.0,108829.0,306
202512111330,108829.0,108829.0,108752.0,108790.0,129
202512111345,108790.0,108790.0,108727.0,108727.0,333
202512111400,108752.0,108810.0,108723.0,108766.0,500
202512111415,108800.0,108810.0,108491.0,108500.0,1519
202512111430,108568.0,108621.0,108486.0,108520.0,827
202512111445,108491.0,108645.0,108491.0,108616.0,614
202512111500,108578.0,108781.0,108529.0,108558.0,760
202512111515,108626.0,108626.0,108495.0,108495.0,2503
202512120900,108563.0,108703.0,108563.0,108703.0,296
202512120915,108694.0,108694.0,108602.0,108640.0,164
202512120930,108640.0,108674.0,108587.0,108587.0,185
202512120945,108580.0,108727.0,108580.0,108727.0,185
202512121000,108727.0,108737.0,108631.0,108631.0,158
202512121015,108631.0,108631.0,108597.0,108631.0,45
202512121030,108631.0,108674.0,108621.0,108640.0,174
202512121045,108631.0,108674.0,108631.0,108665.0,131
202512121100,108640.0,108660.0,108592.0,108645.0,147
202512121115,108650.0,108744.0,108607.0,108744.0,313
202512121130,108737.0,108834.0,108698.0,108814.0,365
202512121145,108814.0,108824.0,108785.0,108785.0,266
202512121200,108785.0,108805.0,108785.0,108795.0,121
202512121215,108795.0,108819.0,108795.0,108819.0,33
202512121230,108795.0,108800.0,108776.0,108785.0,244
202512121245,108785.0,108795.0,108771.0,108771.0,366
202512121300,108766.0,108766.0,108689.0,108698.0,161
202512121315,108689.0,108718.0,108674.0,108698.0,238
202512121330,108698.0,108747.0,108698.0,108727.0,226
202512121345,108723.0,108723.0,108650.0,108650.0,201
202512121400,108698.0,108727.0,108660.0,108727.0,648
202512121415,108718.0,108781.0,108708.0,108737.0,1500
202512121430,108723.0,108766.0,108684.0,108766.0,1168
202512121445,108766.0,108766.0,108655.0,108665.0,1767
202512121500,108708.0,108737.0,108669.0,108737.0,1616
202512121515,108737.0,108737.0,108665.0,108665.0,263
202512150900,108665.0,108781.0,108665.0,108761.0,397
202512150915,108761.0,108810.0,108665.0,108790.0,1482
202512150930,108800.0,108800.0,108674.0,108679.0,675
202512150945,108689.0,108819.0,108631.0,108781.0,1000
202512151000,108819.0,108843.0,108781.0,108843.0,767
202512151015,108843.0,108868.0,108781.0,108858.0,200
202512151030,108858.0,108877.0,108800.0,108877.0,344
202512151045,108868.0,108877.0,108781.0,108810.0,577
202512151100,108819.0,108906.0,108819.0,108887.0,718
202512151115,108906.0,108964.0,108887.0,108926.0,755
202512151130,108926.0,108964.0,108882.0,108964.0,877
202512151145,108964.0,109027.0,108950.0,109022.0,810
202512151200,109022.0,109076.0,109017.0,109051.0,724
202512151215,109056.0,109085.0,109056.0,109085.0,876
202512151230,109085.0,109124.0,109027.0,109085.0,760
202512151245,109080.0,109114.0,109076.0,109095.0,5819
202512151300,109095.0,109158.0,109066.0,109158.0,11030
202512151315,109167.0,109206.0,109163.0,109206.0,968
202512151330,109206.0,109322.0,109192.0,109322.0,16471
202512151345,109322.0,109361.0,109250.0,109259.0,864
202512151400,109293.0,109293.0,109201.0,109221.0,760
202512151415,109235.0,109308.0,109221.0,109298.0,1215
202512151430,109298.0,109303.0,109192.0,109230.0,879
202512151445,109230.0,109288.0,109206.0,109283.0,869
202512151500,109283.0,109303.0,109230.0,109303.0,987
202512151515,109303.0,109395.0,109303.0,109395.0,235
202512160900,109298.0,109453.0,109298.0,109433.0,1881
202512160915,109419.0,109578.0,109385.0,109578.0,1071
202512160930,109598.0,109646.0,109540.0,109559.0,356
202512160945,109569.0,109781.0,109569.0,109781.0,612
202512161000,109786.0,109907.0,109723.0,109723.0,364
202512161015,109704.0,109738.0,109646.0,109738.0,430
202512161030,109738.0,109791.0,109641.0,109641.0,309
202512161045,109583.0,109607.0,109438.0,109530.0,513
202512161100,109530.0,109530.0,109380.0,109515.0,443
202512161115,109501.0,109501.0,109366.0,109419.0,482
202512161130,109428.0,109549.0,109428.0,109457.0,434
202512161145,109457.0,109515.0,109457.0,109501.0,250
202512161200,109506.0,109593.0,109486.0,109486.0,365
202512161215,109486.0,109486.0,109433.0,109443.0,313
202512161230,109438.0,109491.0,109433.0,109477.0,476
202512161245,109477.0,109477.0,109385.0,109453.0,503
202512161300,109491.0,109544.0,109486.0,109544.0,300
202512161315,109554.0,109641.0,109496.0,109641.0,491
202512161330,109617.0,109733.0,109612.0,109728.0,2975
202512161345,109728.0,109892.0,109689.0,109892.0,5943
202512161400,109873.0,109960.0,109863.0,109921.0,6719
202512161415,109941.0,109951.0,109854.0,109941.0,7321
202512161430,109960.0,109980.0,109912.0,109912.0,6983
202512161445,109912.0,109951.0,109854.0,109873.0,7025
202512161500,109854.0,109892.0,109689.0,109786.0,6879
202512161515,109796.0,109834.0,109752.0,109752.0,376
202512170900,109549.0,109733.0,109549.0,109733.0,18
202512170915,109714.0,109743.0,109573.0,109607.0,1119
202512170930,109617.0,109694.0,109607.0,109694.0,194
202512170945,109694.0,109733.0,109656.0,109656.0,1027
202512171000,109694.0,109694.0,109472.0,109627.0,444
202512171015,109617.0,109636.0,109496.0,109506.0,378
202512171030,109535.0,109631.0,109535.0,109622.0,216
202512171045,109583.0,109641.0,109573.0,109573.0,468
202512171100,109573.0,109622.0,109390.0,109409.0,590
202512171115,109419.0,109419.0,109322.0,109380.0,9429
202512171130,109399.0,109428.0,109332.0,109351.0,69
202512171145,109322.0,109361.0,109293.0,109317.0,382
202512171200,109288.0,109322.0,109288.0,109312.0,92
202512171215,109312.0,109322.0,109264.0,109283.0,458
202512171230,109283.0,109293.0,109196.0,109196.0,217
202512171245,109196.0,109264.0,109192.0,109225.0,359
202512171300,109216.0,109216.0,109119.0,109206.0,335
202512171315,109206.0,109206.0,109061.0,109061.0,353
202512171330,109109.0,109177.0,109080.0,109080.0,208
202512171345,109080.0,109177.0,109071.0,109167.0,1954
202512171400,109177.0,109293.0,109143.0,109216.0,3051
202512171415,109201.0,109254.0,109167.0,109235.0,3319
202512171430,109235.0,109312.0,109177.0,109303.0,3807
202512171445,109312.0,109351.0,109225.0,109274.0,3483
202512171500,109235.0,109322.0,109225.0,109303.0,3136
202512171515,109370.0,109380.0,109337.0,109380.0,241
202512180900,109559.0,109559.0,109370.0,109370.0,515
202512180915,109341.0,109370.0,109254.0,109317.0,150
202512180930,109327.0,109356.0,109283.0,109317.0,188
202512180945,109312.0,109366.0,109259.0,109259.0,420
202512181000,109259.0,109269.0,109211.0,109211.0,192
202512181015,109211.0,109240.0,109163.0,109201.0,61
202512181030,109201.0,109279.0,109201.0,109269.0,1785
202512181045,109269.0,109288.0,109206.0,109269.0,165
202512181100,109221.0,109259.0,109163.0,109163.0,219
202512181115,109158.0,109259.0,109148.0,109250.0,68
202512181130,109254.0,109303.0,109201.0,109240.0,37
202512181145,109225.0,109230.0,109153.0,109153.0,64
202512181200,109196.0,109240.0,109163.0,109240.0,82
202512181215,109250.0,109259.0,109211.0,109259.0,397
202512181230,109225.0,109269.0,109225.0,109269.0,49
202512181245,109288.0,109380.0,109288.0,109327.0,407
202512181300,109327.0,109337.0,109216.0,109259.0,314
202512181315,109225.0,109269.0,109216.0,109269.0,187
202512181330,109269.0,109433.0,109269.0,109399.0,216
202512181345,109399.0,109453.0,109370.0,109404.0,2797
202512181400,109414.0,109482.0,109404.0,109433.0,2726
202512181415,109443.0,109472.0,109375.0,109424.0,2829
202512181430,109433.0,109433.0,109279.0,109317.0,2945
202512181445,109327.0,109443.0,109312.0,109443.0,2613
202512181500,109443.0,109549.0,109414.0,109433.0,2701
202512181515,109433.0,109433.0,109346.0,109346.0,194
202512190900,109346.0,109467.0,109308.0,109467.0,140
202512190915,109467.0,109482.0,109356.0,109472.0,126
202512190930,109453.0,109482.0,109404.0,109443.0,299
202512190945,109443.0,109443.0,109356.0,109366.0,245
202512191000,109375.0,109404.0,109327.0,109327.0,1469
202512191015,109327.0,109448.0,109327.0,109433.0,408
202512191030,109424.0,109424.0,109279.0,109356.0,285
202512191045,109356.0,109375.0,109317.0,109346.0,362
202512191100,109317.0,109404.0,109240.0,109259.0,264
202512191115,109259.0,109327.0,109254.0,109317.0,81
202512191130,109317.0,109327.0,109259.0,109303.0,94
202512191145,109303.0,109327.0,109254.0,109254.0,165
202512191200,109269.0,109269.0,109250.0,109250.0,194
202512191215,109245.0,109259.0,109211.0,109259.0,253
202512191230,109269.0,109308.0,109240.0,109298.0,170
202512191245,109288.0,109288.0,109085.0,109085.0,1324
202512191300,109163.0,109163.0,109100.0,109114.0,94
202512191315,109114.0,109163.0,109071.0,109153.0,151
202512191330,109153.0,109153.0,109105.0,109105.0,45
202512191345,109105.0,109105.0,109051.0,109051.0,236
202512191400,109051.0,109153.0,109051.0,109105.0,328
202512191415,109134.0,109153.0,109008.0,109017.0,2616
202512191430,109008.0,109008.0,108906.0,108979.0,3098
202512191445,108979.0,109017.0,108940.0,108979.0,2875
202512191500,108979.0,109056.0,108979.0,109017.0,2473
202512191515,109027.0,109027.0,108959.0,108959.0,265
202512220900,109046.0,109124.0,109032.0,109037.0,2859
202512220915,109066.0,109066.0,108950.0,109017.0,672
202512220930,109008.0,109090.0,108950.0,109090.0,1137
202512220945,109090.0,109148.0,109027.0,109027.0,614
202512221000,109027.0,109119.0,109027.0,109114.0,509
202512221015,109105.0,109105.0,109056.0,109085.0,242
202512221030,109095.0,109105.0,108988.0,108988.0,740
202512221045,108984.0,109008.0,108959.0,108959.0,167
202512221100,108959.0,109076.0,108959.0,109027.0,710
202512221115,108988.0,109056.0,108988.0,109013.0,586
202512221130,109003.0,109017.0,108916.0,108916.0,287
202512221145,108940.0,108950.0,108901.0,108901.0,378
202512221200,108897.0,108921.0,108877.0,108897.0,217
202512221215,108897.0,108897.0,108824.0,108872.0,599
202512221230,108872.0,108892.0,108829.0,108863.0,112
202512221245,108863.0,108901.0,108843.0,108901.0,327
202512221300,108911.0,108935.0,108863.0,108901.0,314
202512221315,108901.0,108921.0,108853.0,108921.0,111
202512221330,108892.0,108945.0,108882.0,108901.0,271
202512221345,108940.0,109037.0,108940.0,109027.0,485
202512221400,108998.0,109032.0,108979.0,108988.0,467
202512221415,109017.0,109017.0,108955.0,108979.0,183
202512221430,108974.0,109032.0,108906.0,108993.0,196
202512221445,109022.0,109022.0,108901.0,108901.0,210
202512221500,108901.0,109008.0,108901.0,108969.0,398
202512221515,108969.0,109008.0,108964.0,109008.0,58
202512230900,108940.0,108959.0,108834.0,108872.0,842
202512230915,108863.0,108872.0,108636.0,108640.0,7449
202512230930,108660.0,108679.0,108534.0,108582.0,1601
202512230945,108587.0,108665.0,108578.0,108640.0,886
202512231000,108665.0,108727.0,108665.0,108727.0,224
202512231015,108756.0,108795.0,108737.0,108795.0,167
202512231030,108776.0,108887.0,108776.0,108843.0,428
202512231045,108853.0,108863.0,108766.0,108805.0,287
202512231100,108843.0,108930.0,108843.0,108921.0,263
202512231115,108921.0,108979.0,108916.0,108979.0,614
202512231130,108974.0,109046.0,108974.0,109046.0,307
202512231145,109046.0,109066.0,109037.0,109037.0,311
202512231200,109061.0,109066.0,109061.0,109066.0,109
202512231215,109068.0,109080.0,109061.0,109080.0,245
202512231230,109080.0,109085.0,109032.0,109032.0,536
202512231245,109027.0,109056.0,108998.0,109056.0,371
202512231300,109046.0,109129.0,109037.0,109085.0,111
202512231315,109105.0,109124.0,108979.0,108988.0,627
202512231330,108969.0,108969.0,108911.0,108916.0,341
202512231345,108916.0,108959.0,108892.0,108940.0,229
202512231400,108940.0,108998.0,108930.0,108988.0,507
202512231415,109008.0,109008.0,108959.0,108998.0,314
202512231430,108988.0,109017.0,108974.0,109008.0,457
202512231445,109008.0,109056.0,109008.0,109046.0,770
202512231500,109046.0,109051.0,108955.0,108969.0,816
202512231515,108979.0,108979.0,108955.0,108959.0,80
202512240900,109008.0,109153.0,108969.0,109153.0,456
202512240915,109143.0,109235.0,109105.0,109225.0,1552
202512240930,109230.0,109337.0,109221.0,109317.0,920
202512240945,109317.0,109317.0,109240.0,109250.0,338
202512241000,109250.0,109283.0,109230.0,109283.0,478
202512241015,109269.0,109346.0,109254.0,109346.0,472
202512241030,109346.0,109395.0,109259.0,109288.0,492
202512241045,109288.0,109308.0,109259.0,109308.0,872
202512241100,109308.0,109356.0,109283.0,109356.0,535
202512241115,109356.0,109462.0,109356.0,109453.0,654
202512241130,109453.0,109462.0,109428.0,109433.0,504
202512241145,109433.0,109462.0,109433.0,109433.0,800
202512241200,109467.0,109467.0,109419.0,109419.0,584
202512241215,109421.0,109424.0,109380.0,109395.0,738
202512241230,109390.0,109395.0,109366.0,109366.0,743
202512241245,109366.0,109395.0,109361.0,109361.0,454
202512241300,109404.0,109501.0,109404.0,109453.0,593
202512241315,109448.0,109448.0,109317.0,109375.0,509
202512241330,109375.0,109414.0,109312.0,109312.0,876
202512241345,109327.0,109356.0,109288.0,109356.0,697
202512241400,109308.0,109366.0,109283.0,109361.0,543
202512241415,109361.0,109375.0,109317.0,109327.0,746
202512241430,109327.0,109404.0,109317.0,109375.0,621
202512241445,109414.0,109414.0,109317.0,109317.0,660
202512241500,109366.0,109414.0,109366.0,109409.0,523
202512241515,109385.0,109424.0,109380.0,109380.0,321
202512260900,109245.0,109254.0,109153.0,109153.0,377
202512260915,109153.0,109201.0,109134.0,109201.0,991
202512260930,109201.0,109269.0,109158.0,109192.0,419
202512260945,109182.0,109182.0,109022.0,109042.0,476
202512261000,109042.0,109134.0,109042.0,109085.0,192
202512261015,109085.0,109100.0,109032.0,109085.0,192
202512261030,109085.0,109134.0,109061.0,109114.0,1161
202512261045,109095.0,109216.0,109076.0,109187.0,230
202512261100,109230.0,109230.0,109148.0,109158.0,285
202512261115,109163.0,109211.0,109158.0,109211.0,319
202512261130,109211.0,109211.0,109158.0,109182.0,87
202512261145,109177.0,109177.0,109124.0,109158.0,189
202512261200,109138.0,109153.0,109080.0,109095.0,1523
202512261215,109105.0,109134.0,109085.0,109114.0,262
202512261230,109114.0,109163.0,109085.0,109163.0,312
202512261245,109134.0,109177.0,109119.0,109177.0,410
202512261300,109196.0,109225.0,109148.0,109148.0,239
202512261315,109143.0,109172.0,109134.0,109143.0,1004
202512261330,109143.0,109192.0,109134.0,109182.0,1426
202512261345,109172.0,109172.0,109109.0,109114.0,1832
202512261400,109114.0,109182.0,109109.0,109167.0,1535
202512261415,109172.0,109182.0,109080.0,109080.0,2345
202512261430,109124.0,109124.0,109042.0,109051.0,1716
202512261445,109061.0,109071.0,109037.0,109061.0,1897
202512261500,109071.0,109119.0,109066.0,109090.0,1813
202512261515,109109.0,109109.0,109090.0,109090.0,244
202512290900,109330.0,109390.0,109295.0,109390.0,420
202512290915,109390.0,109565.0,109385.0,109515.0,625
202512290930,109515.0,109565.0,109475.0,109555.0,425
202512290945,109555.0,109585.0,109495.0,109505.0,288
202512291000,109545.0,109545.0,109490.0,109500.0,337
202512291015,109500.0,109500.0,109445.0,109500.0,4011
202512291030,109500.0,109545.0,109460.0,109515.0,4128
202512291045,109515.0,109550.0,109505.0,109540.0,493
202512291100,109550.0,109625.0,109550.0,109580.0,404
202512291115,109585.0,109585.0,109550.0,109585.0,115
202512291130,109585.0,109585.0,109550.0,109555.0,310
202512291145,109550.0,109555.0,109530.0,109540.0,6364
202512291200,109540.0,109555.0,109460.0,109460.0,601
202512291215,109470.0,109470.0,109390.0,109390.0,560
202512291230,109390.0,109410.0,109375.0,109380.0,143
202512291245,109375.0,109380.0,109360.0,109370.0,415
202512291300,109370.0,109420.0,109295.0,109370.0,368
202512291315,109305.0,109390.0,109280.0,109335.0,649
202512291330,109335.0,109370.0,109280.0,109370.0,145
202512291345,109335.0,109355.0,109275.0,109275.0,361
202512291400,109270.0,109285.0,109200.0,109235.0,486
202512291415,109225.0,109255.0,109190.0,109210.0,2395
202512291430,109210.0,109265.0,109170.0,109255.0,2739
202512291445,109255.0,109285.0,109200.0,109255.0,2765
202512291500,109285.0,109380.0,109275.0,109355.0,2713
202512291515,109365.0,109430.0,109365.0,109430.0,480
202512300900,109595.0,109720.0,109595.0,109715.0,580
202512300915,109700.0,109765.0,109700.0,109735.0,495
202512300930,109730.0,109730.0,109620.0,109620.0,974
202512300945,109620.0,109650.0,109590.0,109610.0,270
202512301000,109640.0,109670.0,109610.0,109660.0,251
202512301015,109660.0,109700.0,109570.0,109580.0,513
202512301030,109580.0,109580.0,109535.0,109545.0,417
202512301045,109530.0,109535.0,109500.0,109535.0,213
202512301100,109535.0,109570.0,109500.0,109510.0,289
202512301115,109510.0,109520.0,109465.0,109480.0,356
202512301130,109482.0,109540.0,109480.0,109540.0,264
202512301145,109540.0,109580.0,109505.0,109525.0,504
202512301200,109525.0,109575.0,109500.0,109500.0,512
202512301215,109515.0,109515.0,109470.0,109505.0,365
202512301230,109485.0,109515.0,109465.0,109495.0,477
202512301245,109495.0,109500.0,109465.0,109465.0,296
202512301300,109465.0,109525.0,109460.0,109525.0,482
202512301315,109525.0,109525.0,109480.0,109515.0,1029
202512301330,109515.0,109535.0,109475.0,109525.0,1668
202512301345,109510.0,109535.0,109420.0,109515.0,973
202512301400,109515.0,109515.0,109465.0,109470.0,506
202512301415,109495.0,109535.0,109465.0,109515.0,431
202512301430,109500.0,109550.0,109500.0,109550.0,489
202512301445,109550.0,109555.0,109460.0,109480.0,802
202512301500,109490.0,109505.0,109310.0,109315.0,1014
202512301515,109315.0,109315.0,109180.0,109180.0,641
