날,NAV,현금,일봉,분봉15,바구니,엔진,인버스,예비,비용누계,강제매도누계
20250917,99946438.0,80409747.0,9981962.0,0.0,9554728.0,0.0,0.0,10000000.0,53562.0,0.0
20250918,99909427.0,30430129.0,9914124.0,49895222.0,9669952.0,0.0,0.0,0.0,137959.0,0.0
20250919,100264964.0,30430129.0,9904433.0,50561806.0,9368597.0,0.0,0.0,0.0,137959.0,0.0
20250922,100589130.0,9962456.0,40048967.0,50577706.0,0.0,0.0,0.0,9962456.0,315175.0,9368597.0
20250923,99678464.0,9962456.0,39775477.0,49940530.0,0.0,0.0,0.0,0.0,315175.0,9368597.0
20250924,100706621.0,9962456.0,40370617.0,50373548.0,0.0,0.0,0.0,0.0,315175.0,9368597.0
20250925,100214123.0,9962456.0,39970809.0,50280858.0,0.0,0.0,0.0,0.0,315175.0,9368597.0
20250926,98096615.0,8471115.0,39839138.0,49786363.0,0.0,0.0,0.0,8471115.0,447427.0,9368597.0
20250929,99644720.0,1954873.0,46944705.0,50745143.0,0.0,0.0,0.0,1954873.0,459914.0,9368597.0
20250930,100110219.0,1954873.0,47276428.0,50878918.0,0.0,0.0,0.0,0.0,459914.0,9368597.0
20251001,100734555.0,11867613.0,47911697.0,40955245.0,0.0,0.0,0.0,0.0,491262.0,9368597.0
20251002,101670238.0,14396702.0,38034510.0,49239026.0,0.0,0.0,0.0,0.0,560213.0,9368597.0
20251010,102750376.0,4926888.0,47687092.0,50136395.0,0.0,0.0,0.0,4926888.0,613884.0,9368597.0
20251013,100577973.0,3779122.0,47342825.0,49456026.0,0.0,0.0,0.0,3779122.0,791229.0,9368597.0
20251014,97059566.0,4532451.0,45813846.0,46713269.0,0.0,0.0,0.0,0.0,810963.0,9368597.0
20251015,100036954.0,4532451.0,47254314.0,48250189.0,0.0,0.0,0.0,0.0,810963.0,9368597.0
20251016,100685308.0,4813251.0,47717790.0,48154267.0,0.0,0.0,0.0,0.0,860677.0,9368597.0
20251017,100604228.0,4714100.0,47678902.0,48211226.0,0.0,0.0,0.0,0.0,910249.0,9368597.0
20251020,101406392.0,4714100.0,48332589.0,48359703.0,0.0,0.0,0.0,0.0,910249.0,9368597.0
20251021,101905471.0,2573858.0,50858841.0,48472772.0,0.0,0.0,0.0,2573858.0,991666.0,9368597.0
20251022,104255986.0,10282953.0,51158925.0,42814107.0,0.0,0.0,0.0,5237884.0,1095456.0,9368597.0
20251023,104215375.0,2372989.0,51921760.0,49920626.0,0.0,0.0,0.0,0.0,1107581.0,9368597.0
20251024,106434715.0,13435699.0,52829084.0,40169932.0,0.0,0.0,0.0,10644467.0,1182885.0,9368597.0
20251027,109042024.0,8742244.0,49081023.0,51218757.0,0.0,0.0,0.0,0.0,1223690.0,9368597.0
20251028,108662153.0,2017441.0,48885199.0,51039081.0,0.0,0.0,6720432.0,0.0,1228061.0,9368597.0
20251029,110481958.0,4393990.0,54928296.0,44416574.0,0.0,0.0,6743098.0,4393990.0,1261901.0,9368597.0
20251030,109545972.0,2587381.0,54988833.0,51969759.0,0.0,0.0,0.0,0.0,1284966.0,16191025.0
20251031,109953081.0,2587381.0,55420683.0,51945017.0,0.0,0.0,0.0,0.0,1284966.0,16191025.0
20251103,112802820.0,2587381.0,57438022.0,52777417.0,0.0,0.0,0.0,0.0,1284966.0,16191025.0
20251104,111830537.0,597088.0,56074758.0,53169693.0,0.0,0.0,1988999.0,0.0,1286260.0,16191025.0
20251105,106349827.0,21448210.0,54171873.0,30729744.0,0.0,0.0,0.0,10653891.0,1407286.0,16191025.0
20251106,108338357.0,13218597.0,51208193.0,43911567.0,0.0,0.0,0.0,0.0,1487459.0,16191025.0
20251107,104921036.0,7797177.0,54258730.0,42865129.0,0.0,0.0,0.0,7797177.0,1579141.0,16191025.0
20251110,105785213.0,2984509.0,53930600.0,48870103.0,0.0,0.0,0.0,2984509.0,1685660.0,16191025.0
20251111,106620356.0,3260235.0,54241690.0,49118430.0,0.0,0.0,0.0,0.0,1738727.0,16191025.0
20251112,113512240.0,3260235.0,57407598.0,52844407.0,0.0,0.0,0.0,0.0,1738727.0,16191025.0
20251113,119400489.0,4745310.0,59952258.0,54702921.0,0.0,0.0,0.0,4745310.0,1813008.0,16191025.0
20251114,120510739.0,4745310.0,60662025.0,55103403.0,0.0,0.0,0.0,0.0,1813008.0,16191025.0
20251117,121282702.0,4745310.0,61158434.0,55378958.0,0.0,0.0,0.0,0.0,1813008.0,16191025.0
20251118,118471695.0,3584009.0,60788009.0,54099676.0,0.0,0.0,0.0,3584009.0,1880758.0,16191025.0
20251119,119876023.0,3238251.0,61077127.0,55560644.0,0.0,0.0,0.0,0.0,1940107.0,16191025.0
20251120,121906986.0,3265135.0,62438820.0,56203031.0,0.0,0.0,0.0,0.0,2007539.0,16191025.0
20251121,121244307.0,3265135.0,62114657.0,55864515.0,0.0,0.0,0.0,0.0,2007539.0,16191025.0
20251124,117497644.0,3181214.0,60117524.0,54198907.0,0.0,0.0,0.0,0.0,2072588.0,16191025.0
20251125,116134482.0,13012658.0,49965499.0,53156324.0,0.0,0.0,0.0,0.0,2099757.0,16191025.0
20251126,118199670.0,22620740.0,51875658.0,43703271.0,0.0,0.0,0.0,11819711.0,2191785.0,16191025.0
20251127,117661204.0,22069434.0,51612838.0,43978933.0,0.0,0.0,0.0,0.0,2255102.0,16191025.0
20251128,122505337.0,20092438.0,54255232.0,48157667.0,0.0,0.0,0.0,0.0,2324008.0,16191025.0
20251201,123365699.0,20092438.0,54576031.0,48697230.0,0.0,0.0,0.0,0.0,2324008.0,16191025.0
20251202,123891551.0,20092438.0,55044262.0,48754851.0,0.0,0.0,0.0,0.0,2324008.0,16191025.0
20251203,125629512.0,1736264.0,61193429.0,62699819.0,0.0,0.0,0.0,1736264.0,2380770.0,16191025.0
20251204,125236848.0,3216938.0,61225569.0,60794341.0,0.0,0.0,0.0,0.0,2469867.0,16191025.0
20251205,123142285.0,3198353.0,60217098.0,59726834.0,0.0,0.0,0.0,0.0,2536638.0,16191025.0
20251208,122081732.0,3441976.0,59357782.0,59281974.0,0.0,0.0,0.0,0.0,2595675.0,16191025.0
20251209,122524823.0,3474042.0,59354923.0,59695858.0,0.0,0.0,0.0,3474042.0,2652085.0,16191025.0
20251210,125107897.0,3154423.0,61085159.0,60868314.0,0.0,0.0,0.0,0.0,2778079.0,16191025.0
20251211,123796560.0,1353321.0,61955460.0,60487779.0,0.0,0.0,0.0,1353321.0,2892421.0,16191025.0
20251212,123333123.0,2628769.0,61884976.0,58819378.0,0.0,0.0,0.0,0.0,2999602.0,16191025.0
20251215,124494547.0,3449871.0,62391996.0,58652680.0,0.0,0.0,0.0,0.0,3065037.0,16191025.0
20251216,118297147.0,3449871.0,59550647.0,55296629.0,0.0,0.0,0.0,0.0,3065037.0,16191025.0
20251217,116720512.0,21493200.0,39609078.0,55618233.0,0.0,0.0,0.0,0.0,3167405.0,16191025.0
20251218,114490364.0,101472961.0,0.0,13017402.0,0.0,0.0,0.0,0.0,3421632.0,16191025.0
20251219,114520615.0,114520615.0,0.0,0.0,0.0,0.0,0.0,0.0,3465577.0,16191025.0
20251222,114463932.0,91619326.0,11420890.0,11423715.0,0.0,0.0,0.0,11452061.0,3522260.0,16191025.0
20251223,113393933.0,57591726.0,33556075.0,22246132.0,0.0,0.0,0.0,22688208.0,3569366.0,16191025.0
20251224,111761055.0,33356467.0,22433150.0,55971439.0,0.0,0.0,0.0,11211906.0,3832093.0,16191025.0
20251226,111952362.0,22585525.0,34062178.0,55304659.0,0.0,0.0,0.0,11206939.0,3982748.0,16191025.0
20251229,112115497.0,21731083.0,45465137.0,44919277.0,0.0,0.0,0.0,11259480.0,4082408.0,16191025.0
20251230,111130183.0,10616345.0,45009240.0,55504599.0,0.0,0.0,0.0,0.0,4099607.0,16191025.0
20260102,114370293.0,2088753.0,53726045.0,58555495.0,0.0,0.0,0.0,2088753.0,4262314.0,16191025.0
20260105,116470637.0,2186018.0,55161585.0,59123034.0,0.0,0.0,0.0,2186018.0,4382006.0,16191025.0
20260106,119468572.0,3281989.0,55783063.0,60403520.0,0.0,0.0,0.0,0.0,4454253.0,16191025.0
20260107,118778570.0,4829487.0,56589968.0,57359115.0,0.0,0.0,0.0,4829487.0,4623041.0,16191025.0
20260108,118491993.0,3744566.0,56265185.0,58482242.0,0.0,0.0,0.0,0.0,4690587.0,16191025.0
20260109,119654097.0,3744566.0,56331860.0,59577672.0,0.0,0.0,0.0,0.0,4690587.0,16191025.0
20260112,122050415.0,3697136.0,57449070.0,60904209.0,0.0,0.0,0.0,0.0,4752132.0,16191025.0
20260113,121806244.0,2435288.0,58349480.0,61021476.0,0.0,0.0,0.0,2435288.0,4808208.0,16191025.0
20260114,123561336.0,3445063.0,59320501.0,60795773.0,0.0,0.0,0.0,0.0,4867994.0,16191025.0
20260115,127651318.0,3445063.0,60563988.0,63642268.0,0.0,0.0,0.0,0.0,4867994.0,16191025.0
20260116,128617835.0,3445063.0,61976639.0,63196133.0,0.0,0.0,0.0,0.0,4867994.0,16191025.0
20260119,130616918.0,9718988.0,55937219.0,64960711.0,0.0,0.0,0.0,0.0,4885553.0,16191025.0
20260120,128570571.0,9718988.0,54844501.0,64007082.0,0.0,0.0,0.0,0.0,4885553.0,16191025.0
20260121,127388217.0,9718988.0,54085691.0,63583538.0,0.0,0.0,0.0,0.0,4885553.0,16191025.0
20260122,129046023.0,3266233.0,61285269.0,64494521.0,0.0,0.0,0.0,3266233.0,4894638.0,16191025.0
20260123,134747732.0,3266233.0,64379157.0,67102341.0,0.0,0.0,0.0,0.0,4894638.0,16191025.0
20260126,134314482.0,753746.0,63946377.0,67103506.0,0.0,0.0,2510854.0,0.0,4896271.0,16191025.0
20260127,138209482.0,3190085.0,66496189.0,68523207.0,0.0,0.0,0.0,0.0,4897856.0,16191025.0
20260128,139256636.0,3606532.0,66591498.0,69058606.0,0.0,0.0,0.0,3606532.0,4958685.0,16191025.0
20260129,148456721.0,832277.0,71453334.0,73398658.0,0.0,0.0,2772452.0,0.0,4960489.0,16191025.0
20260130,149717687.0,3668582.0,72220360.0,73828745.0,0.0,0.0,0.0,0.0,4962333.0,16191025.0
20260202,140664329.0,9406447.0,61897153.0,69360728.0,0.0,0.0,0.0,9406447.0,5046010.0,16191025.0
20260203,156681896.0,2170719.0,76961964.0,77549213.0,0.0,0.0,0.0,2170719.0,5061122.0,16191025.0
20260204,158622635.0,3984934.0,76126040.0,78511662.0,0.0,0.0,0.0,3984934.0,5241738.0,16191025.0
20260205,154521600.0,1068780.0,73853212.0,76039325.0,0.0,0.0,3560283.0,0.0,5320760.0,16191025.0
20260206,150229868.0,3347641.0,69985014.0,76897213.0,0.0,0.0,0.0,3347641.0,5412899.0,19860376.0
20260209,160620641.0,2439041.0,75300068.0,81973998.0,907534.0,0.0,0.0,0.0,5413966.0,19860376.0
20260210,161067889.0,2493327.0,75797906.0,82776657.0,0.0,0.0,0.0,2493327.0,5453032.0,20819549.0
20260211,161300051.0,2493327.0,75992023.0,82814701.0,0.0,0.0,0.0,0.0,5453032.0,20819549.0
20260212,168293543.0,2463947.0,78451424.0,87378172.0,0.0,0.0,0.0,2463947.0,5492737.0,20819549.0
20260213,179408946.0,2463947.0,84057373.0,92887626.0,0.0,0.0,0.0,0.0,5492737.0,20819549.0
20260219,190139365.0,2463947.0,88946673.0,98728745.0,0.0,0.0,0.0,0.0,5492737.0,20819549.0
20260220,192187144.0,2463947.0,90003294.0,99719903.0,0.0,0.0,0.0,0.0,5492737.0,20819549.0
20260223,187959729.0,2463947.0,87787683.0,97708098.0,0.0,0.0,0.0,0.0,5492737.0,20819549.0
20260224,187038450.0,2463947.0,87565267.0,97009236.0,0.0,0.0,0.0,0.0,5492737.0,20819549.0
20260225,193176600.0,2463947.0,90635639.0,100077014.0,0.0,0.0,0.0,0.0,5492737.0,20819549.0
20260226,197134020.0,2463947.0,92848033.0,101822040.0,0.0,0.0,0.0,0.0,5492737.0,20819549.0
20260227,193091559.0,568603.0,91128833.0,99500012.0,0.0,0.0,1894112.0,0.0,5493969.0,20819549.0
20260303,183147752.0,4243876.0,85477434.0,93426443.0,0.0,0.0,0.0,4243876.0,5571015.0,20819549.0
20260304,160984555.0,11149299.0,83167272.0,66667984.0,0.0,0.0,0.0,11149299.0,5761872.0,20819549.0
20260305,177250665.0,85391910.0,10221481.0,81637275.0,0.0,0.0,0.0,0.0,6173939.0,20819549.0
20260306,176407294.0,134286494.0,27448150.0,14672651.0,0.0,0.0,0.0,17751046.0,6418261.0,20819549.0
20260309,174831552.0,78402721.0,78971744.0,17457087.0,0.0,0.0,0.0,52361335.0,6589239.0,20819549.0
20260310,172964360.0,26488746.0,78111306.0,68364308.0,0.0,0.0,0.0,0.0,6696994.0,20819549.0
20260311,175713890.0,9083955.0,78504567.0,88125369.0,0.0,0.0,0.0,0.0,6804959.0,20819549.0
20260312,179438829.0,16243098.0,73174081.0,90021650.0,0.0,0.0,0.0,16243098.0,6909445.0,20819549.0
20260313,185451636.0,14786116.0,75880141.0,94785378.0,0.0,0.0,0.0,0.0,7004000.0,20819549.0
20260316,180789165.0,14786116.0,74285964.0,91717084.0,0.0,0.0,0.0,0.0,7004000.0,20819549.0
20260317,182090838.0,32178383.0,74409456.0,75502999.0,0.0,0.0,0.0,0.0,7058565.0,20819549.0
20260318,185533908.0,7425781.0,75950134.0,77421480.0,0.0,0.0,24736513.0,0.0,7074654.0,20819549.0
20260319,186551082.0,38844044.0,51206894.0,96500145.0,0.0,0.0,0.0,18676455.0,7288621.0,46174475.0
20260320,185855692.0,73227535.0,51588152.0,61040006.0,0.0,0.0,0.0,0.0,7380870.0,46174475.0
20260323,174771704.0,65405275.0,46513233.0,55044829.0,7808367.0,0.0,0.0,0.0,7394762.0,46174475.0
20260324,179118491.0,65405275.0,48365425.0,57108012.0,8239780.0,0.0,0.0,0.0,7394762.0,46174475.0
20260325,180193325.0,47382411.0,66884621.0,57535523.0,8390771.0,0.0,0.0,18022864.0,7430075.0,46174475.0
20260326,175196312.0,70335723.0,37791802.0,54763685.0,12305102.0,0.0,0.0,0.0,7538556.0,46174475.0
20260327,175364671.0,61738912.0,63815418.0,37417813.0,12392527.0,0.0,0.0,26648663.0,7773138.0,46174475.0
20260330,171828826.0,46117683.0,78804527.0,34877636.0,12028980.0,0.0,0.0,17169997.0,7913261.0,46174475.0
20260331,167161750.0,38234499.0,83695943.0,33406609.0,11824698.0,0.0,0.0,25066545.0,8185736.0,46174475.0
20260401,176642679.0,39735918.0,54605142.0,82301620.0,0.0,0.0,0.0,0.0,8451685.0,58665309.0
20260402,177011553.0,75615602.0,54092655.0,47303297.0,0.0,0.0,0.0,0.0,8581657.0,58665309.0
20260403,175655031.0,40473255.0,88558783.0,46622993.0,0.0,0.0,0.0,35145493.0,8654093.0,58665309.0
20260406,179053873.0,40088345.0,72812576.0,66152952.0,0.0,0.0,0.0,0.0,8754481.0,58665309.0
20260407,179207354.0,40088345.0,72355774.0,66763235.0,0.0,0.0,0.0,0.0,8754481.0,58665309.0
20260408,186690622.0,1140260.0,80436394.0,105113967.0,0.0,0.0,0.0,1140260.0,8831741.0,58665309.0
20260409,189930047.0,263137.0,81371383.0,108295527.0,0.0,0.0,0.0,0.0,8832603.0,58665309.0
20260410,192344488.0,919477.0,83853979.0,107571032.0,0.0,0.0,0.0,919477.0,8847234.0,58665309.0
20260413,189946925.0,420635.0,82048621.0,107477669.0,0.0,0.0,0.0,0.0,8851676.0,58665309.0
20260414,190393608.0,420635.0,82932604.0,107040369.0,0.0,0.0,0.0,0.0,8851676.0,58665309.0
20260415,192832738.0,18196770.0,84509833.0,90126135.0,0.0,0.0,0.0,0.0,8914710.0,58665309.0
20260416,192810988.0,4199255.0,84181056.0,104430677.0,0.0,0.0,0.0,0.0,8948521.0,58665309.0
20260417,199447877.0,1290684.0,88026645.0,110130548.0,0.0,0.0,0.0,0.0,8958687.0,58665309.0
20260420,202874531.0,616254.0,90404919.0,109800516.0,0.0,0.0,2052843.0,0.0,9138187.0,58665309.0
20260421,221427422.0,1002719.0,99507203.0,120917501.0,0.0,0.0,0.0,1002719.0,9294712.0,60697776.0
20260422,229655302.0,1002719.0,106522731.0,122129853.0,0.0,0.0,0.0,0.0,9294712.0,60697776.0
20260423,224309634.0,1002719.0,104466791.0,118840124.0,0.0,0.0,0.0,0.0,9294712.0,60697776.0
20260424,231076961.0,2337637.0,109012770.0,119726554.0,0.0,0.0,0.0,0.0,9336009.0,60697776.0
20260427,230578106.0,52756.0,107874494.0,120367732.0,2107386.0,0.0,175738.0,0.0,9337767.0,60697776.0
20260428,239619460.0,52756.0,113579508.0,123691527.0,2117921.0,0.0,177749.0,0.0,9337767.0,60697776.0
20260429,245404163.0,5307525.0,113431024.0,126665614.0,0.0,0.0,0.0,5307525.0,9460440.0,63002707.0
20260430,246607415.0,6175238.0,111590677.0,128841500.0,0.0,0.0,0.0,0.0,9573248.0,63002707.0
20260504,259874842.0,6175238.0,114251297.0,139448308.0,0.0,0.0,0.0,0.0,9573248.0,63002707.0
20260506,261711329.0,6175238.0,115835585.0,139700506.0,0.0,0.0,0.0,0.0,9573248.0,63002707.0
20260507,262189550.0,4995194.0,116634363.0,140559993.0,0.0,0.0,0.0,4995194.0,9662373.0,63002707.0
20260508,260311347.0,4995194.0,114389244.0,140926909.0,0.0,0.0,0.0,0.0,9662373.0,63002707.0
20260511,263031647.0,4995194.0,119323775.0,138712678.0,0.0,0.0,0.0,0.0,9662373.0,63002707.0
20260512,252950137.0,4522173.0,115740559.0,132687405.0,0.0,0.0,0.0,4522173.0,9732005.0,63002707.0
20260513,256123542.0,6183426.0,120004443.0,129935672.0,0.0,0.0,0.0,6183426.0,9991108.0,63002707.0
20260514,255453558.0,5636439.0,118419198.0,131397920.0,0.0,0.0,0.0,0.0,10086195.0,63002707.0
20260515,244914608.0,38947086.0,115406813.0,90560709.0,0.0,0.0,0.0,24441846.0,10349147.0,63002707.0
20260518,241060058.0,79348302.0,73823381.0,87888374.0,0.0,0.0,0.0,0.0,10497710.0,63002707.0
20260519,240420060.0,123889330.0,64948338.0,51582393.0,0.0,0.0,0.0,0.0,10642034.0,63002707.0
20260520,235873032.0,123889330.0,62245570.0,49738133.0,0.0,0.0,0.0,0.0,10642034.0,63002707.0
20260521,248989904.0,98986323.0,68633931.0,81369650.0,0.0,0.0,0.0,0.0,10682198.0,63002707.0
20260522,255187845.0,113734071.0,70763384.0,59722815.0,10967575.0,0.0,0.0,0.0,10779843.0,63002707.0
20260526,271986952.0,113734071.0,87471406.0,60018145.0,10763331.0,0.0,0.0,0.0,10779843.0,63002707.0
20260527,268663012.0,113734071.0,85505756.0,58687477.0,10735708.0,0.0,0.0,0.0,10779843.0,63002707.0
20260528,277524242.0,113734071.0,92876942.0,60425891.0,10487338.0,0.0,0.0,0.0,10779843.0,63002707.0
20260529,308700423.0,113734071.0,119413211.0,64905744.0,10647397.0,0.0,0.0,0.0,10779843.0,63002707.0
20260601,317478211.0,81981348.0,157013869.0,67901786.0,10581208.0,0.0,0.0,31752722.0,10828856.0,63002707.0
20260602,291797047.0,52792085.0,162828914.0,65804586.0,10371462.0,0.0,0.0,29189264.0,10924445.0,63002707.0
20260604,275987716.0,107674218.0,96071122.0,62021476.0,10220899.0,0.0,0.0,0.0,11122341.0,63002707.0
20260605,269857687.0,53673795.0,148862392.0,57395936.0,9925564.0,0.0,0.0,53673795.0,11266768.0,63002707.0
20260608,255180902.0,14510134.0,141601492.0,99069276.0,0.0,0.0,0.0,0.0,11417915.0,72233366.0
20260609,256318827.0,3348492.0,155023774.0,97946561.0,0.0,0.0,0.0,3348492.0,11434801.0,72233366.0
20260610,243553575.0,23341793.0,124398892.0,95812890.0,0.0,0.0,0.0,23341793.0,11681607.0,72233366.0
20260611,246331370.0,123890133.0,36837395.0,85603842.0,0.0,0.0,0.0,0.0,11999288.0,72233366.0
20260612,247828361.0,123890133.0,36779539.0,87158689.0,0.0,0.0,0.0,0.0,11999288.0,72233366.0
20260615,253039273.0,123890133.0,38308554.0,90840585.0,0.0,0.0,0.0,0.0,11999288.0,72233366.0
20260616,251653319.0,73544874.0,88484310.0,89624136.0,0.0,0.0,0.0,50349326.0,12092599.0,72233366.0
20260617,250895137.0,5800759.0,106128768.0,138965610.0,0.0,0.0,0.0,5800759.0,12619326.0,72233366.0
20260618,247511602.0,5800759.0,104762793.0,136948050.0,0.0,0.0,0.0,0.0,12619326.0,72233366.0
20260619,244313090.0,47667942.0,62238661.0,134406487.0,0.0,0.0,0.0,0.0,12762674.0,72233366.0
20260622,238996884.0,24334231.0,49811857.0,108140182.0,11306746.0,0.0,45403868.0,0.0,13123668.0,72233366.0
20260623,233611182.0,142562776.0,25495255.0,55343179.0,10209972.0,0.0,0.0,0.0,13397394.0,72233366.0
20260624,234259671.0,190556079.0,0.0,33274264.0,10429327.0,0.0,0.0,0.0,13567486.0,72233366.0
20260625,233014103.0,190556079.0,0.0,32208169.0,10249855.0,0.0,0.0,0.0,13567486.0,72233366.0
20260626,231174137.0,190556079.0,0.0,30248555.0,10369503.0,0.0,0.0,0.0,13567486.0,72233366.0
20260629,236053335.0,190556079.0,0.0,34389923.0,11107333.0,0.0,0.0,0.0,13567486.0,72233366.0
20260630,234485435.0,190556079.0,0.0,32323489.0,11605867.0,0.0,0.0,0.0,13567486.0,72233366.0
20260701,234118244.0,109314013.0,58406472.0,31635891.0,34761869.0,0.0,0.0,58579078.0,13765553.0,72233366.0
20260702,227353970.0,86574029.0,54037304.0,52864938.0,33877699.0,0.0,0.0,0.0,13811422.0,72233366.0
20260703,222278314.0,136298246.0,21740434.0,29952373.0,34287261.0,0.0,0.0,0.0,14002693.0,72233366.0
20260706,219921707.0,136298246.0,21830831.0,29062632.0,32729998.0,0.0,0.0,0.0,14002693.0,72233366.0
20260707,219505305.0,157711148.0,0.0,28666078.0,33128079.0,0.0,0.0,0.0,14076248.0,72233366.0
20260708,216793578.0,157711148.0,0.0,26654446.0,32427985.0,0.0,0.0,0.0,14076248.0,72233366.0
20260709,215987424.0,157711148.0,0.0,26128871.0,32147405.0,0.0,0.0,0.0,14076248.0,72233366.0
20260710,218687606.0,157711148.0,0.0,28337270.0,32639188.0,0.0,0.0,0.0,14076248.0,72233366.0
20260713,219222652.0,157711148.0,0.0,28426637.0,33084867.0,0.0,0.0,0.0,14076248.0,72233366.0
20260714,216969214.0,157711148.0,0.0,27289169.0,31968897.0,0.0,0.0,0.0,14076248.0,72233366.0
20260715,219393956.0,114503388.0,21886621.0,29095448.0,53908500.0,0.0,0.0,21951065.0,14192940.0,72233366.0
20260716,218166148.0,70856861.0,44364840.0,49339575.0,53604872.0,0.0,0.0,21825480.0,14281596.0,72233366.0
20260720,212760274.0,37549670.0,65345326.0,46705303.0,63159975.0,0.0,0.0,21281670.0,14338019.0,72233366.0
20260721,213320114.0,68416840.0,43181827.0,47369072.0,54352375.0,0.0,0.0,0.0,14451999.0,72233366.0
20260722,214030468.0,68416840.0,43038229.0,47451170.0,55124229.0,0.0,0.0,0.0,14451999.0,72233366.0
20260723,221284811.0,68416840.0,44125814.0,50171321.0,58570836.0,0.0,0.0,0.0,14451999.0,72233366.0
20260724,219523015.0,68416840.0,44646511.0,48016654.0,58443010.0,0.0,0.0,0.0,14451999.0,72233366.0
20260727,216916304.0,68416840.0,42052838.0,48044022.0,58402604.0,0.0,0.0,0.0,14451999.0,72233366.0
20260728,207538695.0,107452106.0,20187446.0,24487601.0,55411542.0,0.0,0.0,0.0,14584974.0,72233366.0
20260729,203333703.0,127075065.0,0.0,22951187.0,53307451.0,0.0,0.0,0.0,14661070.0,72233366.0
20260730,204791813.0,151635041.0,0.0,23064756.0,30092016.0,0.0,0.0,0.0,14749404.0,72233366.0
20260731,208156709.0,151635041.0,0.0,25249531.0,31272137.0,0.0,0.0,0.0,14749404.0,72233366.0
20260803,207081369.0,110201370.0,20655951.0,45022061.0,31201987.0,0.0,0.0,20719736.0,14865395.0,72233366.0
20260804,217360993.0,110201370.0,23659121.0,49749783.0,33750720.0,0.0,0.0,0.0,14865395.0,72233366.0
20260805,219710245.0,110201370.0,23195217.0,49605301.0,36708357.0,0.0,0.0,0.0,14865395.0,72233366.0
20260806,221342485.0,110201370.0,24123026.0,50520941.0,36497148.0,0.0,0.0,0.0,14865395.0,72233366.0
20260807,223332372.0,110201370.0,24147442.0,52246724.0,36736837.0,0.0,0.0,0.0,14865395.0,72233366.0
20260810,228357887.0,25431085.0,23756785.0,53455007.0,40999826.0,0.0,84715184.0,0.0,14920496.0,72233366.0
20260811,224964301.0,25431085.0,23805617.0,52168561.0,39027220.0,0.0,84531818.0,0.0,14920496.0,72233366.0
20260812,228225598.0,8099485.0,24660178.0,54487760.0,55896258.0,0.0,85081916.0,0.0,15028294.0,72233366.0
20260813,232325059.0,29654381.0,26222803.0,56120898.0,35611793.0,0.0,84715184.0,0.0,15126616.0,72233366.0
20260814,237845674.0,29654381.0,28566741.0,59844239.0,35248495.0,0.0,84531818.0,0.0,15126616.0,72233366.0
20260818,240374448.0,135182451.0,29128309.0,58598993.0,17464694.0,0.0,0.0,0.0,15239704.0,72233366.0
20260819,240409004.0,135182451.0,29225973.0,58716555.0,17284025.0,0.0,0.0,0.0,15239704.0,72233366.0
20260820,237560866.0,101427451.0,27736596.0,58112209.0,50284610.0,0.0,0.0,0.0,15271442.0,72233366.0
20260821,237802194.0,101427451.0,28371413.0,57128284.0,50875047.0,0.0,0.0,0.0,15271442.0,72233366.0
20260824,238453489.0,101427451.0,27980756.0,59243181.0,49802101.0,0.0,0.0,0.0,15271442.0,72233366.0
20260825,241372188.0,101427451.0,29738710.0,60774463.0,49431565.0,0.0,0.0,0.0,15271442.0,72233366.0
20260826,244214208.0,101427451.0,31179255.0,62005612.0,49601891.0,0.0,0.0,0.0,15271442.0,72233366.0
20260827,244819224.0,101427451.0,30080534.0,63641702.0,49669537.0,0.0,0.0,0.0,15271442.0,72233366.0
20260828,246700926.0,101427451.0,31545495.0,65206363.0,48521617.0,0.0,0.0,0.0,15271442.0,72233366.0
20260831,245943571.0,131720130.0,31032759.0,34123635.0,49067048.0,0.0,0.0,0.0,15403522.0,72233366.0
