날,코드,이름,종가,시가총액(억),거래량
20200102,000060,메리츠화재,17150,19496,301623
20200102,000070,삼양홀딩스,67300,5764,9070
20200102,000080,하이트진로,28900,20269,234407
20200102,000100,유한양행,231500,29579,31296
20200102,000120,CJ대한통운,152500,34789,24403
20200102,000150,두산,68900,11385,61822
20200102,000210,대림산업,87800,30554,134537
20200102,000240,한국테크놀로지그룹,14000,13023,66416
20200102,000250,삼천당제약,36350,8035,271736
20200102,000270,기아차,42500,172279,1355029
20200102,000400,롯데손해보험,2065,6408,81091
20200102,000640,동아쏘시오홀딩스,103500,6353,12731
20200102,000660,SK하이닉스,94700,689418,2342070
20200102,000670,영풍,646000,11900,1065
20200102,000720,현대건설,41200,45879,542387
20200102,000810,삼성화재,238500,112989,120193
20200102,000815,삼성화재우,162500,5187,12920
20200102,000880,한화,24350,18252,159418
20200102,000990,DB하이텍,27900,12387,658702
20200102,001040,CJ,93800,27368,67838
20200102,001060,JW중외제약,29900,6075,97182
20200102,001120,LG상사,15000,5814,155495
20200102,001230,동국제강,5850,5583,242967
20200102,001430,세아베스틸,15000,5379,54360
20200102,001440,대한전선,636,5447,1541107
20200102,001450,현대해상,25900,23155,287208
20200102,001630,종근당홀딩스,101000,5060,20763
20200102,001680,대상,22900,7934,69146
20200102,001720,신영증권,54700,5134,666
20200102,001740,SK네트웍스,5900,14643,603316
20200102,001800,오리온홀딩스,17550,10994,63440
20200102,001820,삼화콘덴서,52600,5468,138052
20200102,002210,동성제약,16050,4184,196666
20200102,002240,고려제강,20550,4110,15787
20200102,002270,롯데푸드,405000,4584,3100
20200102,002350,넥센타이어,8900,8692,132973
20200102,002380,KCC,233500,24649,0
20200102,002790,아모레G,83200,68605,120171
20200102,002960,한국쉘석유,320000,4160,2611
20200102,002990,금호산업,11500,4144,96629
20200102,003000,부광약품,14050,8926,154387
20200102,003090,대웅,13050,7588,25216
20200102,003230,삼양식품,89100,6712,14656
20200102,003240,태광산업,1065000,11858,1294
20200102,003380,하림지주,8420,7880,121897
20200102,003410,쌍용양회,5550,27964,691944
20200102,003470,유안타증권,2855,5698,96626
20200102,003490,대한항공,27850,26414,303459
20200102,003520,영진약품,6460,11815,916981
20200102,003530,한화투자증권,2055,4409,116125
20200102,003540,대신증권,11950,6067,94480
20200102,003550,LG,71100,122688,224450
20200102,003670,포스코케미칼,49350,30098,379324
20200102,003690,코리안리,8960,10785,285067
20200102,003850,보령제약,16400,7249,260123
20200102,004000,롯데정밀화학,44100,11378,67681
20200102,004020,현대제철,31200,41635,367943
20200102,004170,신세계,292500,28797,48510
20200102,004370,농심,237000,14416,11337
20200102,004490,세방전지,36650,5131,11970
20200102,004800,효성,76300,16077,177130
20200102,004990,롯데지주,37700,39551,126017
20200102,005180,빙그레,56300,5546,18035
20200102,005250,녹십자홀딩스,21800,10252,35127
20200102,005290,동진쎄미켐,16400,8432,730952
20200102,005300,롯데칠성,136500,10911,14858
20200102,005380,현대차,118000,252128,556532
20200102,005385,현대차우,71400,17391,36310
20200102,005387,현대차2우B,78800,28751,40450
20200102,005440,현대그린푸드,11650,11383,122167
20200102,005490,POSCO,236000,205761,213578
20200102,005610,SPC삼립,86200,7438,6040
20200102,005690,파미셀,8660,5192,815452
20200102,005830,DB손해보험,50100,35471,194505
20200102,005850,에스엘,17950,8652,48232
20200102,005880,대한해운,23000,5618,42533
20200102,005930,삼성전자,55200,3295320,12993228
20200102,005935,삼성전자우,45600,375236,1512362
20200102,005940,NH투자증권,12500,35176,410933
20200102,006040,동원산업,213000,7833,2893
20200102,006060,화승인더,11700,6472,315702
20200102,006120,SK디스커버리,26400,5026,105049
20200102,006260,LS,46900,15102,63152
20200102,006280,녹십자,131000,15309,15768
20200102,006360,GS건설,30500,24430,221803
20200102,006390,한일현대시멘트,30250,5088,16708
20200102,006400,삼성SDI,232000,159534,186494
20200102,006650,대한유화,116000,7540,21009
20200102,006730,서부T&D,8630,4784,121919
20200102,006800,미래에셋대우,7450,49045,1279267
20200102,00680K,미래에셋대우2우B,4030,5642,239715
20200102,006840,AK홀딩스,34850,4617,29008
20200102,007070,GS리테일,38900,29953,84346
20200102,007310,오뚜기,549000,19793,3126
20200102,007460,에이프로젠 KIC,2770,4244,4688431
20200102,007570,일양약품,22850,4361,68627
20200102,007700,F&F,116000,17864,61727
20200102,008060,대덕전자,10300,8035,236465
20200102,008490,서흥,35400,4095,8191
20200102,008560,메리츠종금증권,3745,23118,1511259
20200102,008770,호텔신라,94000,36893,833223
20200102,008930,한미사이언스,38150,24699,85808
20200102,009150,삼성전기,126500,94488,540197
20200102,009240,한샘,66700,15697,258851
20200102,009410,태영건설,11750,8977,149729
20200102,009420,한올바이오파마,36450,19042,398908
20200102,009450,경동나비엔,45350,5777,95498
20200102,009540,한국조선해양,125500,88820,85564
20200102,009830,한화케미칼,18500,29874,417072
20200102,009970,영원무역홀딩스,46750,6375,9886
20200102,010050,우리종금,639,4308,762028
20200102,010060,OCI,62800,14977,75168
20200102,010120,LS산전,52600,15780,84734
20200102,010130,고려아연,424000,80009,23211
20200102,010140,삼성중공업,7220,45486,1626645
20200102,010620,현대미포조선,44900,17934,147078
20200102,010780,아이에스동서,32800,10133,82696
20200102,010950,S-Oil,91900,103464,250460
20200102,011070,LG이노텍,139000,32897,102519
20200102,011160,두산건설,1410,4652,308494
20200102,011170,롯데케미칼,218500,74892,104804
20200102,011200,현대상선,3750,11871,1799891
20200102,011210,현대위아,48950,13312,89471
20200102,011780,금호석유,76000,23155,60772
20200102,011790,SKC,50600,18992,115259
20200102,012330,현대모비스,247500,235884,214585
20200102,012450,한화에어로스페이스,34700,17891,163331
20200102,012510,더존비즈온,80700,23946,38463
20200102,012630,HDC,10900,6512,200032
20200102,012750,에스원,92500,35149,66887
20200102,013890,지누스,92200,13099,44243
20200102,014680,한솔케미칼,103500,11691,39469
20200102,014820,동원시스템즈,28650,7340,39771
20200102,014830,유니드,46550,4138,15779
20200102,015760,한국전력,28500,182960,2132432
20200102,016360,삼성증권,37850,33800,187682
20200102,016380,동부제철,7730,7731,58776
20200102,017670,SK텔레콤,234000,188945,265743
20200102,017800,현대엘리베이,67600,18387,163457
20200102,017810,풀무원,11550,4400,84698
20200102,018250,애경산업,29350,7751,216923
20200102,018260,삼성에스디에스,192000,148565,59743
20200102,018670,SK가스,83400,7624,7378
20200102,018880,한온시스템,10800,57650,535126
20200102,019680,대교,6050,5125,35993
20200102,020000,한섬,31300,7709,36187
20200102,020150,일진머티리얼즈,43000,19828,321068
20200102,020560,아시아나항공,5490,12146,1301697
20200102,021240,웅진코웨이,90000,66420,143316
20200102,022100,포스코 ICT,5210,7921,245865
20200102,023530,롯데쇼핑,135500,38331,47197
20200102,023590,다우기술,19100,8570,46061
20200102,023890,한국아트라스비엑스,51100,4676,339
20200102,024110,기업은행,11550,66662,2004412
20200102,024720,한국콜마홀딩스,23350,4189,81396
20200102,025540,한국단자,42200,4395,14756
20200102,025980,아난티,10400,8803,1010012
20200102,026960,동서,16750,16700,171253
20200102,027410,BGF,5500,5264,119121
20200102,028050,삼성엔지니어링,19300,37828,501745
20200102,028150,GS홈쇼핑,146500,9614,14920
20200102,028260,삼성물산,107500,203917,232765
20200102,028300,에이치엘비,114300,48851,1196327
20200102,028670,팬오션,4460,23842,1079464
20200102,029780,삼성카드,37450,43389,81976
20200102,029960,코엔텍,9810,4905,182617
20200102,030000,제일기획,23300,26805,203681
20200102,030190,NICE평가정보,13550,8227,150346
20200102,030200,KT,26700,69717,489901
20200102,030530,원익홀딩스,5570,4302,949431
20200102,031390,녹십자셀,46950,5681,132485
20200102,031430,신세계인터내셔날,220000,15708,38878
20200102,032350,롯데관광개발,14550,10080,195375
20200102,032500,케이엠더블유,57300,22807,3017489
20200102,032640,LG유플러스,13850,60471,1398146
20200102,032830,삼성생명,73100,146200,273967
20200102,033180,필룩스,7660,6093,2407556
20200102,033290,코웰패션,5750,5204,312836
20200102,033640,네패스,24850,5730,1140893
20200102,033660,아주캐피탈,12100,6963,43289
20200102,033780,KT&G,92500,126996,448511
20200102,034020,두산중공업,5730,11583,732351
20200102,034220,LG디스플레이,16350,58503,1240852
20200102,034230,파라다이스,20150,18325,1047446
20200102,034310,NICE,20700,7842,18588
20200102,034730,SK,258000,181530,81386
20200102,034830,한국토지신탁,2085,5264,791876
20200102,035250,강원랜드,29250,62578,225430
20200102,035420,NAVER,182500,300784,300640
20200102,035600,KG이니시스,16850,4702,128767
20200102,035720,카카오,152500,131476,241047
20200102,035760,CJ ENM,155600,34122,125376
20200102,035900,JYP Ent.,24100,8554,378735
20200102,036420,제이콘텐트리,39250,5655,137834
20200102,036460,한국가스공사,37350,34479,236737
20200102,036490,SK머티리얼즈,181000,19091,62773
20200102,036540,SFA반도체,4325,6154,6753417
20200102,036570,엔씨소프트,541000,118771,40246
20200102,036830,솔브레인,84200,14649,95758
20200102,037560,CJ헬로,6030,4670,115801
20200102,038540,상상인,8500,4703,1301198
20200102,039030,이오테크닉스,100300,12357,103361
20200102,039130,하나투어,52800,6133,94327
20200102,039200,오스코텍,23850,6964,356756
20200102,039490,키움증권,79000,17459,21135
20200102,039840,디오,41050,6372,70826
20200102,041510,에스엠,37950,8898,152452
20200102,041960,코미팜,15100,9653,394518
20200102,042000,카페24,51200,4828,50905
20200102,042660,대우조선해양,27350,29321,106676
20200102,042670,두산인프라코어,5500,11449,483845
20200102,042700,한미반도체,7960,4555,183281
20200102,043150,바텍,28550,4241,28481
20200102,044340,위닉스,26300,4701,178081
20200102,046890,서울반도체,16100,9387,949342
20200102,047040,대우건설,4660,19368,998508
20200102,047050,포스코인터내셔널,18350,22639,170189
20200102,047810,한국항공우주,33800,32947,228661
20200102,048260,오스템임플란트,42000,6000,146261
20200102,048410,현대바이오,14100,4885,571674
20200102,048530,인트론바이오,15150,4547,679462
20200102,049770,동원F&B,223500,8625,3377
20200102,051600,한전KPS,38550,17348,159043
20200102,051900,LG생활건강,1266000,197726,24426
20200102,051905,LG생활건강우,770000,16168,1023
20200102,051910,LG화학,314000,221660,139496
20200102,051915,LG화학우,171000,13148,16989
20200102,052690,한전기술,20000,7644,62073
20200102,053210,스카이라이프,8730,4175,51784
20200102,053800,안랩,81000,8111,3912087
20200102,055550,신한지주,42600,202009,772880
20200102,056190,에스에프에이,45200,16231,123857
20200102,057050,현대홈쇼핑,79800,9576,19211
20200102,058470,리노공업,62100,9466,40064
20200102,058820,CMG제약,4400,6111,19515587
20200102,060250,NHN한국사이버결제,21850,5019,257441
20200102,060720,KH바텍,22750,5260,692566
20200102,060980,한라홀딩스,45600,4775,20778
20200102,064350,현대로템,15450,13132,313009
20200102,064760,티씨케이,64200,7495,41561
20200102,064960,S&T모티브,43600,6376,51916
20200102,066570,LG전자,71000,116190,284758
20200102,066575,LG전자우,28400,4881,20164
20200102,066970,엘앤에프,22150,5484,279453
20200102,067160,아프리카TV,65700,7552,223349
20200102,067630,에이치엘비생명과학,28400,13364,2479969
20200102,068240,다원시스,15750,4242,111420
20200102,068270,셀트리온,180000,231008,621826
20200102,068760,셀트리온제약,39700,13533,220447
20200102,069080,웹젠,15900,5614,95111
20200102,069260,휴켐스,20600,8421,118882
20200102,069620,대웅제약,136500,15816,26182
20200102,069960,현대백화점,85900,20103,114989
20200102,071050,한국금융지주,70900,39510,89751
20200102,071320,지역난방공사,47350,5483,3576
20200102,071840,롯데하이마트,30600,7224,48138
20200102,073240,금호타이어,4160,11950,308723
20200102,078070,유비쿼스홀딩스,21750,4067,264412
20200102,078130,국일제지,6190,7572,4683647
20200102,078160,메디포스트,35550,5552,141335
20200102,078340,컴투스,104500,13445,54377
20200102,078930,GS,50000,46458,143431
20200102,079160,CJ CGV,34400,7279,59161
20200102,079440,오렌지라이프,27750,22755,79585
20200102,079550,LIG넥스원,31750,6985,51155
20200102,081660,휠라코리아,52300,31963,357763
20200102,082270,젬백스,40450,15566,2915974
20200102,082640,동양생명,3955,6382,138056
20200102,083790,크리스탈,14550,6023,340305
20200102,084680,이월드,5590,5060,3656966
20200102,084850,아이티엠반도체,42400,9679,519674
20200102,084990,헬릭스미스,94100,20152,346789
20200102,085620,미래에셋생명,4055,7178,56588
20200102,085660,차바이오텍,14650,7688,217268
20200102,086280,현대글로비스,138500,51938,105399
20200102,086450,동국제약,88500,7869,25515
20200102,086520,에코프로,22850,5048,403634
20200102,086790,하나금융지주,35950,107937,1028130
20200102,086900,메디톡스,300600,17480,44171
20200102,088260,이리츠코크렙,6730,4263,67846
20200102,088350,한화생명,2290,19889,1549036
20200102,088980,맥쿼리인프라,11650,40664,941567
20200102,089590,제주항공,27050,7130,53984
20200102,090430,아모레퍼시픽,207500,121301,244784
20200102,090435,아모레퍼시픽우,91900,9703,20863
20200102,090460,비에이치,21750,7108,338744
20200102,091700,파트론,13400,7257,767480
20200102,091990,셀트리온헬스케어,52600,75706,853788
20200102,092040,아미코젠,25200,4840,145415
20200102,093050,LF,17800,5205,85960
20200102,093370,후성,8130,7529,538407
20200102,094800,맵스리얼티1,4890,4540,113106
20200102,095610,테스,24850,4912,331515
20200102,095700,제넥신,62700,14898,219998
20200102,096530,씨젠,30950,8119,152379
20200102,096760,JW홀딩스,6310,4071,82980
20200102,096770,SK이노베이션,146500,135462,217016
20200102,097230,한진중공업,5060,4214,82211
20200102,097520,엠씨넥스,37100,6627,349274
20200102,097950,CJ제일제당,245000,36883,32615
20200102,098460,고영,104300,14308,33145
20200102,103140,풍산,23300,6530,78597
20200102,105560,KB금융,46550,193559,1033855
20200102,105630,한세실업,17350,6940,115453
20200102,108320,실리콘웍스,39300,6392,82034
20200102,108670,LG하우시스,54900,4923,27105
20200102,111770,영원무역,33650,14911,100356
20200102,112040,위메이드,29600,4973,98103
20200102,112610,씨에스윈드,37350,6456,42689
20200102,114090,GKL,19450,12031,122512
20200102,115390,락앤락,14000,7586,91089
20200102,115450,지트리비앤티,31200,7803,411329
20200102,120110,코오롱인더,49450,13341,56107
20200102,122870,와이지엔터테인먼트,27500,5004,224040
20200102,122990,와이솔,15050,4240,199276
20200102,128940,한미약품,293500,34082,30812
20200102,138040,메리츠금융지주,11450,16056,104503
20200102,138930,BNK금융지주,7470,24347,530494
20200102,139130,DGB금융지주,7040,11908,630803
20200102,139480,이마트,125500,34984,103554
20200102,140410,메지온,193800,16872,319233
20200102,141080,레고켐바이오,52300,5608,93050
20200102,145020,휴젤,388200,16769,16856
20200102,145720,덴티움,53800,5955,32656
20200102,145990,삼양사,50000,5145,12283
20200102,148150,세경하이테크,35600,4145,408308
20200102,151910,나노스,4140,4610,74713
20200102,161390,한국타이어앤테크놀로지,32450,40197,254405
20200102,161890,한국콜마,48500,11097,232506
20200102,170900,동아에스티,116000,9795,17103
20200102,175330,JB금융지주,5370,10578,261257
20200102,178320,서진시스템,30500,5521,1101212
20200102,178920,SKC코오롱PI,34800,10219,139686
20200102,180640,한진칼,39950,23639,1100915
20200102,181710,NHN,65900,12893,33741
20200102,183490,엔지켐생명과학,73800,5800,174337
20200102,185750,종근당,95200,9873,18540
20200102,192080,더블유게임즈,49800,9094,61237
20200102,192400,쿠쿠홀딩스,103500,7361,5233
20200102,192650,드림텍,6970,4256,1456665
20200102,192820,코스맥스,83800,8421,123691
20200102,196170,알테오젠,69800,9700,495712
20200102,200130,콜마비앤에이치,27050,7992,50380
20200102,200230,텔콘RF제약,4930,4101,3245831
20200102,204320,만도,34900,16388,146404
20200102,207940,삼성바이오로직스,428500,283517,108281
20200102,210980,SK디앤디,29150,5536,10392
20200102,213420,덕산네오룩스,26100,6267,233120
20200102,214150,클래시스,13650,8786,384191
20200102,214320,이노션,70000,14000,48385
20200102,214370,케어젠,76500,8218,0
20200102,215000,골프존,67200,4217,14596
20200102,215200,메가스터디교육,40300,4764,46948
20200102,215600,신라젠,14400,10232,1160611
20200102,218410,RFHIC,39150,9295,1201898
20200102,226320,잇츠한불,20050,4397,39837
20200102,228760,지노믹트리,24550,4907,609587
20200102,230360,에코마케팅,31600,5119,92865
20200102,235980,메드팩토,44550,4498,299702
20200102,237690,에스티팜,29700,5541,125696
20200102,240810,원익IPS,35600,17474,444422
20200102,241560,두산밥캣,33750,33834,92442
20200102,241590,화승엔터프라이즈,16900,10231,102084
20200102,243070,휴온스,53800,4833,107273
20200102,247540,에코프로비엠,53000,10895,135760
20200102,251270,넷마블,90300,77427,150304
20200102,253450,스튜디오드래곤,81100,22786,151096
20200102,263050,유틸렉스,67800,4953,63722
20200102,263750,펄어비스,182400,23754,39104
20200102,265520,AP시스템,34450,4988,579964
20200102,267250,현대중공업지주,330000,53746,57660
20200102,267260,현대일렉트릭,11250,4055,600262
20200102,267270,현대건설기계,31500,6206,129838
20200102,267980,매일유업,84300,6612,25876
20200102,268600,셀리버리,62000,4848,721465
20200102,271560,오리온,105500,41711,92420
20200102,271980,제일약품,35400,5206,22327
20200102,272210,한화시스템,10400,11464,218029
20200102,272290,이녹스첨단소재,52400,4838,67054
20200102,272450,진에어,15300,4590,87503
20200102,278280,천보,63300,6330,129106
20200102,280360,롯데제과,149500,9593,494
20200102,281820,케이씨텍,23050,4573,104042
20200102,282330,BGF리테일,168500,29123,21308
20200102,284740,쿠쿠홈시스,43450,9749,31689
20200102,285130,SK케미칼,66700,7832,450033
20200102,286940,롯데정보통신,40800,6282,33014
20200102,290510,코리아센터,17350,4169,113649
20200102,294870,HDC현대산업개발,25400,11160,155983
20200102,298000,효성화학,144500,4610,8210
20200102,298020,효성티앤씨,152500,6600,4909
20200102,298050,효성첨단소재,110000,4928,13880
20200102,298380,에이비엘바이오,24400,11054,2236999
20200102,307950,현대오토에버,49400,10374,41406
20200102,316140,우리금융지주,11400,82339,1549105
20200102,321550,티움바이오,17850,4188,1371275
20200102,330590,롯데리츠,6130,10542,657374
20200102,336260,두산퓨얼셀,8800,4883,870477
20200102,336370,두산솔루스,20650,6317,163288
20200102,950160,코오롱티슈진,8010,4896,0
20200103,000060,메리츠화재,17150,19496,300473
20200103,000070,삼양홀딩스,66700,5712,9924
20200103,000080,하이트진로,28550,20023,227376
20200103,000100,유한양행,230500,29451,38180
20200103,000120,CJ대한통운,148000,33762,72998
20200103,000150,두산,68300,11286,34744
20200103,000210,대림산업,87800,30554,101282
20200103,000240,한국테크놀로지그룹,13900,12930,63904
20200103,000250,삼천당제약,35200,7781,240187
20200103,000270,기아차,42000,170253,1569720
20200103,000400,롯데손해보험,2060,6393,142657
20200103,000640,동아쏘시오홀딩스,104000,6384,10913
20200103,000660,SK하이닉스,94500,687962,3021380
20200103,000670,영풍,658000,12121,1431
20200103,000720,현대건설,41000,45656,482449
20200103,000810,삼성화재,237000,112278,143182
20200103,000815,삼성화재우,162500,5187,3789
20200103,000880,한화,24550,18402,139980
20200103,000990,DB하이텍,27600,12254,727520
20200103,001040,CJ,92600,27018,76426
20200103,001060,JW중외제약,29700,6034,41640
20200103,001120,LG상사,15050,5833,158707
20200103,001230,동국제강,5900,5631,230597
20200103,001430,세아베스틸,14900,5343,116220
20200103,001440,대한전선,624,5344,1130194
20200103,001450,현대해상,25450,22752,321054
20200103,001630,종근당홀딩스,97800,4900,33701
20200103,001680,대상,22850,7917,87767
20200103,001720,신영증권,54800,5144,1508
20200103,001740,SK네트웍스,5850,14519,1042899
20200103,001800,오리온홀딩스,17600,11026,57501
20200103,001820,삼화콘덴서,53600,5572,240347
20200103,002210,동성제약,16100,4197,573951
20200103,002240,고려제강,20900,4180,17200
20200103,002270,롯데푸드,414500,4692,4780
20200103,002350,넥센타이어,8950,8741,97002
20200103,002380,KCC,233500,24649,0
20200103,002790,아모레G,82300,67863,108725
20200103,002960,한국쉘석유,322000,4186,2087
20200103,002990,금호산업,11300,4072,132061
20200103,003000,부광약품,13800,8767,235819
20200103,003090,대웅,12950,7529,42181
20200103,003230,삼양식품,92600,6976,81169
20200103,003240,태광산업,1079000,12014,791
20200103,003380,하림지주,8120,7599,229694
20200103,003410,쌍용양회,5450,27460,1379338
20200103,003470,유안타증권,2890,5768,166990
20200103,003490,대한항공,27300,25893,572272
20200103,003520,영진약품,6290,11504,1325599
20200103,003530,한화투자증권,2085,4473,271362
20200103,003540,대신증권,11950,6067,88954
20200103,003550,LG,71600,123551,415381
20200103,003670,포스코케미칼,49850,30403,486842
20200103,003690,코리안리,9060,10905,273330
20200103,003850,보령제약,16150,7138,350217
20200103,004000,롯데정밀화학,43900,11326,54588
20200103,004020,현대제철,30800,41101,482613
20200103,004170,신세계,292500,28797,40984
20200103,004370,농심,235500,14325,10941
20200103,004490,세방전지,36500,5110,19223
20200103,004800,효성,76200,16056,95571
20200103,004990,롯데지주,37350,39184,96088
20200103,005180,빙그레,57500,5664,31234
20200103,005250,녹십자홀딩스,21500,10111,61851
20200103,005290,동진쎄미켐,16300,8381,2544400
20200103,005300,롯데칠성,137000,10951,15985
20200103,005380,현대차,116000,247855,1145187
20200103,005385,현대차우,71400,17391,44815
20200103,005387,현대차2우B,78600,28678,59290
20200103,005440,현대그린푸드,11550,11285,131961
20200103,005490,POSCO,237000,206633,273831
20200103,005610,SPC삼립,85400,7369,9534
20200103,005690,파미셀,8620,5168,526324
20200103,005830,DB손해보험,50800,35966,246721
20200103,005850,에스엘,17750,8556,61024
20200103,005880,대한해운,22700,5545,65888
20200103,005930,삼성전자,55500,3313229,15422255
20200103,005935,삼성전자우,45650,375648,1892001
20200103,005940,NH투자증권,12450,35035,733588
20200103,006040,동원산업,220000,8091,5273
20200103,006060,화승인더,11500,6362,447399
20200103,006120,SK디스커버리,26400,5026,98140
20200103,006260,LS,46850,15086,70585
20200103,006280,녹십자,131500,15368,32148
20200103,006360,GS건설,30500,24430,195878
20200103,006390,한일현대시멘트,30250,5088,7999
20200103,006400,삼성SDI,229000,157471,239332
20200103,006650,대한유화,114000,7410,28461
20200103,006730,서부T&D,8520,4723,108930
20200103,006800,미래에셋대우,7560,49769,1825794
20200103,00680K,미래에셋대우2우B,4035,5649,167143
20200103,006840,AK홀딩스,34950,4630,19150
20200103,007070,GS리테일,39000,30030,156393
20200103,007310,오뚜기,548000,19757,4748
20200103,007390,네이처셀,6560,4014,2196930
20200103,007460,에이프로젠 KIC,2815,4327,13594720
20200103,007570,일양약품,22650,4323,46055
20200103,007700,F&F,117500,18095,69474
20200103,008060,대덕전자,10300,8035,426238
20200103,008490,서흥,34700,4014,18166
20200103,008560,메리츠종금증권,3780,23334,1289903
20200103,008770,호텔신라,95300,37403,689855
20200103,008930,한미사이언스,38050,24635,94905
20200103,009150,삼성전기,127500,95234,573710
20200103,009240,한샘,69400,16333,309676
20200103,009410,태영건설,11750,8977,147399
20200103,009420,한올바이오파마,36000,18807,327068
20200103,009450,경동나비엔,45650,5816,107340
20200103,009540,한국조선해양,129500,91651,328380
20200103,009830,한화케미칼,19200,31004,865038
20200103,009970,영원무역홀딩스,46650,6361,9256
20200103,010050,우리종금,638,4301,994086
20200103,010060,OCI,62800,14977,86842
20200103,010120,LS산전,53000,15900,58012
20200103,010130,고려아연,425500,80292,29362
20200103,010140,삼성중공업,7240,45612,2501039
20200103,010620,현대미포조선,45700,18254,221339
20200103,010780,아이에스동서,32400,10009,55875
20200103,010950,S-Oil,93500,105265,307012
20200103,011070,LG이노텍,139500,33016,111592
20200103,011160,두산건설,1395,4602,209366
20200103,011170,롯데케미칼,216000,74035,110576
20200103,011200,현대상선,3775,11950,1567072
20200103,011210,현대위아,47800,12999,134163
20200103,011780,금호석유,76200,23216,124594
20200103,011790,SKC,49850,18711,207507
20200103,012330,현대모비스,250000,238267,255475
20200103,012450,한화에어로스페이스,34850,17969,206894
20200103,012510,더존비즈온,79700,23649,118091
20200103,012630,HDC,10800,6452,292570
20200103,012750,에스원,91300,34693,78066
20200103,013890,지누스,93300,13255,94405
20200103,014680,한솔케미칼,106500,12029,64817
20200103,014820,동원시스템즈,28450,7288,29362
20200103,014830,유니드,46750,4156,12132
20200103,015760,한국전력,28250,181355,1314136
20200103,016360,삼성증권,38100,34023,266984
20200103,016380,동부제철,7700,7701,61580
20200103,017670,SK텔레콤,234000,188945,262330
20200103,017800,현대엘리베이,67600,18387,134206
20200103,017810,풀무원,11450,4361,77468
20200103,018250,애경산업,29450,7778,266321
20200103,018260,삼성에스디에스,192500,148952,66452
20200103,018670,SK가스,84800,7752,6341
20200103,018880,한온시스템,10650,56850,1105818
20200103,019680,대교,6070,5141,42652
20200103,020000,한섬,31600,7783,52807
20200103,020150,일진머티리얼즈,41750,19251,425663
20200103,020560,아시아나항공,5490,12146,1661898
20200103,021240,웅진코웨이,90300,66641,146719
20200103,022100,포스코 ICT,5080,7723,325222
20200103,023530,롯데쇼핑,132500,37483,95250
20200103,023590,다우기술,19200,8614,85273
20200103,023890,한국아트라스비엑스,51100,4676,206
20200103,024110,기업은행,11600,66950,1478623
20200103,024720,한국콜마홀딩스,22950,4117,95310
20200103,025540,한국단자,43350,4515,21009
20200103,025860,남해화학,8150,4049,163392
20200103,025980,아난티,10550,8930,1656653
20200103,026960,동서,16750,16700,116594
20200103,027410,BGF,5560,5322,117900
20200103,028050,삼성엔지니어링,19250,37730,489337
20200103,028150,GS홈쇼핑,145800,9568,16373
20200103,028260,삼성물산,107500,203917,253791
20200103,028300,에이치엘비,108500,46372,1762242
20200103,028670,팬오션,4500,24056,921814
20200103,029780,삼성카드,37600,43563,87649
20200103,029960,코엔텍,9780,4890,153905
20200103,030000,제일기획,23000,26459,239508
20200103,030190,NICE평가정보,13550,8227,97774
20200103,030200,KT,26600,69456,590114
20200103,030530,원익홀딩스,5640,4356,618341
20200103,031390,녹십자셀,44900,5433,226206
20200103,031430,신세계인터내셔날,227500,16244,87088
20200103,032350,롯데관광개발,14700,10184,312540
20200103,032500,케이엠더블유,56400,22449,1842163
20200103,032640,LG유플러스,13800,60252,1033335
20200103,032830,삼성생명,73300,146600,240366
20200103,033180,필룩스,7730,6149,3758615
20200103,033290,코웰패션,5670,5131,285799
20200103,033640,네패스,26700,6157,3614426
20200103,033660,아주캐피탈,11800,6790,32651
20200103,033780,KT&G,92500,126996,336531
20200103,034020,두산중공업,5720,11563,761035
20200103,034220,LG디스플레이,16250,58145,2113024
20200103,034230,파라다이스,19900,18098,1179123
20200103,034310,NICE,20800,7880,20379
20200103,034730,SK,256500,180474,115357
20200103,034830,한국토지신탁,2050,5176,617160
20200103,035250,강원랜드,29150,62364,937597
20200103,035420,NAVER,181500,299136,454492
20200103,035600,KG이니시스,16400,4576,245076
20200103,035720,카카오,152500,131476,314848
20200103,035760,CJ ENM,154700,33924,98855
20200103,035900,JYP Ent.,24200,8590,645440
20200103,036420,제이콘텐트리,39000,5619,110486
20200103,036460,한국가스공사,37100,34248,252865
20200103,036490,SK머티리얼즈,181000,19091,62954
20200103,036540,SFA반도체,4300,6119,8563450
20200103,036570,엔씨소프트,565000,124040,112404
20200103,036830,솔브레인,84800,14754,1286008
20200103,037560,CJ헬로,5990,4639,134186
20200103,038540,상상인,8550,4731,386139
20200103,039030,이오테크닉스,100900,12430,116655
20200103,039130,하나투어,52800,6133,108635
20200103,039200,오스코텍,23050,6731,261135
20200103,039490,키움증권,80500,17790,72427
20200103,039840,디오,39500,6132,112538
20200103,041510,에스엠,37200,8722,298101
20200103,041960,코미팜,14700,9397,460327
20200103,042000,카페24,51200,4828,102664
20200103,042660,대우조선해양,27500,29482,140565
20200103,042670,두산인프라코어,5490,11428,711193
20200103,042700,한미반도체,7970,4561,357929
20200103,043150,바텍,28350,4211,23627
20200103,044340,위닉스,25700,4593,236937
20200103,046890,서울반도체,16600,9679,1835058
20200103,047040,대우건설,4695,19513,752578
20200103,047050,포스코인터내셔널,18800,23195,241745
20200103,047810,한국항공우주,33950,33093,294440
20200103,048260,오스템임플란트,40800,5829,197200
20200103,048410,현대바이오,13800,4781,781269
20200103,048530,인트론바이오,14350,4307,758962
20200103,049770,동원F&B,222500,8587,3988
20200103,051600,한전KPS,38600,17370,145877
20200103,051900,LG생활건강,1263000,197258,29170
20200103,051905,LG생활건강우,769000,16147,1517
20200103,051910,LG화학,311000,219542,165030
20200103,051915,LG화학우,172000,13225,10907
20200103,052690,한전기술,20050,7663,66582
20200103,053210,스카이라이프,8690,4156,25187
20200103,053800,안랩,76000,7611,2252652
20200103,055550,신한지주,42750,202720,963717
20200103,056190,에스에프에이,44600,16015,178637
20200103,057050,현대홈쇼핑,80600,9672,21575
20200103,058470,리노공업,62500,9526,39078
20200103,058820,CMG제약,4220,5861,7365679
20200103,060250,NHN한국사이버결제,21600,4962,184953
20200103,060720,KH바텍,22100,5110,756589
20200103,060980,한라홀딩스,45900,4807,23328
20200103,064350,현대로템,15450,13132,414893
20200103,064760,티씨케이,62500,7297,43723
20200103,064960,S&T모티브,43550,6368,54972
20200103,066570,LG전자,71100,116354,369493
20200103,066575,LG전자우,28300,4864,19116
20200103,066970,엘앤에프,21700,5373,287020
20200103,067160,아프리카TV,60500,6954,695711
20200103,067630,에이치엘비생명과학,27600,12988,1848911
20200103,068240,다원시스,15850,4269,215554
20200103,068270,셀트리온,177500,227800,498043
20200103,068760,셀트리온제약,38950,13278,208250
20200103,069080,웹젠,15850,5597,110994
20200103,069260,휴켐스,20450,8360,126934
20200103,069620,대웅제약,135500,15700,24610
20200103,069960,현대백화점,85600,20032,95600
20200103,071050,한국금융지주,71600,39900,122503
20200103,071320,지역난방공사,47500,5500,2476
20200103,071840,롯데하이마트,30400,7177,39190
20200103,073240,금호타이어,4120,11835,345165
20200103,078130,국일제지,6020,7364,3763167
20200103,078160,메디포스트,34600,5404,137065
20200103,078340,컴투스,103900,13368,41483
20200103,078930,GS,50300,46736,126085
20200103,079160,CJ CGV,34000,7195,135917
20200103,079440,오렌지라이프,27850,22837,117742
20200103,079550,LIG넥스원,32850,7227,199004
20200103,081660,휠라코리아,52800,32269,304140
20200103,082270,젬백스,39200,15085,1930788
20200103,082640,동양생명,3935,6349,120485
20200103,083790,크리스탈,14100,5837,310481
20200103,084680,이월드,5520,4996,1679601
20200103,084850,아이티엠반도체,43300,9885,441774
20200103,084990,헬릭스미스,91000,19488,528324
20200103,085620,미래에셋생명,4090,7240,27724
20200103,085660,차바이오텍,14550,7636,176464
20200103,086280,현대글로비스,138000,51750,94712
20200103,086450,동국제약,88700,7887,33681
20200103,086520,에코프로,22500,4970,287187
20200103,086790,하나금융지주,36200,108688,820710
20200103,086900,메디톡스,311400,18108,88031
20200103,088260,이리츠코크렙,6730,4263,130907
20200103,088350,한화생명,2280,19802,1380977
20200103,088980,맥쿼리인프라,11650,40664,933218
20200103,089590,제주항공,26550,6998,251671
20200103,090430,아모레퍼시픽,206500,120717,235872
20200103,090435,아모레퍼시픽우,92200,9734,22663
20200103,090460,비에이치,21750,7108,687694
20200103,091700,파트론,13200,7149,806752
20200103,091990,셀트리온헬스케어,51400,73979,809860
20200103,092040,아미코젠,24300,4667,102947
20200103,093050,LF,18050,5278,95339
20200103,093370,후성,8210,7603,2809901
20200103,094800,맵스리얼티1,4845,4498,117567
20200103,095610,테스,25050,4952,575182
20200103,095700,제넥신,61900,14708,200763
20200103,096530,씨젠,31500,8264,272230
20200103,096760,JW홀딩스,6350,4097,84143
20200103,096770,SK이노베이션,149500,138236,274987
20200103,097230,한진중공업,5080,4230,42149
20200103,097520,엠씨넥스,36150,6458,516683
20200103,097950,CJ제일제당,241000,36281,40183
20200103,098460,고영,103000,14129,34262
20200103,103140,풍산,23750,6656,127168
20200103,105560,KB금융,47150,196053,1123490
20200103,105630,한세실업,17250,6900,162552
20200103,108320,실리콘웍스,39550,6433,100043
20200103,108670,LG하우시스,55500,4977,21163
20200103,111770,영원무역,33150,14689,140099
20200103,112040,위메이드,30800,5174,261965
20200103,112610,씨에스윈드,38100,6586,47462
20200103,114090,GKL,19600,12124,200207
20200103,115390,락앤락,14000,7586,102041
20200103,115450,지트리비앤티,30600,7653,361221
20200103,120110,코오롱인더,49250,13287,72002
20200103,122870,와이지엔터테인먼트,28400,5168,563162
20200103,122990,와이솔,14900,4198,207151
20200103,128940,한미약품,296500,34430,30873
20200103,138040,메리츠금융지주,11400,15986,78982
20200103,138930,BNK금융지주,7490,24413,648984
20200103,139130,DGB금융지주,7060,11942,543786
20200103,139480,이마트,122500,34148,169434
20200103,140410,메지온,191100,16637,228465
20200103,141080,레고켐바이오,50300,5393,94458
20200103,145020,휴젤,387100,16722,10580
20200103,145720,덴티움,53300,5900,30749
20200103,145990,삼양사,50300,5176,7079
20200103,151910,나노스,4085,4548,94169
20200103,161390,한국타이어앤테크놀로지,31900,39516,326118
20200103,161890,한국콜마,47500,10869,269112
20200103,170900,동아에스티,113500,9584,23868
20200103,175330,JB금융지주,5420,10676,300344
20200103,178320,서진시스템,30700,5557,676033
20200103,178920,SKC코오롱PI,35200,10337,316174
20200103,180640,한진칼,39050,23106,1031071
20200103,181710,NHN,65800,12874,55399
20200103,183490,엔지켐생명과학,72000,5659,152531
20200103,185750,종근당,94000,9748,24909
20200103,192080,더블유게임즈,50100,9149,65999
20200103,192400,쿠쿠홀딩스,104500,7432,9253
20200103,192650,드림텍,6750,4122,2716307
20200103,192820,코스맥스,81500,8190,132147
20200103,196170,알테오젠,67400,9366,497767
20200103,200130,콜마비앤에이치,26600,7859,57502
20200103,200230,텔콘RF제약,5080,4226,9388629
20200103,204320,만도,33950,15942,377485
20200103,207940,삼성바이오로직스,422000,279216,123810
20200103,210980,SK디앤디,29350,5574,15269
20200103,213420,덕산네오룩스,26500,6363,420698
20200103,214150,클래시스,13850,8914,313556
20200103,214320,이노션,69100,13820,40829
20200103,214370,케어젠,76500,8218,0
20200103,215000,골프존,66500,4173,12042
20200103,215200,메가스터디교육,40100,4741,31487
20200103,215600,신라젠,13900,9876,2188722
20200103,218410,RFHIC,36250,8607,2251274
20200103,226320,잇츠한불,19950,4375,62199
20200103,228760,지노믹트리,23900,4777,312246
20200103,230360,에코마케팅,32200,5216,165200
20200103,235980,메드팩토,44600,4503,308424
20200103,237690,에스티팜,29050,5420,99151
20200103,240810,원익IPS,34800,17081,631354
20200103,241560,두산밥캣,34250,34335,126193
20200103,241590,화승엔터프라이즈,16750,10140,138322
20200103,243070,휴온스,55500,4986,67557
20200103,247540,에코프로비엠,51300,10545,168253
20200103,251270,넷마블,90600,77685,157973
20200103,253450,스튜디오드래곤,80000,22477,95960
20200103,263050,유틸렉스,65500,4785,56080
20200103,263750,펄어비스,185700,24184,60609
20200103,265520,AP시스템,33750,4887,440261
20200103,267250,현대중공업지주,331000,53909,29675
20200103,267260,현대일렉트릭,11250,4055,534169
20200103,267270,현대건설기계,30850,6078,96043
20200103,267980,매일유업,85800,6730,10919
20200103,268600,셀리버리,62200,4864,367792
20200103,271560,오리온,104000,41118,49588
20200103,271980,제일약품,35100,5161,14818
20200103,272210,한화시스템,10250,11299,480865
20200103,272290,이녹스첨단소재,52100,4810,78702
20200103,272450,진에어,15250,4575,115490
20200103,278280,천보,62900,6290,94871
20200103,280360,롯데제과,147500,9465,2497
20200103,281820,케이씨텍,23050,4573,203456
20200103,282330,BGF리테일,169000,29210,26817
20200103,284740,쿠쿠홈시스,43450,9749,26928
20200103,285130,SK케미칼,67000,7867,213770
20200103,286940,롯데정보통신,40150,6182,47728
20200103,290510,코리아센터,18200,4374,246071
20200103,294870,HDC현대산업개발,25250,11094,210566
20200103,298000,효성화학,140000,4466,20875
20200103,298020,효성티앤씨,152000,6578,3552
20200103,298050,효성첨단소재,111000,4973,19763
20200103,298380,에이비엘바이오,23750,10760,2007433
20200103,307950,현대오토에버,48500,10185,43535
20200103,316140,우리금융지주,11300,81616,1670932
20200103,321550,티움바이오,17350,4070,1326050
20200103,330590,롯데리츠,6100,10490,547978
20200103,336260,두산퓨얼셀,8690,4822,957011
20200103,336370,두산솔루스,22800,6974,1052337
20200103,950160,코오롱티슈진,8010,4896,0
20200106,000060,메리츠화재,16650,18928,273673
20200106,000070,삼양홀딩스,64200,5498,8788
20200106,000080,하이트진로,28650,20093,227073
20200106,000100,유한양행,226500,28940,26424
20200106,000120,CJ대한통운,147000,33534,67028
20200106,000150,두산,66600,11005,71951
20200106,000210,대림산업,84100,29267,235620
20200106,000240,한국테크놀로지그룹,13900,12930,49173
20200106,000250,삼천당제약,34050,7527,198541
20200106,000270,기아차,41900,169847,830880
20200106,000400,롯데손해보험,2040,6331,107453
20200106,000640,동아쏘시오홀딩스,102000,6261,5466
20200106,000660,SK하이닉스,94300,686506,2577573
20200106,000670,영풍,652000,12010,1018
20200106,000720,현대건설,39500,43986,861179
20200106,000810,삼성화재,234000,110857,66855
20200106,000815,삼성화재우,161000,5139,8738
20200106,000880,한화,23500,17615,221121
20200106,000990,DB하이텍,28000,12432,745935
20200106,001040,CJ,90300,26347,59739
20200106,001060,JW중외제약,28800,5852,58476
20200106,001120,LG상사,14600,5659,158442
20200106,001230,동국제강,5730,5468,319922
20200106,001430,세아베스틸,14550,5218,76416
20200106,001440,대한전선,611,5233,818869
20200106,001450,현대해상,25350,22663,195641
20200106,001630,종근당홀딩스,95900,4804,25561
20200106,001680,대상,22100,7657,115857
20200106,001720,신영증권,54400,5106,4529
20200106,001740,SK네트웍스,5620,13948,1099837
20200106,001800,오리온홀딩스,17200,10775,37771
20200106,001820,삼화콘덴서,53700,5582,193209
20200106,002210,동성제약,15300,3989,300770
20200106,002240,고려제강,20300,4060,13543
20200106,002270,롯데푸드,404500,4578,2139
20200106,002350,넥센타이어,8890,8683,69428
20200106,002380,KCC,233500,24649,0
20200106,002790,아모레G,80800,66626,69179
20200106,002960,한국쉘석유,320500,4166,2513
20200106,003000,부광약품,12950,8227,394381
20200106,003090,대웅,12350,7181,109504
20200106,003230,삼양식품,92400,6961,25232
20200106,003240,태광산업,1050000,11691,696
20200106,003380,하림지주,7820,7318,221050
20200106,003410,쌍용양회,5370,27057,664009
20200106,003470,유안타증권,2815,5619,124236
20200106,003490,대한항공,26500,25134,690224
20200106,003520,영진약품,6080,11120,1737380
20200106,003530,한화투자증권,2030,4355,477706
20200106,003540,대신증권,11650,5915,109678
20200106,003550,LG,71500,123378,158278
20200106,003670,포스코케미칼,49800,30372,328230
20200106,003690,코리안리,8780,10568,506746
20200106,003850,보령제약,15900,7028,236197
20200106,004000,롯데정밀화학,42250,10900,98630
20200106,004020,현대제철,29650,39567,639706
20200106,004170,신세계,290000,28551,24759
20200106,004370,농심,231000,14051,15331
20200106,004490,세방전지,36000,5040,13268
20200106,004800,효성,75700,15951,72702
20200106,004990,롯데지주,36650,38449,87830
20200106,005180,빙그레,57200,5635,23559
20200106,005250,녹십자홀딩스,21100,9923,44395
20200106,005290,동진쎄미켐,15900,8175,1229157
20200106,005300,롯데칠성,135000,10791,14574
20200106,005380,현대차,116000,247855,334574
20200106,005385,현대차우,70900,17269,34713
20200106,005387,현대차2우B,78500,28641,42181
20200106,005440,현대그린푸드,11300,11041,99672
20200106,005490,POSCO,231000,201402,217886
20200106,005610,SPC삼립,85000,7335,6938
20200106,005690,파미셀,8190,4911,657276
20200106,005830,DB손해보험,50200,35542,142825
20200106,005850,에스엘,17350,8363,45808
20200106,005880,대한해운,21750,5313,107155
20200106,005930,삼성전자,55500,3313229,10278951
20200106,005935,삼성전자우,45700,376059,1212706
20200106,005940,NH투자증권,12150,34191,850206
20200106,006040,동원산업,216000,7944,2215
20200106,006060,화승인더,11700,6472,326985
20200106,006120,SK디스커버리,26300,5007,96236
20200106,006260,LS,45200,14554,82214
20200106,006280,녹십자,127500,14900,20875
20200106,006360,GS건설,29350,23509,426737
20200106,006390,한일현대시멘트,29100,4895,23611
20200106,006400,삼성SDI,230000,158158,151022
20200106,006650,대한유화,109000,7085,57109
20200106,006730,서부T&D,8220,4557,180313
20200106,006800,미래에셋대우,7400,48715,1239612
20200106,00680K,미래에셋대우2우B,3990,5586,155224
20200106,006840,AK홀딩스,34600,4584,26980
20200106,007070,GS리테일,38800,29876,75111
20200106,007310,오뚜기,538000,19396,2282
20200106,007460,에이프로젠 KIC,2665,4097,5043921
20200106,007570,일양약품,21850,4170,57438
20200106,007700,F&F,117000,18018,50823
20200106,008060,대덕전자,10050,7840,398973
20200106,008490,서흥,34150,3951,6766
20200106,008560,메리츠종금증권,3635,22439,2357367
20200106,008770,호텔신라,94900,37246,413182
20200106,008930,한미사이언스,36800,23825,99706
20200106,009150,삼성전기,127500,95234,675565
20200106,009240,한샘,69100,16262,105039
20200106,009410,태영건설,11400,8710,185745
20200106,009420,한올바이오파마,34750,18154,313110
20200106,009450,경동나비엔,44500,5669,74983
20200106,009540,한국조선해양,127500,90236,159650
20200106,009830,한화케미칼,18600,30035,625812
20200106,009970,영원무역홀딩스,45500,6204,14315
20200106,010050,우리종금,623,4200,758407
20200106,010060,OCI,60500,14429,152577
20200106,010120,LS산전,52200,15660,61040
20200106,010130,고려아연,421500,79537,20916
20200106,010140,삼성중공업,7170,45171,2005496
20200106,010620,현대미포조선,44100,17614,171965
20200106,010780,아이에스동서,31350,9685,47331
20200106,010950,S-Oil,93400,105152,385159
20200106,011070,LG이노텍,142000,33607,110591
20200106,011160,두산건설,1365,4503,160703
20200106,011170,롯데케미칼,209000,71636,190442
20200106,011200,현대상선,3835,12140,1312388
20200106,011210,현대위아,46750,12714,71905
20200106,011780,금호석유,74600,22729,112052
20200106,011790,SKC,50700,19030,198063
20200106,012330,현대모비스,249500,237790,130109
20200106,012450,한화에어로스페이스,35150,18123,375881
20200106,012510,더존비즈온,79600,23619,86724
20200106,012630,HDC,10400,6213,390954
20200106,012750,에스원,90800,34503,49312
20200106,013890,지누스,91800,13042,41167
20200106,014680,한솔케미칼,106000,11973,37824
20200106,014820,동원시스템즈,28150,7212,21678
20200106,014830,유니드,45150,4014,40469
20200106,015760,한국전력,27600,177182,1255971
20200106,016360,삼성증권,37500,33488,215108
20200106,016380,동부제철,7700,7701,19674
20200106,017670,SK텔레콤,231500,186926,225461
20200106,017800,현대엘리베이,65100,17707,346310
20200106,017810,풀무원,11100,4228,50753
20200106,018250,애경산업,28600,7553,237898
20200106,018260,삼성에스디에스,190500,147405,64597
20200106,018670,SK가스,85000,7771,6680
20200106,018880,한온시스템,10700,57117,621617
20200106,019680,대교,6010,5091,31887
20200106,020000,한섬,31300,7709,44260
20200106,020150,일진머티리얼즈,41850,19297,296900
20200106,020560,아시아나항공,5390,11925,1226669
20200106,021240,웅진코웨이,90400,66715,137617
20200106,022100,포스코 ICT,5020,7632,224673
20200106,023530,롯데쇼핑,128500,36351,72254
20200106,023590,다우기술,18700,8390,107647
20200106,023890,한국아트라스비엑스,51500,4712,894
20200106,024110,기업은행,11350,65507,1840398
20200106,024720,한국콜마홀딩스,22100,3965,69617
20200106,025540,한국단자,42850,4463,12754
20200106,025860,남해화학,8090,4019,554460
20200106,025980,아난티,10050,8507,1800192
20200106,026960,동서,16350,16301,97539
20200106,027410,BGF,5370,5140,140658
20200106,028050,삼성엔지니어링,18800,36848,738233
20200106,028150,GS홈쇼핑,143000,9384,16978
20200106,028260,삼성물산,106000,201071,236334
20200106,028300,에이치엘비,106300,45431,2361530
20200106,028670,팬오션,4380,23414,1140640
20200106,029780,삼성카드,37150,43042,66830
20200106,029960,코엔텍,9590,4795,209142
20200106,030000,제일기획,22350,25712,262977
20200106,030190,NICE평가정보,13400,8136,182756
20200106,030200,KT,26400,68934,591055
20200106,030530,원익홀딩스,5570,4302,686772
20200106,031390,녹십자셀,42800,5179,201069
20200106,031430,신세계인터내셔날,226500,16172,49776
20200106,032350,롯데관광개발,14250,9872,221907
20200106,032500,케이엠더블유,55200,21971,1138559
20200106,032640,LG유플러스,13600,59379,848301
20200106,032830,삼성생명,72700,145400,153614
20200106,033180,필룩스,7610,6053,10926934
20200106,033290,코웰패션,5530,5005,208421
20200106,033640,네패스,26800,6180,1619247
20200106,033660,아주캐피탈,11800,6790,45040
20200106,033780,KT&G,92700,127270,264302
20200106,034020,두산중공업,5550,11219,1346655
20200106,034220,LG디스플레이,16000,57251,1346891
20200106,034230,파라다이스,19000,17279,1336187
20200106,034310,NICE,20400,7728,20934
20200106,034730,SK,251000,176604,78191
20200106,034830,한국토지신탁,2030,5126,350145
20200106,035250,강원랜드,28950,61936,158775
20200106,035420,NAVER,180500,297488,287970
20200106,035600,KG이니시스,16200,4521,136386
20200106,035720,카카오,154500,133200,393715
20200106,035760,CJ ENM,150200,32938,78272
20200106,035900,JYP Ent.,22900,8128,702558
20200106,036420,제이콘텐트리,37800,5446,80750
20200106,036460,한국가스공사,36550,33740,253857
20200106,036490,SK머티리얼즈,175500,18511,75231
20200106,036540,SFA반도체,4345,6183,6206986
20200106,036570,엔씨소프트,579000,127114,107006
20200106,036830,솔브레인,85600,14893,514321
20200106,037560,CJ헬로,5770,4469,203262
20200106,038540,상상인,8270,4576,512561
20200106,039030,이오테크닉스,102500,12628,128547
20200106,039130,하나투어,50600,5878,166099
20200106,039200,오스코텍,22500,6570,271862
20200106,039490,키움증권,78500,17348,56663
20200106,039840,디오,38400,5961,88427
20200106,041510,에스엠,35300,8277,308017
20200106,041960,코미팜,14100,9013,445343
20200106,042000,카페24,49100,4630,72299
20200106,042660,대우조선해양,26600,28517,119415
20200106,042670,두산인프라코어,5310,11053,857116
20200106,042700,한미반도체,7840,4486,198014
20200106,043150,바텍,27750,4122,34167
20200106,044340,위닉스,24950,4459,326381
20200106,046890,서울반도체,16200,9445,1567354
20200106,047040,대우건설,4500,18703,1287069
20200106,047050,포스코인터내셔널,19200,23688,389222
20200106,047810,한국항공우주,33900,33044,502565
20200106,048260,오스템임플란트,39500,5643,186602
20200106,048410,현대바이오,13450,4660,611805
20200106,048530,인트론바이오,13400,4021,689524
20200106,049770,동원F&B,218000,8413,2932
20200106,051600,한전KPS,37900,17055,144486
20200106,051900,LG생활건강,1249000,195071,19929
20200106,051905,LG생활건강우,765000,16063,981
20200106,051910,LG화학,307000,216718,138154
20200106,051915,LG화학우,168500,12956,11192
20200106,052690,한전기술,19250,7357,97103
20200106,053210,스카이라이프,8420,4027,108919
20200106,053800,안랩,76400,7651,690061
20200106,055550,신한지주,42100,199638,719169
20200106,056190,에스에프에이,43450,15602,197047
20200106,057050,현대홈쇼핑,78300,9396,31981
20200106,058470,리노공업,62200,9481,33068
20200106,058820,CMG제약,4020,5583,4657027
20200106,060250,NHN한국사이버결제,20700,4755,300653
20200106,060720,KH바텍,21250,4914,675497
20200106,060980,한라홀딩스,45500,4765,19523
20200106,064350,현대로템,14950,12708,570371
20200106,064760,티씨케이,62100,7250,37304
20200106,064960,S&T모티브,42400,6200,36077
20200106,066570,LG전자,69900,114390,337026
20200106,066575,LG전자우,27900,4795,13923
20200106,066970,엘앤에프,22400,5546,611851
20200106,067160,아프리카TV,55400,6368,743382
20200106,067630,에이치엘비생명과학,26650,12541,3098702
20200106,068240,다원시스,15700,4228,255226
20200106,068270,셀트리온,173000,222024,575093
20200106,068760,셀트리온제약,37550,12800,187466
20200106,069080,웹젠,15250,5385,128018
20200106,069260,휴켐스,20000,8176,96397
20200106,069620,대웅제약,132000,15294,30032
20200106,069960,현대백화점,84000,19658,68657
20200106,071050,한국금융지주,69500,38730,152742
20200106,071320,지역난방공사,46100,5338,19001
20200106,071840,롯데하이마트,29500,6964,74696
20200106,073240,금호타이어,4055,11648,347356
20200106,074600,원익QnC,14950,3930,371813
20200106,078130,국일제지,5820,7120,2837199
20200106,078160,메디포스트,33350,5209,256253
20200106,078340,컴투스,100500,12931,61718
20200106,078930,GS,50100,46551,154646
20200106,079160,CJ CGV,32900,6962,88852
20200106,079440,오렌지라이프,27550,22591,105929
20200106,079550,LIG넥스원,33600,7392,188696
20200106,081660,휠라코리아,51400,31413,339613
20200106,082270,젬백스,37900,14585,1769631
20200106,082640,동양생명,3830,6180,300489
20200106,083790,크리스탈,13450,5568,502072
20200106,084680,이월드,5460,4942,1002848
20200106,084850,아이티엠반도체,45500,10387,774388
20200106,084990,헬릭스미스,87200,18674,383586
20200106,085620,미래에셋생명,3900,6904,95662
20200106,085660,차바이오텍,14050,7374,248903
20200106,086280,현대글로비스,137500,51562,59502
20200106,086450,동국제약,89500,7958,30856
20200106,086520,에코프로,22750,5026,453753
20200106,086790,하나금융지주,35450,106436,712446
20200106,086900,메디톡스,301900,17556,47919
20200106,088260,이리츠코크렙,6640,4206,86859
20200106,088350,한화생명,2240,19455,1859233
20200106,088980,맥쿼리인프라,11600,40489,504392
20200106,089590,제주항공,25350,6681,200543
20200106,090430,아모레퍼시픽,207000,121009,185010
20200106,090435,아모레퍼시픽우,92200,9734,10072
20200106,090460,비에이치,20900,6830,667069
20200106,091700,파트론,12950,7013,1378966
20200106,091990,셀트리온헬스케어,49950,71892,853959
20200106,092040,아미코젠,23200,4456,162524
20200106,093050,LF,17500,5117,72712
20200106,093370,후성,7970,7381,885104
20200106,094800,맵스리얼티1,4815,4470,45403
20200106,095610,테스,25000,4942,468204
20200106,095700,제넥신,58500,13900,285497
20200106,096530,씨젠,30200,7923,284165
20200106,096760,JW홀딩스,6180,3987,92689
20200106,096770,SK이노베이션,148000,136849,317436
20200106,097230,한진중공업,4915,4093,72361
20200106,097520,엠씨넥스,36800,6574,630009
20200106,097950,CJ제일제당,233500,35152,39960
20200106,098460,고영,99600,13663,55459
20200106,102710,이엔에프테크놀로지,27800,3955,105907
20200106,103140,풍산,23150,6488,92998
20200106,105560,KB금융,46600,193766,698224
20200106,105630,한세실업,16950,6780,161226
20200106,108230,톱텍,10900,4011,1016366
20200106,108320,실리콘웍스,40100,6522,137604
20200106,108670,LG하우시스,54600,4896,20751
20200106,111770,영원무역,32350,14335,104010
20200106,112040,위메이드,29300,4922,107798
20200106,112610,씨에스윈드,38500,6655,80918
20200106,114090,GKL,19050,11784,208375
20200106,115390,락앤락,13950,7559,131394
20200106,115450,지트리비앤티,29400,7353,329456
20200106,120110,코오롱인더,47400,12788,110902
20200106,122870,와이지엔터테인먼트,30000,5459,1141917
20200106,122990,와이솔,14850,4184,212486
20200106,128940,한미약품,290000,33675,30086
20200106,138040,메리츠금융지주,11250,15775,115523
20200106,138930,BNK금융지주,7350,23956,458973
20200106,139130,DGB금융지주,6940,11739,980052
20200106,139480,이마트,120000,33451,176765
20200106,140410,메지온,179400,15618,222610
20200106,141080,레고켐바이오,49700,5329,56064
20200106,145020,휴젤,380000,16415,10396
20200106,145720,덴티움,51600,5712,37432
20200106,145990,삼양사,49300,5073,8941
20200106,151910,나노스,3985,4437,110539
20200106,161390,한국타이어앤테크놀로지,31250,38711,254161
20200106,161890,한국콜마,45600,10434,267095
20200106,170900,동아에스티,111500,9415,14370
20200106,175330,JB금융지주,5350,10539,379349
20200106,178320,서진시스템,29500,5340,678313
20200106,178920,SKC코오롱PI,34000,9985,175308
20200106,180640,한진칼,39050,23106,1761815
20200106,181710,NHN,64400,12600,32719
20200106,183490,엔지켐생명과학,70700,5556,91675
20200106,185750,종근당,92200,9561,14964
20200106,192080,더블유게임즈,48950,8939,55302
20200106,192400,쿠쿠홀딩스,102500,7290,8295
20200106,192650,드림텍,6900,4213,1477288
20200106,192820,코스맥스,78600,7899,106020
20200106,196170,알테오젠,62900,8741,635106
20200106,200130,콜마비앤에이치,25500,7534,66115
20200106,200230,텔콘RF제약,4800,3993,2980895
20200106,204320,만도,32950,15472,175663
20200106,207940,삼성바이오로직스,412000,272600,99978
20200106,210980,SK디앤디,29100,5526,2256
20200106,213420,덕산네오룩스,26150,6279,252372
20200106,214150,클래시스,13150,8464,444513
20200106,214320,이노션,67900,13580,31235
20200106,214370,케어젠,76500,8218,0
20200106,215000,골프존,64700,4060,14359
20200106,215200,메가스터디교육,39600,4681,37080
20200106,215600,신라젠,12900,9166,2719589
20200106,218410,RFHIC,35050,8322,580002
20200106,226320,잇츠한불,19300,4232,23560
20200106,228760,지노믹트리,22550,4507,258442
20200106,230360,에코마케팅,30700,4973,117273
20200106,235980,메드팩토,40800,4120,344021
20200106,237690,에스티팜,27650,5158,153939
20200106,240810,원익IPS,34800,17081,374485
20200106,241560,두산밥캣,33550,33634,92858
20200106,241590,화승엔터프라이즈,16600,10049,92747
20200106,243070,휴온스,53000,4761,43552
20200106,247540,에코프로비엠,51300,10545,136867
20200106,251270,넷마블,87800,75284,200760
20200106,253450,스튜디오드래곤,77300,21718,91372
20200106,263050,유틸렉스,62300,4551,43966
20200106,263750,펄어비스,180800,23546,53168
20200106,265520,AP시스템,33500,4851,409079
20200106,267250,현대중공업지주,323500,52687,33387
20200106,267260,현대일렉트릭,10900,3929,329798
20200106,267270,현대건설기계,29300,5772,151677
20200106,267980,매일유업,83700,6565,22079
20200106,268600,셀리버리,64100,5013,379427
20200106,271560,오리온,105000,41513,78843
20200106,271980,제일약품,34650,5095,68707
20200106,272210,한화시스템,10050,11078,327864
20200106,272290,이녹스첨단소재,51000,4709,72411
20200106,272450,진에어,14800,4440,502051
20200106,278280,천보,62600,6260,87796
20200106,280360,롯데제과,149000,9561,2039
20200106,281820,케이씨텍,23450,4652,171748
20200106,282330,BGF리테일,166500,28778,21202
20200106,284740,쿠쿠홈시스,42500,9536,49011
20200106,285130,SK케미칼,66400,7796,261860
20200106,286940,롯데정보통신,39700,6112,30508
20200106,290510,코리아센터,17500,4205,117094
20200106,294870,HDC현대산업개발,24400,10721,330924
20200106,298000,효성화학,137500,4386,11198
20200106,298020,효성티앤씨,149500,6470,10337
20200106,298050,효성첨단소재,108500,4861,18259
20200106,298380,에이비엘바이오,22150,10035,1964164
20200106,307950,현대오토에버,46950,9860,54126
20200106,316140,우리금융지주,11050,79811,1734281
20200106,330590,롯데리츠,6060,10421,1005203
20200106,336260,두산퓨얼셀,8330,4623,1109156
20200106,336370,두산솔루스,23650,7234,1067235
20200106,950160,코오롱티슈진,8010,4896,0
