2025010210,2400.87,2410.99,2386.84,2398.81,123503
2025010211,2398.94,2400.94,2391.54,2399.91,60502
2025010212,2400.04,2400.67,2389.06,2391.01,44745
2025010213,2390.21,2392.77,2386.89,2388.86,33417
2025010214,2389.26,2399.42,2388.14,2396.57,48246
2025010309,2402.58,2440.65,2402.58,2440.65,135744
2025010310,2439.96,2446.2,2437.81,2445.11,82047
2025010311,2445.16,2446.6,2442.85,2445.68,35862
2025010312,2445.09,2450.37,2445.09,2449.37,29775
2025010313,2448.29,2454.67,2439.27,2442.49,58940
2025010314,2442.21,2443.76,2438.16,2443.24,37730
2025010609,2453.3,2456.69,2446.82,2455.09,0
2025010610,2454.35,2478.47,2454.35,2477.59,53049
2025010611,2478.39,2480.92,2475.01,2479.66,34801
2025010612,2479.89,2481.7,2477.79,2480.5,26118
2025010613,2481.09,2485.1,2478.65,2484.35,36426
2025010614,2483.71,2489.1,2483.71,2486.0,34361
2025010709,2513.49,2521.86,2506.29,2517.74,140781
2025010710,2518.66,2519.58,2510.85,2515.19,93406
2025010711,2515.18,2516.06,2503.17,2505.82,36332
2025010712,2504.48,2506.51,2496.53,2503.21,32031
2025010713,2502.8,2503.88,2495.35,2496.24,33237
2025010714,2495.46,2499.57,2492.94,2494.36,37361
2025010809,2481.25,2504.15,2481.25,2493.05,116039
2025010810,2491.18,2522.39,2489.54,2518.16,60092
2025010811,2518.02,2525.12,2515.94,2522.29,38560
2025010812,2522.32,2526.77,2520.09,2521.43,27036
2025010813,2521.88,2524.64,2515.8,2518.82,36449
2025010814,2517.41,2525.94,2517.41,2524.63,48357
2025010909,2526.1,2527.48,2515.82,2520.48,140612
2025010910,2519.06,2532.46,2517.9,2532.19,62629
2025010911,2532.26,2532.89,2528.4,2531.52,35396
2025010912,2532.22,2535.87,2527.47,2529.75,28083
2025010913,2529.8,2532.21,2517.23,2521.21,39402
2025010914,2521.47,2528.85,2520.53,2527.01,42362
2025011009,2528.42,2535.24,2506.29,2517.07,121860
2025011010,2517.02,2522.45,2509.84,2516.37,50621
2025011011,2517.43,2524.76,2514.69,2522.24,31330
2025011012,2521.95,2526.51,2521.11,2521.87,40157
2025011013,2521.83,2523.62,2518.39,2522.12,43209
2025011014,2521.33,2524.76,2519.6,2521.27,46330
2025011309,2508.15,2513.93,2497.65,2501.68,0
2025011310,2500.3,2501.18,2488.36,2488.36,92816
2025011311,2488.65,2493.21,2487.39,2490.8,60164
2025011312,2489.96,2492.52,2483.73,2484.87,73060
2025011313,2484.55,2491.71,2484.04,2489.77,71709
2025011314,2490.44,2492.51,2486.34,2487.62,56401
2025011409,2501.49,2504.89,2494.48,2494.48,163997
2025011410,2495.52,2495.66,2482.74,2485.68,63475
2025011411,2485.6,2492.09,2484.94,2492.03,36810
2025011412,2491.89,2496.85,2491.17,2494.0,39135
2025011413,2495.53,2501.09,2493.06,2500.12,40550
2025011414,2500.95,2501.36,2496.67,2499.46,34096
2025011509,2511.07,2524.36,2505.97,2508.96,171964
2025011510,2507.88,2513.12,2504.44,2505.95,112049
2025011511,2506.04,2507.67,2499.45,2502.93,63897
2025011512,2502.19,2507.11,2501.01,2505.34,40974
2025011513,2506.21,2507.43,2502.46,2505.43,38455
2025011514,2505.76,2506.67,2493.1,2496.22,56687
2025011609,2528.27,2534.01,2524.67,2526.3,148792
2025011610,2526.06,2529.41,2525.02,2527.39,64918
2025011611,2528.29,2529.69,2525.21,2527.12,43478
2025011612,2527.19,2528.98,2520.05,2521.14,59714
2025011613,2521.22,2526.12,2521.22,2524.63,43250
2025011614,2524.74,2526.86,2519.86,2524.03,45508
2025011709,2520.85,2528.48,2516.68,2518.66,144371
2025011710,2519.18,2524.01,2513.84,2518.46,64799
2025011711,2519.08,2522.66,2517.09,2522.57,37994
2025011712,2521.07,2524.85,2516.43,2524.85,34937
2025011713,2524.29,2525.98,2520.71,2521.1,39150
2025011714,2521.68,2524.28,2519.04,2523.12,71202
2025012009,2533.68,2536.72,2526.88,2531.15,0
2025012010,2530.4,2531.68,2521.31,2527.4,79405
2025012011,2526.35,2527.24,2520.37,2526.08,46922
2025012012,2524.93,2526.3,2521.49,2524.42,30498
2025012013,2523.63,2527.18,2518.66,2519.24,37507
2025012014,2520.39,2522.02,2516.28,2518.72,39067
2025012109,2533.23,2548.44,2512.75,2512.75,211239
2025012110,2511.78,2518.05,2507.95,2513.64,127721
2025012111,2513.55,2518.47,2508.59,2517.4,56050
2025012112,2517.25,2528.53,2515.91,2526.99,35986
2025012113,2528.42,2528.46,2521.79,2523.74,42856
2025012114,2522.5,2525.96,2518.92,2521.48,59300
2025012209,2535.8,2536.67,2526.89,2531.81,187131
2025012210,2531.05,2539.99,2528.24,2535.45,66442
2025012211,2535.74,2537.52,2532.21,2535.23,80135
2025012212,2533.44,2542.35,2533.44,2540.78,66769
2025012213,2541.05,2550.76,2539.49,2548.54,52856
2025012214,2548.75,2552.57,2547.04,2549.95,72371
2025012309,2541.24,2541.6,2520.21,2522.55,213773
2025012310,2523.52,2525.47,2518.7,2522.32,83012
2025012311,2523.17,2527.9,2522.66,2525.95,52004
2025012312,2527.19,2532.32,2520.48,2532.32,75159
2025012313,2531.16,2532.75,2525.47,2527.08,53800
2025012314,2526.73,2529.49,2519.66,2520.02,66073
2025012409,2529.29,2542.83,2522.64,2538.49,178296
2025012410,2538.18,2541.04,2526.19,2527.66,80423
2025012411,2526.77,2537.63,2526.77,2536.01,76560
2025012412,2536.26,2538.2,2529.76,2531.36,53555
2025012413,2532.8,2533.2,2527.02,2530.89,77499
2025012414,2532.35,2537.6,2528.4,2535.19,67190
2025013109,2534.33,2537.98,2498.9,2514.74,0
2025013110,2514.79,2518.94,2508.75,2509.89,63800
2025013111,2509.81,2509.9,2502.92,2503.84,41700
2025013112,2502.62,2503.86,2496.95,2500.58,35931
2025013113,2499.07,2506.72,2499.07,2506.4,29741
2025013114,2506.36,2512.73,2504.83,2512.73,39935
2025020309,2468.74,2468.74,2439.89,2444.56,0
2025020310,2445.21,2458.13,2442.4,2444.07,72387
2025020311,2445.65,2448.27,2439.73,2441.84,53034
2025020312,2441.16,2443.16,2437.61,2441.12,57873
2025020313,2441.51,2449.32,2438.88,2447.23,41692
2025020314,2447.98,2453.71,2444.75,2451.79,59632
2025020409,2481.44,2505.71,2478.58,2504.86,150245
2025020410,2504.79,2508.35,2496.18,2498.4,56950
2025020411,2498.62,2500.41,2494.02,2494.89,50436
2025020412,2494.91,2495.51,2490.24,2491.72,37689
2025020413,2490.64,2492.89,2486.08,2488.03,43059
2025020414,2488.05,2488.38,2471.63,2479.07,96055
2025020509,2503.94,2511.2,2498.74,2507.63,142291
2025020510,2508.12,2514.71,2504.67,2505.88,54640
2025020511,2504.4,2510.88,2503.56,2509.32,32249
2025020512,2508.33,2513.1,2508.33,2511.21,62808
2025020513,2511.1,2514.39,2508.21,2509.26,60240
2025020514,2508.97,2510.82,2506.2,2506.22,47737
2025020609,2521.82,2523.48,2515.34,2520.71,136033
2025020610,2521.21,2528.28,2518.79,2528.28,92454
2025020611,2528.79,2528.81,2524.2,2525.02,59619
2025020612,2526.2,2530.97,2523.79,2530.78,39780
2025020613,2530.83,2532.85,2528.68,2529.01,46215
2025020614,2530.21,2530.86,2524.27,2527.99,59960
2025020709,2532.09,2537.63,2527.93,2532.44,148124
2025020710,2532.08,2536.55,2526.47,2534.72,54194
2025020711,2534.28,2535.03,2530.02,2530.72,37546
2025020712,2531.72,2532.75,2524.07,2524.07,38358
2025020713,2524.73,2526.65,2521.01,2523.07,48724
2025020714,2523.01,2527.36,2521.76,2522.24,50175
2025021009,2510.64,2517.87,2499.18,2517.87,0
2025021010,2517.3,2521.36,2514.78,2518.65,58315
2025021011,2518.4,2527.33,2518.4,2523.86,32728
2025021012,2524.08,2524.58,2517.03,2520.27,24252
2025021013,2520.13,2526.14,2519.73,2521.79,33651
2025021014,2520.93,2527.21,2520.5,2525.17,55912
2025021109,2532.87,2549.44,2527.74,2546.41,117819
2025021110,2546.9,2546.9,2533.78,2535.69,51469
2025021111,2536.16,2537.52,2533.4,2536.38,56110
2025021112,2535.77,2541.53,2530.48,2540.82,52570
2025021113,2541.1,2547.55,2539.62,2542.08,42532
2025021114,2541.7,2545.22,2538.19,2539.62,81887
2025021209,2534.71,2542.28,2528.74,2537.76,133177
2025021210,2537.84,2546.94,2535.57,2544.0,56599
2025021211,2543.85,2547.54,2542.4,2543.09,46688
2025021212,2543.87,2547.34,2541.25,2546.73,49899
2025021213,2546.49,2547.4,2541.97,2545.12,62318
2025021214,2546.0,2549.58,2543.65,2546.97,70129
2025021309,2558.95,2565.19,2555.98,2562.99,213975
2025021310,2562.32,2573.17,2560.6,2572.26,87880
2025021311,2573.18,2575.56,2569.56,2573.43,69513
2025021312,2572.73,2576.7,2569.11,2576.21,52344
2025021313,2576.07,2579.33,2572.82,2574.71,68692
2025021314,2574.77,2581.17,2573.01,2580.46,97465
2025021409,2588.2,2594.3,2582.84,2591.61,188973
2025021410,2592.78,2595.01,2588.45,2593.69,88683
2025021411,2593.42,2600.57,2589.82,2598.73,46213
2025021412,2599.63,2600.36,2594.92,2598.6,37169
2025021413,2598.36,2599.9,2593.28,2597.63,45487
2025021414,2597.58,2599.17,2591.07,2592.44,52772
2025021709,2595.99,2604.49,2592.57,2601.98,0
2025021710,2602.07,2612.15,2601.41,2610.73,55301
2025021711,2609.88,2612.8,2608.37,2609.94,40368
2025021712,2609.85,2611.05,2608.04,2609.19,34566
2025021713,2609.35,2610.91,2603.76,2607.97,38623
2025021714,2608.37,2610.74,2605.91,2606.46,43609
2025021809,2613.25,2618.34,2606.5,2607.44,132954
2025021810,2606.91,2610.1,2605.15,2607.46,56210
2025021811,2607.02,2622.47,2606.5,2620.66,64428
2025021812,2620.86,2628.0,2620.48,2625.18,41576
2025021813,2624.83,2626.98,2621.49,2623.11,42401
2025021814,2624.02,2626.93,2622.78,2625.03,42649
2025021909,2633.91,2667.99,2633.91,2665.04,153969
2025021910,2665.16,2674.53,2662.83,2673.88,75491
2025021911,2672.42,2677.49,2671.1,2674.69,46072
2025021912,2676.14,2680.62,2675.03,2676.68,62830
2025021913,2675.83,2680.7,2673.32,2676.12,78013
2025021914,2675.15,2677.93,2670.02,2672.76,63749
2025022009,2661.72,2667.59,2652.34,2653.83,188793
2025022010,2654.29,2659.25,2650.46,2656.22,90914
2025022011,2655.57,2660.57,2654.4,2660.57,53968
2025022012,2659.62,2662.85,2656.19,2657.41,40576
2025022013,2657.33,2658.9,2652.51,2655.31,52707
2025022014,2655.21,2657.16,2648.03,2648.72,55035
2025022109,2653.76,2653.76,2638.44,2646.96,176952
2025022110,2647.42,2649.61,2641.15,2647.95,69173
2025022111,2648.66,2651.83,2644.92,2649.98,37417
2025022112,2650.68,2654.81,2649.14,2652.04,36104
2025022113,2653.09,2653.61,2644.52,2645.34,37431
2025022114,2645.93,2655.29,2645.01,2653.72,46640
2025022409,2636.12,2644.0,2628.08,2628.96,0
2025022410,2629.14,2637.73,2626.88,2635.86,61395
2025022411,2635.27,2642.51,2632.48,2637.05,51439
2025022412,2638.55,2639.92,2635.15,2636.91,43535
2025022413,2636.16,2639.57,2635.04,2638.33,51820
2025022414,2637.71,2643.94,2636.92,2642.37,46844
2025022509,2617.64,2635.8,2617.12,2631.18,128914
2025022510,2631.36,2641.38,2630.29,2638.91,59809
2025022511,2638.68,2641.49,2633.16,2635.68,36227
2025022512,2635.38,2638.26,2632.87,2633.96,48089
2025022513,2634.05,2639.26,2631.7,2635.03,54627
2025022514,2635.42,2636.57,2631.03,2633.29,46421
2025022609,2629.86,2634.87,2620.16,2633.22,132377
2025022610,2632.29,2636.79,2631.5,2634.61,55889
2025022611,2633.24,2635.0,2628.19,2629.27,40450
2025022612,2629.18,2630.37,2626.61,2626.95,40060
2025022613,2627.64,2637.72,2627.23,2635.06,37411
2025022614,2635.84,2645.1,2634.85,2645.1,41026
2025022709,2637.63,2638.47,2621.46,2626.62,165215
2025022710,2625.71,2629.06,2619.23,2619.23,70438
2025022711,2620.02,2621.97,2615.42,2618.79,51200
2025022712,2618.77,2619.9,2612.99,2614.07,55683
2025022713,2613.32,2614.8,2610.47,2612.8,57403
2025022714,2612.95,2618.74,2612.13,2616.76,64552
2025022809,2585.61,2586.78,2565.41,2565.58,180434
2025022810,2566.73,2569.18,2554.01,2556.67,76501
2025022811,2556.41,2557.64,2545.38,2545.38,51156
2025022812,2545.26,2546.34,2535.9,2539.66,50860
2025022813,2539.52,2550.78,2535.31,2538.73,53507
2025022814,2539.54,2540.28,2531.24,2534.76,58819
2025030409,2522.2,2548.78,2513.31,2544.24,0
2025030410,2543.1,2544.32,2525.77,2526.43,73617
2025030411,2526.55,2537.82,2526.55,2535.23,47082
2025030412,2535.15,2535.15,2525.34,2529.09,37599
2025030413,2528.86,2534.08,2525.81,2528.56,42695
2025030414,2528.83,2533.59,2525.28,2531.67,70105
2025030509,2548.45,2561.47,2540.65,2544.64,143794
2025030510,2544.51,2546.28,2535.18,2537.86,74181
2025030511,2538.23,2549.83,2535.38,2542.15,109751
2025030512,2542.61,2552.95,2540.08,2551.04,84945
2025030513,2550.89,2557.53,2550.13,2556.04,55891
2025030514,2555.35,2561.24,2555.15,2560.52,59663
2025030609,2573.55,2581.66,2565.78,2566.36,214989
2025030610,2566.36,2578.36,2566.36,2576.84,95668
2025030611,2576.67,2583.65,2576.67,2580.82,52147
2025030612,2581.71,2581.71,2574.99,2575.82,77371
2025030613,2576.71,2577.79,2572.78,2575.55,55837
2025030614,2576.36,2576.36,2565.68,2566.77,64023
2025030709,2553.44,2564.89,2541.49,2559.22,131994
2025030710,2558.61,2567.3,2557.48,2565.71,68987
2025030711,2565.81,2568.85,2564.27,2567.77,121891
2025030712,2568.03,2568.03,2562.05,2566.85,49740
2025030713,2567.2,2575.48,2566.34,2573.47,57322
2025030714,2572.85,2573.81,2563.8,2564.56,89841
2025031009,2555.4,2573.89,2549.99,2572.98,0
2025031010,2572.1,2578.75,2570.94,2578.17,72545
2025031011,2577.65,2579.37,2574.68,2575.73,38635
2025031012,2575.94,2578.79,2574.52,2574.89,36632
2025031013,2574.76,2579.76,2573.99,2574.91,37050
2025031014,2575.0,2575.87,2567.11,2568.65,41006
2025031109,2516.69,2526.72,2513.17,2516.24,147402
2025031110,2516.28,2520.28,2505.91,2517.21,56086
2025031111,2517.3,2533.45,2516.6,2532.36,33436
2025031112,2532.62,2541.27,2532.53,2537.16,34341
2025031113,2537.37,2547.88,2536.04,2542.73,33147
2025031114,2542.68,2543.86,2537.41,2539.72,37409
2025031209,2552.6,2569.04,2541.66,2569.04,119747
2025031210,2568.82,2573.83,2566.87,2573.82,52631
2025031211,2572.78,2579.53,2572.0,2578.59,39192
2025031212,2578.93,2579.69,2573.19,2574.7,39306
2025031213,2574.74,2576.92,2571.34,2573.1,45724
2025031214,2573.1,2576.91,2569.72,2573.38,68625
2025031309,2598.06,2600.07,2589.8,2594.85,121681
2025031310,2593.35,2599.89,2591.77,2594.62,55905
2025031311,2594.75,2596.32,2583.23,2584.11,64649
2025031312,2584.93,2585.36,2574.17,2574.53,37749
2025031313,2574.02,2577.23,2570.08,2574.46,42185
2025031314,2574.26,2574.26,2561.81,2565.75,45982
2025031409,2565.18,2576.74,2563.24,2568.65,145256
2025031410,2568.78,2569.72,2559.24,2569.36,51758
2025031411,2569.12,2574.46,2566.51,2572.96,28055
2025031412,2572.19,2573.47,2569.6,2570.87,26638
2025031413,2570.43,2572.27,2568.78,2569.2,36257
2025031414,2570.35,2571.34,2566.37,2570.49,41625
2025031709,2588.32,2605.53,2587.52,2605.01,0
2025031710,2603.52,2607.41,2602.16,2603.35,71834
2025031711,2602.77,2605.12,2600.18,2604.59,48317
2025031712,2604.78,2609.36,2601.88,2607.85,34467
2025031713,2608.25,2610.31,2605.54,2607.11,38694
2025031714,2606.87,2608.36,2602.87,2603.78,38568
2025031809,2627.27,2638.56,2626.1,2627.55,191875
2025031810,2626.7,2630.19,2622.23,2623.53,96584
2025031811,2624.1,2624.73,2616.61,2616.99,73727
2025031812,2617.95,2618.74,2612.36,2615.86,31680
2025031813,2615.25,2615.52,2606.91,2609.17,45892
2025031814,2608.28,2612.89,2607.47,2612.23,42427
2025031909,2613.48,2642.83,2613.48,2639.12,220145
2025031910,2638.55,2641.72,2627.02,2631.3,89400
2025031911,2631.26,2637.72,2626.97,2634.48,122170
2025031912,2633.48,2637.06,2631.82,2635.97,52537
2025031913,2636.09,2637.99,2629.84,2630.04,63306
2025031914,2630.43,2634.72,2628.46,2630.33,58894
2025032009,2648.16,2650.72,2629.2,2639.6,152490
2025032010,2640.14,2643.45,2633.58,2640.69,79515
2025032011,2640.88,2644.35,2639.46,2641.92,47519
2025032012,2641.96,2646.51,2639.12,2640.96,41896
2025032013,2641.75,2641.75,2635.29,2638.84,43046
2025032014,2638.81,2640.7,2634.81,2637.66,46833
2025032109,2633.9,2637.45,2617.78,2624.17,146004
2025032110,2621.95,2640.0,2620.02,2639.4,81587
2025032111,2639.16,2643.59,2637.72,2642.15,38342
2025032112,2641.69,2644.46,2638.74,2640.68,30927
2025032113,2640.16,2645.82,2639.52,2642.54,44335
2025032114,2643.38,2643.38,2636.33,2638.68,66988
2025032409,2636.43,2640.94,2629.38,2639.84,0
2025032410,2639.52,2648.82,2638.02,2640.37,53430
2025032411,2640.82,2644.08,2637.7,2641.26,30583
2025032412,2642.24,2643.48,2638.19,2638.77,30322
2025032413,2639.81,2640.45,2635.75,2637.75,30832
2025032414,2637.52,2640.3,2634.76,2635.74,64010
2025032509,2653.04,2654.63,2627.4,2638.62,116786
2025032510,2639.28,2640.88,2633.61,2634.33,58727
2025032511,2634.36,2635.71,2619.42,2620.0,83092
2025032512,2621.01,2625.12,2619.28,2621.72,45913
2025032513,2622.14,2623.81,2613.29,2614.0,48678
2025032514,2614.46,2619.66,2612.74,2616.46,51181
2025032609,2628.09,2633.36,2618.05,2618.05,168639
2025032610,2618.62,2633.24,2618.19,2631.87,86718
2025032611,2632.29,2633.61,2628.74,2633.23,40923
2025032612,2632.41,2638.7,2630.31,2638.7,30514
2025032613,2637.61,2649.15,2637.61,2646.11,46820
2025032614,2644.99,2648.73,2642.66,2642.66,71974
2025032709,2620.28,2633.03,2614.87,2628.62,154070
2025032710,2629.05,2631.33,2616.91,2618.5,56587
2025032711,2618.5,2622.64,2616.29,2620.56,37916
2025032712,2621.41,2621.41,2615.76,2617.1,31758
2025032713,2616.96,2620.65,2616.13,2616.38,36715
2025032714,2617.34,2617.41,2606.7,2606.7,48117
2025032809,2592.63,2592.63,2556.12,2558.59,118606
2025032810,2558.85,2575.48,2557.6,2565.99,69535
2025032811,2566.57,2566.57,2558.34,2558.57,57416
2025032812,2558.43,2560.65,2554.62,2558.83,39475
2025032813,2559.59,2561.18,2554.22,2554.87,97834
2025032814,2555.12,2557.09,2549.26,2551.27,79786
2025033109,2513.44,2514.22,2487.08,2499.06,0
2025033110,2499.69,2504.15,2495.68,2497.23,68818
2025033111,2496.97,2498.02,2489.99,2492.33,40449
2025033112,2492.56,2493.14,2482.63,2482.74,29367
2025033113,2483.39,2484.5,2479.46,2483.52,36988
2025033114,2483.38,2486.54,2480.7,2482.08,46988
2025040109,2511.24,2522.23,2495.98,2496.22,97863
2025040110,2497.45,2521.83,2494.43,2521.57,97519
2025040111,2521.19,2529.57,2520.27,2524.4,106000
2025040112,2525.31,2530.34,2524.21,2524.46,44618
2025040113,2525.31,2529.93,2519.7,2527.84,41684
2025040114,2527.51,2530.61,2522.41,2523.07,38241
2025040209,2525.62,2532.15,2499.83,2506.82,155436
2025040210,2507.63,2521.29,2504.96,2520.68,62692
2025040211,2521.37,2523.53,2512.69,2513.95,49968
2025040212,2514.89,2517.24,2511.89,2514.77,32789
2025040213,2514.65,2514.95,2503.95,2504.53,84877
2025040214,2504.52,2507.91,2501.64,2504.68,84179
2025040309,2437.43,2470.98,2437.43,2468.19,137765
2025040310,2467.79,2479.28,2460.5,2474.16,75681
2025040311,2474.16,2479.98,2473.33,2478.08,41495
2025040312,2478.09,2483.09,2477.48,2478.64,48459
2025040313,2478.93,2488.92,2478.76,2485.64,55370
2025040314,2485.77,2486.67,2475.56,2475.77,79882
2025040409,2450.49,2483.53,2449.69,2483.53,120876
2025040410,2483.82,2493.21,2472.6,2487.22,79426
2025040411,2486.08,2506.71,2459.82,2459.82,218503
2025040412,2459.44,2459.62,2443.35,2447.53,103645
2025040413,2448.0,2448.55,2440.86,2442.0,69443
2025040414,2442.18,2457.0,2438.02,2456.45,64532
2025040709,2359.25,2367.41,2327.61,2335.07,0
2025040710,2335.85,2363.91,2335.85,2363.58,108745
2025040711,2363.86,2369.4,2351.7,2355.56,53780
2025040712,2355.72,2356.67,2341.55,2348.53,43700
2025040713,2348.33,2351.23,2334.38,2334.69,53318
2025040714,2334.65,2345.08,2332.53,2333.78,52593
2025040809,2381.2,2381.31,2349.57,2349.57,173758
2025040810,2349.06,2369.11,2344.82,2367.38,100541
2025040811,2368.02,2368.6,2351.7,2352.41,66444
2025040812,2352.25,2352.81,2337.14,2340.84,49391
2025040813,2340.2,2342.49,2329.24,2336.9,61298
2025040814,2337.29,2339.45,2328.94,2335.41,58962
2025040909,2329.99,2337.58,2308.39,2316.62,205417
2025040910,2317.33,2323.49,2309.55,2322.18,88114
2025040911,2322.42,2324.72,2315.15,2315.35,141332
2025040912,2316.36,2317.66,2298.73,2299.52,73940
2025040913,2300.71,2307.52,2289.07,2294.15,70873
2025040914,2294.05,2295.05,2284.72,2288.06,77412
2025041009,2395.13,2420.35,2391.39,2406.1,302207
2025041010,2405.92,2414.69,2404.02,2414.07,67860
2025041011,2415.28,2423.92,2414.14,2420.86,53482
2025041012,2421.43,2422.1,2414.13,2418.33,55610
2025041013,2419.11,2425.21,2417.61,2423.5,50517
2025041014,2423.63,2433.22,2423.63,2432.89,65358
2025041109,2400.74,2411.34,2394.25,2397.38,116867
2025041110,2396.14,2409.38,2395.64,2407.96,55752
2025041111,2408.34,2416.12,2404.57,2414.64,34052
2025041112,2415.64,2424.19,2414.24,2423.91,33819
2025041113,2424.04,2427.74,2421.65,2422.55,33510
2025041114,2422.68,2429.23,2419.4,2426.79,54333
2025041409,2454.28,2465.56,2449.48,2450.42,0
2025041410,2451.22,2456.1,2450.44,2451.45,51302
2025041411,2451.18,2458.59,2450.52,2457.86,49413
2025041412,2458.68,2458.73,2452.18,2453.49,37598
2025041413,2453.91,2455.78,2450.46,2455.19,54856
2025041414,2454.88,2457.26,2453.26,2454.35,36652
2025041509,2464.51,2470.74,2461.23,2470.38,233876
2025041510,2470.14,2474.04,2469.66,2472.63,80273
2025041511,2472.35,2479.13,2472.12,2477.17,44956
2025041512,2476.78,2481.89,2474.68,2478.62,58273
2025041513,2478.63,2482.01,2477.71,2481.64,41642
2025041514,2481.6,2482.56,2478.34,2478.74,59009
2025041609,2472.78,2475.83,2459.66,2467.07,226031
2025041610,2467.22,2471.84,2463.33,2464.33,84082
2025041611,2464.25,2465.13,2458.93,2461.79,47329
2025041612,2461.51,2464.13,2460.36,2461.19,50468
2025041613,2461.41,2462.58,2459.27,2460.4,67411
2025041614,2460.21,2460.21,2444.32,2444.32,77589
2025041709,2451.7,2461.17,2447.4,2461.17,223471
2025041710,2461.86,2461.86,2455.06,2458.75,119289
2025041711,2458.47,2463.85,2455.4,2461.44,68536
2025041712,2461.47,2466.68,2461.16,2464.44,37631
2025041713,2464.51,2466.69,2462.33,2463.96,44953
2025041714,2463.39,2471.73,2462.82,2470.08,57652
2025041809,2473.3,2478.07,2466.9,2471.85,129003
2025041810,2471.8,2477.27,2469.62,2476.78,82541
2025041811,2476.8,2479.52,2476.3,2479.25,71837
2025041812,2478.92,2482.19,2478.18,2481.13,51941
2025041813,2481.46,2484.93,2480.66,2484.93,37306
2025041814,2485.0,2486.2,2482.19,2485.73,42306
2025042109,2486.38,2498.84,2479.39,2485.98,0
2025042110,2485.97,2488.96,2479.92,2487.71,49160
2025042111,2488.57,2489.5,2483.0,2483.97,52282
2025042112,2484.69,2485.07,2479.23,2481.21,54004
2025042113,2481.53,2484.73,2481.03,2482.22,51615
2025042114,2482.32,2486.57,2482.05,2485.58,46260
2025042209,2481.18,2490.33,2476.14,2481.24,125279
2025042210,2480.5,2494.59,2480.5,2490.85,63966
2025042211,2491.12,2493.88,2489.97,2491.69,41221
2025042212,2491.9,2494.3,2490.61,2492.01,30881
2025042213,2492.96,2493.57,2484.03,2485.53,35450
2025042214,2485.21,2486.76,2483.06,2484.68,54339
2025042309,2520.56,2521.64,2507.1,2511.08,172662
2025042310,2510.49,2516.95,2510.41,2513.26,92166
2025042311,2513.48,2522.44,2512.38,2521.89,73222
2025042312,2522.08,2525.04,2521.12,2524.86,40587
2025042313,2524.44,2526.35,2522.98,2525.2,50584
2025042314,2525.05,2526.07,2521.86,2524.47,59350
2025042409,2525.34,2530.61,2516.38,2520.75,111881
2025042410,2520.38,2520.38,2509.9,2509.9,55669
2025042411,2508.63,2513.27,2507.21,2511.96,30412
2025042412,2511.39,2515.78,2510.96,2515.66,23403
2025042413,2515.22,2519.33,2513.54,2518.84,31479
2025042414,2518.7,2522.83,2518.7,2520.28,41904
2025042509,2544.59,2553.2,2540.86,2544.02,136390
2025042510,2544.74,2545.62,2534.94,2537.55,66160
2025042511,2537.55,2542.77,2535.69,2542.13,41187
2025042512,2541.98,2550.32,2541.66,2549.41,33116
2025042513,2550.43,2553.33,2546.83,2547.59,37348
2025042514,2547.73,2548.52,2543.3,2546.32,42257
2025042809,2551.23,2555.82,2546.18,2553.12,0
2025042810,2553.56,2558.69,2550.93,2551.72,84902
2025042811,2552.45,2555.27,2548.65,2548.65,49274
2025042812,2549.07,2551.8,2547.64,2548.22,33889
2025042813,2548.1,2551.5,2547.3,2550.69,50311
2025042814,2549.75,2551.33,2542.18,2542.89,69230
2025042909,2550.25,2551.94,2542.25,2548.87,126099
2025042910,2549.73,2564.8,2548.69,2563.88,72177
2025042911,2564.05,2571.41,2563.65,2568.49,68762
2025042912,2568.67,2569.1,2562.31,2563.3,51269
2025042913,2563.25,2565.77,2560.44,2561.55,69444
2025042914,2560.64,2561.66,2558.94,2561.23,95254
2025043009,2561.04,2570.83,2558.59,2561.0,152907
2025043010,2562.16,2563.85,2548.1,2551.21,86647
2025043011,2551.3,2551.76,2545.52,2545.52,44486
2025043012,2545.25,2553.75,2544.46,2552.53,32925
2025043013,2552.28,2555.4,2547.9,2548.32,60803
2025043014,2548.44,2551.49,2546.1,2547.32,55933
2025050209,2556.52,2558.56,2540.57,2556.97,0
2025050210,2557.23,2560.46,2554.36,2554.36,89137
2025050211,2554.72,2562.18,2553.77,2559.96,49769
2025050212,2560.16,2562.1,2556.5,2561.71,41765
2025050213,2561.86,2567.04,2561.86,2565.52,74267
2025050214,2565.14,2565.47,2558.62,2559.4,66310
2025050709,2577.04,2581.85,2559.17,2575.03,0
2025050710,2574.9,2576.83,2569.27,2570.47,89490
2025050711,2571.25,2571.25,2566.69,2567.45,60507
2025050712,2567.44,2569.38,2564.25,2564.42,73748
2025050713,2564.6,2570.39,2564.56,2567.96,50836
2025050714,2568.17,2572.13,2567.77,2571.31,52601
2025050809,2581.27,2583.96,2576.22,2583.7,152661
2025050810,2583.47,2585.6,2580.94,2583.06,45893
2025050811,2581.29,2582.96,2580.53,2582.09,75163
2025050812,2582.38,2589.45,2582.02,2586.92,43253
2025050813,2586.72,2590.9,2585.8,2586.07,38611
2025050814,2585.86,2588.47,2581.88,2582.64,52890
2025050909,2587.93,2589.58,2577.62,2579.8,136642
2025050910,2579.42,2580.26,2571.2,2575.06,102437
2025050911,2574.6,2580.47,2573.3,2577.42,46944
2025050912,2576.78,2578.59,2573.09,2577.23,62150
2025050913,2577.2,2580.28,2576.4,2578.6,38391
2025050914,2578.48,2580.45,2575.97,2579.16,55871
2025051209,2593.94,2597.4,2585.6,2591.08,0
2025051210,2591.45,2593.94,2589.77,2593.16,51669
2025051211,2593.18,2594.9,2588.08,2588.37,39502
2025051212,2587.99,2590.8,2587.52,2590.56,32924
2025051213,2590.25,2595.5,2590.06,2594.47,35380
2025051214,2594.92,2596.46,2592.79,2594.85,41542
2025051309,2601.76,2616.61,2601.76,2607.98,165254
2025051310,2607.32,2616.41,2606.43,2615.29,49853
2025051311,2615.32,2620.64,2609.65,2612.56,33499
2025051312,2612.78,2614.51,2604.78,2604.78,33887
2025051313,2604.61,2605.79,2601.58,2603.07,48571
2025051314,2603.35,2606.95,2602.29,2605.84,38826
2025051409,2625.36,2631.98,2621.56,2621.92,113906
2025051410,2621.89,2628.18,2619.15,2627.3,54460
2025051411,2627.91,2638.74,2627.4,2638.74,42779
2025051412,2638.56,2646.01,2638.2,2642.43,50456
2025051413,2642.37,2645.15,2639.03,2640.77,55273
2025051414,2640.49,2642.13,2636.47,2637.28,42422
2025051509,2634.5,2642.25,2631.53,2637.58,113333
2025051510,2637.27,2643.83,2632.41,2635.32,39607
2025051511,2635.66,2637.7,2632.99,2632.99,33437
2025051512,2633.42,2635.17,2629.79,2631.71,32898
2025051513,2631.69,2635.72,2624.88,2626.63,39258
2025051514,2625.71,2626.1,2619.22,2620.76,47158
2025051609,2630.64,2633.98,2619.48,2619.48,108700
2025051610,2619.97,2626.03,2619.1,2623.68,47803
2025051611,2623.84,2624.75,2620.2,2624.2,33936
2025051612,2623.65,2626.42,2622.2,2624.34,30572
2025051613,2624.49,2630.29,2623.69,2626.81,53294
2025051614,2626.47,2628.07,2623.52,2624.76,50188
2025051909,2613.7,2619.43,2610.15,2612.37,0
2025051910,2612.37,2612.96,2594.51,2600.39,50466
2025051911,2600.75,2609.05,2598.7,2606.81,31610
2025051912,2607.07,2607.53,2595.66,2598.08,25652
2025051913,2598.6,2599.9,2593.44,2594.58,27751
2025051914,2594.77,2601.7,2594.66,2600.39,29448
2025052009,2622.68,2622.91,2608.3,2609.24,141075
2025052010,2609.27,2609.75,2603.21,2607.06,63025
2025052011,2607.31,2610.47,2604.62,2609.87,47828
2025052012,2609.36,2611.71,2607.18,2607.41,54798
2025052013,2607.72,2607.76,2601.65,2606.21,65046
2025052014,2605.7,2608.68,2600.99,2600.99,47510
2025052109,2615.9,2632.78,2614.73,2628.14,118656
2025052110,2628.59,2633.41,2622.97,2623.57,47697
2025052111,2623.55,2628.53,2619.9,2626.31,32949
2025052112,2626.61,2629.57,2625.54,2628.53,51196
2025052113,2628.76,2630.98,2625.73,2626.17,44616
2025052114,2625.98,2630.24,2625.28,2625.28,44765
2025052209,2614.66,2616.53,2606.99,2612.27,120025
2025052210,2611.86,2612.02,2591.62,2593.32,56668
2025052211,2592.75,2594.75,2589.45,2590.58,31640
2025052212,2589.99,2593.32,2588.09,2591.16,33495
2025052213,2591.5,2597.71,2589.34,2596.73,36986
2025052214,2596.99,2597.3,2592.03,2594.3,40412
2025052309,2603.57,2604.14,2592.95,2597.47,134933
2025052310,2597.62,2601.53,2595.34,2596.22,61301
2025052311,2596.25,2598.54,2592.68,2597.32,46998
2025052312,2596.38,2601.36,2595.72,2596.48,63166
2025052313,2596.46,2598.92,2589.51,2591.58,44009
2025052314,2591.85,2595.88,2590.87,2593.85,43597
2025052609,2598.45,2612.52,2595.96,2611.01,0
2025052610,2610.97,2618.54,2610.23,2615.0,53064
2025052611,2615.49,2631.93,2615.07,2626.25,41027
2025052612,2626.0,2628.74,2621.26,2621.27,34613
2025052613,2622.0,2628.0,2620.95,2627.43,31670
2025052614,2627.59,2629.1,2621.84,2624.58,37910
2025052709,2630.29,2642.63,2627.18,2637.5,103552
2025052710,2637.54,2637.61,2630.87,2632.57,50566
2025052711,2632.72,2634.19,2629.17,2632.39,35817
2025052712,2631.94,2633.35,2628.47,2629.25,26990
2025052713,2628.64,2631.62,2625.66,2626.65,35025
2025052714,2627.7,2632.03,2626.67,2630.61,36887
2025052809,2648.86,2678.37,2643.5,2678.08,98862
2025052810,2678.1,2690.47,2677.56,2682.59,67521
2025052811,2682.33,2689.9,2678.87,2689.25,41965
2025052812,2688.44,2692.47,2681.23,2682.66,44157
2025052813,2682.93,2684.93,2670.12,2670.12,58614
2025052814,2670.11,2674.73,2666.99,2669.62,61887
2025052909,2691.06,2706.79,2686.64,2705.31,118538
2025052910,2704.88,2712.38,2699.47,2706.82,105816
2025052911,2706.26,2717.72,2706.26,2716.14,57124
2025052912,2716.55,2719.96,2712.16,2717.42,33195
2025052913,2717.47,2719.34,2712.96,2716.73,39832
2025052914,2716.02,2720.47,2712.13,2718.02,53426
2025053009,2713.24,2717.54,2706.11,2714.44,159928
2025053010,2712.09,2713.53,2702.52,2708.35,63371
2025053011,2708.4,2709.57,2703.1,2706.11,39250
2025053012,2705.09,2705.51,2700.08,2700.98,38785
2025053013,2701.65,2702.01,2689.87,2694.27,59608
2025053014,2694.01,2699.69,2693.79,2696.5,50690
2025060209,2692.91,2719.87,2692.91,2700.49,0
2025060210,2700.44,2708.09,2700.44,2701.13,51021
2025060211,2701.88,2705.31,2694.66,2694.79,27639
2025060212,2694.74,2695.26,2689.87,2691.42,30948
2025060213,2690.16,2691.55,2685.14,2690.54,33518
2025060214,2689.6,2699.3,2689.6,2696.64,32322
2025060409,2737.92,2758.97,2734.02,2758.07,0
2025060410,2757.45,2765.46,2757.17,2765.34,76003
2025060411,2764.91,2766.19,2760.78,2763.59,47773
2025060412,2763.73,2767.7,2762.59,2767.7,37501
2025060413,2767.29,2768.37,2762.37,2764.7,45103
2025060414,2764.89,2768.73,2764.34,2767.43,54165
2025060509,2790.33,2804.45,2787.76,2804.45,199643
2025060510,2804.6,2826.8,2803.02,2824.87,107392
2025060511,2824.7,2831.11,2813.09,2816.63,57679
2025060512,2815.7,2816.69,2801.27,2801.63,45597
2025060513,2801.69,2808.24,2799.01,2800.42,49234
2025060514,2800.54,2809.7,2795.46,2807.48,54781
2025060909,2841.56,2863.19,2841.39,2856.46,0
2025060910,2856.51,2864.51,2851.47,2863.9,93397
2025060911,2865.03,2867.27,2855.36,2864.71,58157
2025060912,2865.27,2866.41,2855.96,2858.96,42398
2025060913,2858.53,2859.98,2851.67,2853.15,42860
2025060914,2853.08,2854.86,2849.12,2850.66,49270
2025061009,2872.62,2874.23,2849.67,2865.92,177994
2025061010,2866.01,2884.52,2865.38,2883.92,81638
2025061011,2883.1,2885.67,2876.48,2878.23,53069
2025061012,2877.43,2883.48,2873.95,2879.33,40982
2025061013,2879.28,2881.69,2856.87,2861.63,61819
2025061014,2862.16,2868.05,2853.22,2860.15,53215
2025061109,2887.32,2904.21,2879.92,2897.39,122395
2025061110,2897.68,2900.44,2880.83,2889.48,59916
2025061111,2889.75,2895.12,2888.39,2891.35,39679
2025061112,2891.07,2895.55,2889.31,2894.34,28935
2025061113,2894.72,2902.11,2893.02,2898.89,28235
2025061114,2903.08,2908.16,2901.72,2901.72,68505
2025061209,2909.99,2924.07,2909.99,2916.57,242915
2025061210,2916.72,2926.14,2916.33,2920.89,108116
2025061211,2921.26,2925.25,2919.45,2924.99,47354
2025061212,2924.51,2934.31,2924.51,2929.18,45516
2025061213,2928.51,2932.73,2926.02,2927.94,70817
2025061214,2928.31,2929.31,2911.03,2912.92,91740
2025061309,2930.57,2932.38,2882.79,2886.45,334453
2025061310,2885.9,2902.59,2878.29,2900.6,123075
2025061311,2899.76,2902.23,2880.64,2885.54,132122
2025061312,2886.38,2893.21,2885.07,2893.04,61561
2025061313,2891.58,2892.59,2877.07,2879.19,110415
2025061314,2879.11,2894.23,2878.79,2893.84,104142
2025061609,2903.5,2911.96,2886.13,2895.72,0
2025061610,2896.38,2913.59,2896.38,2911.35,101158
2025061611,2911.92,2917.13,2908.72,2915.99,66477
2025061612,2917.07,2919.59,2913.08,2917.81,81056
2025061613,2917.56,2926.85,2917.49,2926.6,58965
2025061614,2927.21,2938.77,2925.98,2937.09,92315
2025061709,2959.93,2995.64,2948.99,2989.8,219571
2025061710,2989.55,2998.62,2969.82,2972.54,78870
2025061711,2973.23,2975.05,2953.58,2965.82,198726
2025061712,2965.14,2967.48,2953.7,2954.04,75456
2025061713,2953.51,2955.94,2925.79,2942.56,204471
2025061714,2942.39,2947.09,2940.64,2942.02,99480
2025061809,2933.63,2966.02,2933.63,2952.19,184433
2025061810,2952.58,2975.56,2951.85,2970.8,72993
2025061811,2970.36,2979.32,2965.05,2970.62,45859
2025061812,2970.21,2972.13,2963.06,2964.08,96587
2025061813,2963.9,2967.29,2954.98,2963.59,71607
2025061814,2964.39,2968.01,2963.52,2964.85,58635
2025061909,2989.56,2996.04,2960.79,2968.32,130798
2025061910,2964.81,2965.33,2954.47,2960.22,71696
2025061911,2960.18,2961.73,2955.8,2959.16,45380
2025061912,2959.21,2969.33,2958.72,2968.54,43818
2025061913,2968.93,2973.07,2966.39,2969.92,48377
2025061914,2969.52,2975.44,2966.52,2974.37,54114
2025062009,2981.64,2993.72,2972.37,2991.9,135974
2025062010,2992.29,3004.37,2988.8,3003.66,53358
2025062011,3003.83,3010.97,3002.59,3006.32,43875
2025062012,3006.02,3014.36,3005.21,3012.27,32776
2025062013,3013.52,3015.41,3008.08,3010.19,53074
2025062014,3010.18,3014.33,3008.32,3012.93,56502
2025062309,2992.2,2996.41,2971.36,2989.93,0
2025062310,2988.84,3003.61,2985.1,3001.1,107781
2025062311,3000.58,3007.03,2999.58,3003.48,66205
2025062312,3003.74,3009.77,2994.36,3008.46,56460
2025062313,3008.67,3010.77,3003.69,3006.78,51234
2025062314,3007.14,3017.51,3007.14,3017.29,55324
2025062409,3064.18,3086.24,3064.18,3082.03,210702
2025062410,3082.88,3099.41,3081.83,3095.94,86526
2025062411,3095.41,3097.32,3081.51,3090.92,56083
2025062412,3092.89,3101.83,3092.55,3097.92,55487
2025062413,3098.68,3100.32,3087.59,3095.46,54424
2025062414,3095.25,3100.17,3092.97,3094.73,61676
2025062509,3127.79,3129.09,3084.86,3112.61,181739
2025062510,3112.63,3120.55,3104.15,3109.87,128339
2025062511,3110.6,3116.93,3104.06,3106.41,76076
2025062512,3105.28,3110.58,3101.56,3103.3,47417
2025062513,3103.37,3103.37,3095.24,3102.18,75820
2025062514,3102.83,3113.25,3100.95,3108.78,74536
2025062609,3108.34,3113.03,3081.93,3088.17,149969
2025062610,3088.87,3089.48,3044.94,3045.35,83486
2025062611,3044.55,3062.18,3036.69,3039.89,49141
2025062612,3040.33,3063.48,3036.55,3063.48,39841
2025062613,3062.67,3077.07,3061.28,3076.37,49240
2025062614,3076.47,3081.02,3069.51,3079.14,46449
2025062709,3077.87,3093.56,3069.85,3071.84,115874
2025062710,3072.45,3076.37,3066.16,3068.65,73330
2025062711,3069.43,3074.03,3052.73,3059.66,48323
2025062712,3059.57,3060.78,3048.6,3049.8,33050
2025062713,3050.77,3053.73,3041.85,3045.18,38671
2025062714,3044.37,3056.82,3042.76,3055.18,41489
2025063009,3072.75,3083.85,3063.42,3073.39,0
2025063010,3072.96,3085.4,3072.96,3078.29,54919
2025063011,3078.38,3086.0,3075.9,3077.16,56965
2025063012,3077.0,3081.86,3075.0,3080.41,59238
2025063013,3081.28,3085.85,3077.37,3079.35,50362
2025063014,3079.44,3079.44,3070.09,3070.09,69336
2025070109,3089.64,3131.05,3088.45,3121.06,224370
2025070110,3121.24,3133.52,3121.12,3123.03,93244
2025070111,3123.67,3126.79,3117.85,3120.17,57059
2025070112,3119.75,3121.98,3111.63,3114.27,47174
2025070113,3114.03,3117.47,3105.64,3106.46,49112
2025070114,3106.09,3110.31,3092.57,3093.89,58163
2025070209,3083.82,3090.61,3040.25,3045.81,228151
2025070210,3044.45,3060.25,3032.47,3044.29,173863
2025070211,3044.52,3055.72,3039.56,3055.72,77816
2025070212,3055.85,3057.59,3049.15,3055.0,72080
2025070213,3055.14,3064.37,3051.43,3062.46,56100
2025070214,3061.94,3068.7,3061.26,3066.01,51397
2025070309,3100.33,3105.58,3085.98,3102.07,151925
2025070310,3101.87,3111.05,3097.03,3097.2,92997
2025070311,3097.13,3100.57,3090.32,3098.49,47611
2025070312,3098.29,3104.8,3098.29,3101.01,41305
2025070313,3100.77,3107.93,3100.77,3104.49,69803
2025070314,3105.42,3114.41,3103.68,3111.47,83594
2025070409,3122.28,3123.84,3087.54,3096.31,193072
2025070410,3095.6,3097.95,3081.38,3082.0,91422
2025070411,3081.44,3082.36,3060.61,3067.86,48226
2025070412,3068.63,3079.16,3066.05,3076.5,31089
2025070413,3075.39,3075.98,3064.38,3067.79,42737
2025070414,3067.94,3071.91,3057.08,3057.08,63289
2025070709,3044.78,3065.28,3032.99,3064.76,0
2025070710,3063.29,3068.41,3047.85,3053.25,56627
2025070711,3052.28,3062.26,3051.75,3056.67,31895
2025070712,3057.2,3061.76,3051.66,3060.07,31515
2025070713,3060.28,3066.68,3058.47,3060.28,48243
2025070714,3060.37,3068.43,3059.27,3062.68,43040
2025070809,3071.74,3108.49,3066.03,3103.13,224749
2025070810,3104.18,3106.61,3079.05,3079.83,165882
2025070811,3078.64,3096.68,3077.97,3095.12,96007
2025070812,3094.87,3098.3,3092.03,3097.04,63319
2025070813,3097.73,3105.75,3096.52,3104.95,68292
2025070814,3105.23,3115.86,3103.79,3114.67,74983
2025070909,3123.22,3128.32,3111.02,3118.75,258201
2025070910,3119.63,3131.29,3115.6,3130.69,105427
2025070911,3130.71,3132.58,3118.06,3122.24,81000
2025070912,3122.56,3132.47,3121.73,3131.82,49984
2025070913,3131.2,3137.17,3130.2,3133.93,51107
2025070914,3133.52,3135.83,3129.43,3135.18,53394
2025071009,3144.14,3164.3,3133.81,3153.24,160626
2025071010,3153.54,3159.55,3153.23,3155.39,95907
2025071011,3155.68,3170.65,3155.68,3165.98,89227
2025071012,3166.67,3167.45,3158.52,3166.09,72603
2025071013,3165.35,3176.99,3161.08,3176.99,59247
2025071014,3176.02,3176.99,3171.38,3172.91,58371
2025071109,3186.35,3216.69,3175.3,3189.9,172872
2025071110,3187.72,3200.59,3180.53,3189.76,79550
2025071111,3190.07,3192.67,3171.75,3180.98,57200
2025071112,3181.43,3187.21,3181.34,3185.04,33566
2025071113,3185.44,3187.98,3181.52,3183.55,38521
2025071114,3182.91,3184.65,3170.97,3171.7,42959
2025071409,3175.59,3195.0,3170.72,3190.37,0
2025071410,3190.12,3198.11,3181.17,3182.07,66275
2025071411,3180.73,3186.28,3176.95,3180.99,61902
2025071412,3181.47,3191.38,3177.65,3189.07,52997
2025071413,3187.6,3196.78,3186.62,3195.06,54989
2025071414,3194.7,3201.51,3193.73,3199.26,52475
2025071509,3194.82,3200.32,3183.83,3199.27,119038
2025071510,3199.45,3213.91,3188.73,3206.95,87231
2025071511,3207.5,3210.04,3192.54,3195.75,48551
2025071512,3196.81,3201.13,3193.3,3197.39,39113
2025071513,3196.79,3200.82,3193.58,3195.63,43745
2025071514,3195.66,3211.58,3195.12,3209.37,47950
2025071609,3207.48,3209.2,3178.42,3191.31,240002
2025071610,3191.24,3200.43,3190.06,3198.21,77924
2025071611,3198.01,3200.26,3190.03,3193.85,46463
2025071612,3193.63,3198.04,3192.51,3196.41,34074
2025071613,3196.84,3196.84,3186.53,3186.76,45758
2025071614,3186.91,3189.25,3178.97,3181.2,50264
2025071709,3201.42,3201.42,3152.42,3164.63,139108
2025071710,3165.26,3175.63,3164.33,3171.77,64860
2025071711,3172.03,3182.18,3169.95,3178.89,45242
2025071712,3178.02,3186.8,3172.11,3185.75,42885
2025071713,3185.75,3188.78,3180.97,3188.11,46286
2025071714,3187.49,3192.82,3185.51,3186.0,45928
2025071809,3200.44,3204.75,3182.77,3186.6,119446
2025071810,3187.48,3188.89,3171.17,3171.39,91370
2025071811,3171.8,3183.14,3169.69,3181.2,40820
2025071812,3181.68,3181.9,3175.8,3178.34,32849
2025071813,3177.82,3180.69,3172.63,3179.97,38655
2025071814,3180.27,3188.51,3177.87,3186.76,37893
2025072109,3191.11,3206.02,3188.87,3202.86,0
2025072110,3202.75,3211.14,3201.13,3201.92,50557
2025072111,3202.5,3204.74,3198.86,3203.65,49566
2025072112,3203.45,3207.68,3201.98,3205.53,24957
2025072113,3205.55,3208.94,3203.8,3207.24,28517
2025072114,3206.57,3210.0,3204.1,3208.71,33280
2025072209,3210.12,3220.27,3198.73,3206.11,104096
2025072210,3204.64,3205.12,3192.79,3199.25,64274
2025072211,3199.46,3201.25,3191.89,3192.51,39065
2025072212,3193.75,3193.77,3179.56,3179.56,40214
2025072213,3179.68,3180.47,3155.25,3165.34,55593
2025072214,3164.96,3167.0,3157.07,3164.16,41527
2025072309,3189.65,3199.86,3152.97,3152.97,207446
2025072310,3153.66,3173.35,3141.93,3169.79,135369
2025072311,3169.62,3170.56,3156.24,3162.55,45585
2025072312,3162.25,3176.88,3162.12,3175.15,80535
2025072313,3174.38,3177.5,3170.58,3175.64,68121
2025072314,3175.21,3184.64,3174.54,3181.02,80709
2025072409,3209.43,3237.97,3207.99,3215.6,153176
2025072410,3216.0,3216.82,3201.22,3209.75,67421
2025072411,3208.65,3214.25,3194.31,3198.22,42529
2025072412,3198.33,3199.88,3190.0,3190.42,41433
2025072413,3191.22,3193.66,3184.53,3192.88,47779
2025072414,3193.97,3193.97,3183.05,3189.03,40656
2025072509,3184.37,3200.86,3184.37,3186.57,112471
2025072510,3186.7,3201.62,3186.28,3198.56,57324
2025072511,3199.35,3202.7,3193.33,3197.96,63672
2025072512,3198.37,3205.82,3198.37,3200.26,45227
2025072513,3200.34,3203.12,3192.58,3194.76,35711
2025072514,3194.14,3199.21,3189.96,3190.59,42397
2025072809,3228.61,3228.61,3184.15,3204.18,0
2025072810,3203.69,3204.18,3188.43,3192.22,119967
2025072811,3190.92,3196.6,3180.18,3193.98,61004
2025072812,3193.95,3194.85,3189.2,3190.53,37275
2025072813,3190.96,3204.45,3190.58,3202.73,53766
2025072814,3203.31,3206.22,3200.0,3204.0,47076
2025072909,3192.17,3201.89,3169.03,3201.89,105432
2025072910,3202.79,3217.2,3199.94,3211.56,64438
2025072911,3212.13,3230.31,3207.49,3230.31,48570
2025072912,3230.16,3232.31,3224.15,3227.88,31958
2025072913,3227.63,3231.67,3216.2,3218.23,44008
2025072914,3218.22,3231.69,3217.5,3226.88,47983
2025073009,3233.31,3248.56,3227.28,3248.24,107004
2025073010,3248.62,3253.95,3238.94,3253.06,47050
2025073011,3253.92,3259.77,3247.59,3258.02,32794
2025073012,3258.06,3261.5,3253.95,3261.06,27504
2025073013,3260.33,3269.4,3260.33,3265.77,39295
2025073014,3266.95,3267.59,3260.5,3262.45,48218
2025073109,3275.78,3288.26,3248.05,3261.45,191896
2025073110,3261.28,3265.51,3248.32,3252.68,93456
2025073111,3252.33,3255.96,3247.27,3253.86,56055
2025073112,3253.06,3253.84,3236.63,3237.4,49165
2025073113,3236.28,3241.89,3230.94,3238.59,57597
2025073114,3237.98,3239.94,3227.46,3237.68,52967
2025080109,3210.32,3210.32,3145.72,3149.77,168789
2025080110,3150.2,3155.15,3125.01,3150.81,101571
2025080111,3149.92,3160.21,3147.19,3152.18,40377
2025080112,3152.32,3154.62,3136.94,3137.57,38495
2025080113,3137.1,3138.79,3127.8,3129.13,57007
2025080114,3128.77,3134.45,3121.96,3126.06,60343
2025080409,3114.27,3136.17,3105.63,3136.17,0
2025080410,3135.77,3154.85,3135.77,3138.38,54195
2025080411,3138.89,3143.11,3134.76,3138.75,27610
2025080412,3140.45,3152.29,3139.75,3152.29,21454
2025080413,3151.72,3154.79,3148.75,3150.98,28875
2025080414,3150.14,3157.08,3147.01,3153.48,29943
2025080509,3187.15,3212.31,3187.15,3200.58,99477
2025080510,3200.44,3203.87,3189.81,3196.24,36659
2025080511,3196.27,3200.27,3174.23,3176.22,29540
2025080512,3175.14,3191.49,3175.14,3191.14,22182
2025080513,3190.91,3197.51,3189.0,3197.51,26411
2025080514,3197.52,3198.91,3190.91,3196.4,29353
2025080609,3182.06,3193.29,3176.61,3180.73,99520
2025080610,3181.11,3195.13,3180.34,3195.13,56586
2025080611,3194.45,3197.63,3190.9,3191.13,41927
2025080612,3192.45,3193.07,3185.66,3188.72,29594
2025080613,3187.46,3192.61,3187.46,3190.02,35738
2025080614,3190.38,3200.15,3186.95,3198.74,35574
2025080709,3214.81,3223.26,3200.28,3211.73,102207
2025080710,3210.94,3220.05,3210.94,3213.98,44852
2025080711,3214.28,3214.84,3209.42,3211.97,35822
2025080712,3210.98,3218.11,3210.98,3218.11,30351
2025080713,3216.98,3223.19,3215.33,3218.58,41352
2025080714,3219.13,3219.53,3214.78,3216.39,42747
2025080809,3220.58,3227.28,3210.91,3220.23,101654
2025080810,3220.94,3222.91,3212.42,3214.85,72852
2025080811,3213.94,3223.13,3213.58,3219.3,44572
2025080812,3219.3,3220.7,3205.73,3206.86,25736
2025080813,3206.57,3211.08,3202.72,3204.31,33348
2025080814,3203.78,3208.48,3198.31,3202.91,33389
2025081109,3220.72,3223.23,3199.94,3208.06,0
2025081110,3207.43,3214.62,3199.9,3213.06,48361
2025081111,3212.31,3213.66,3207.22,3212.42,31372
2025081112,3211.64,3216.35,3211.44,3212.92,26715
2025081113,3212.08,3213.22,3205.9,3206.91,30536
2025081114,3207.22,3209.27,3204.06,3205.68,32073
2025081209,3209.75,3238.59,3209.75,3236.28,110020
2025081210,3235.4,3242.17,3231.15,3231.99,54211
2025081211,3233.2,3233.87,3218.38,3221.96,51459
2025081212,3221.25,3222.66,3213.47,3213.56,39872
2025081213,3213.46,3213.46,3202.65,3207.2,49077
2025081214,3207.34,3207.81,3192.52,3193.85,39072
2025081309,3225.4,3226.37,3198.38,3198.38,90190
2025081310,3198.67,3204.08,3192.17,3202.94,55415
2025081311,3202.44,3212.61,3202.44,3208.72,33632
2025081312,3209.83,3214.16,3206.86,3210.91,32563
2025081313,3211.17,3216.16,3206.57,3213.89,43611
2025081314,3213.41,3219.08,3213.41,3215.4,35111
2025081409,3226.52,3239.55,3214.9,3216.37,119623
2025081410,3216.06,3225.79,3215.62,3222.91,93741
2025081411,3222.87,3224.76,3216.92,3220.68,46273
2025081412,3221.27,3221.65,3210.83,3212.99,35836
2025081413,3212.69,3223.68,3212.32,3222.66,45162
2025081414,3221.85,3225.9,3221.39,3223.15,46721
2025081809,3202.63,3206.77,3182.77,3196.19,0
2025081810,3196.84,3198.06,3185.52,3186.12,51580
2025081811,3186.5,3188.39,3180.71,3184.74,34953
2025081812,3184.71,3188.94,3183.05,3187.68,25221
2025081813,3187.62,3189.29,3183.5,3185.0,29530
2025081814,3184.34,3187.58,3180.86,3180.86,33447
2025081909,3185.04,3185.48,3145.55,3174.48,102254
2025081910,3174.34,3178.3,3162.86,3164.53,37116
2025081911,3164.0,3166.22,3159.58,3160.68,25805
2025081912,3161.21,3171.14,3160.23,3168.51,22236
2025081913,3168.68,3169.35,3157.95,3157.95,28206
2025081914,3158.6,3160.84,3142.48,3143.2,40692
2025082009,3121.52,3121.52,3080.49,3106.45,112092
2025082010,3106.01,3113.81,3079.27,3086.53,64024
2025082011,3086.4,3100.91,3083.47,3097.49,32628
2025082012,3098.57,3098.57,3087.16,3091.74,28281
2025082013,3092.18,3116.38,3090.71,3114.54,33642
2025082014,3114.83,3128.82,3108.53,3127.37,37775
2025082109,3140.71,3164.43,3134.86,3159.21,80626
2025082110,3159.26,3161.49,3152.3,3157.38,45316
2025082111,3158.76,3164.98,3156.75,3164.18,38393
2025082112,3163.91,3166.54,3157.46,3158.34,25938
2025082113,3158.2,3158.33,3149.51,3150.9,30983
2025082114,3150.93,3153.58,3143.14,3148.11,29662
2025082209,3165.41,3181.95,3165.41,3174.8,84759
2025082210,3175.92,3177.82,3168.77,3169.17,35864
2025082211,3168.87,3173.7,3165.31,3166.81,23339
2025082212,3166.31,3167.29,3161.38,3161.54,19628
2025082213,3161.31,3166.91,3159.45,3166.91,26502
2025082214,3165.82,3172.81,3165.81,3169.08,25832
2025082509,3195.14,3197.81,3180.12,3195.43,0
2025082510,3195.95,3196.92,3187.1,3193.37,33086
2025082511,3193.38,3200.74,3192.56,3198.93,24478
2025082512,3199.09,3204.7,3196.72,3203.97,17843
2025082513,3203.77,3205.74,3201.08,3202.66,21144
2025082514,3202.56,3204.24,3198.85,3200.71,24022
2025082609,3199.92,3199.92,3178.32,3188.3,104127
2025082610,3188.05,3192.09,3180.07,3181.59,45898
2025082611,3181.48,3184.11,3175.31,3180.01,28821
2025082612,3180.4,3186.09,3176.8,3181.83,20821
2025082613,3182.14,3183.47,3177.52,3180.76,29188
2025082614,3180.32,3185.23,3178.57,3180.03,35752
2025082709,3185.87,3189.31,3165.77,3175.72,96274
2025082710,3175.7,3185.01,3175.7,3180.93,44601
2025082711,3181.12,3182.52,3177.21,3178.33,28492
2025082712,3178.1,3185.39,3177.36,3179.98,29752
2025082713,3178.55,3183.96,3178.55,3182.32,31934
2025082714,3181.96,3184.53,3179.73,3181.96,27941
2025082809,3175.33,3199.38,3164.08,3198.1,108434
2025082810,3198.41,3201.84,3193.93,3195.83,59047
2025082811,3196.37,3202.82,3195.45,3201.3,30542
2025082812,3201.39,3204.64,3200.52,3202.74,24991
2025082813,3202.76,3211.34,3202.61,3207.45,28411
2025082814,3208.01,3208.88,3197.64,3198.02,33789
2025082909,3208.8,3212.69,3198.89,3200.02,76773
2025082910,3199.62,3200.61,3189.33,3192.52,41547
2025082911,3192.67,3193.53,3187.21,3189.45,23774
2025082912,3189.74,3193.55,3189.3,3190.37,20811
2025082913,3190.25,3194.17,3188.28,3189.04,25267
2025082914,3188.79,3193.31,3184.61,3185.24,28525
2025090109,3164.58,3174.49,3152.37,3171.62,0
2025090110,3172.71,3177.4,3168.01,3169.58,43913
2025090111,3169.95,3173.18,3159.99,3162.54,28619
2025090112,3162.26,3162.37,3151.03,3151.03,26565
2025090113,3151.43,3153.61,3140.32,3140.88,34884
2025090114,3140.84,3143.65,3135.02,3141.49,35686
2025090209,3155.73,3167.46,3151.93,3160.75,92645
2025090210,3160.78,3168.62,3157.37,3164.98,54202
2025090211,3164.75,3169.35,3159.81,3163.88,45101
2025090212,3164.38,3171.21,3162.14,3171.21,27558
2025090213,3170.63,3174.16,3167.58,3170.52,29345
2025090214,3169.86,3172.49,3165.76,3169.17,28662
2025090309,3177.75,3187.48,3167.23,3170.34,83805
2025090310,3171.03,3183.06,3170.83,3183.06,42233
2025090311,3183.28,3184.63,3176.67,3182.37,45590
2025090312,3182.56,3185.51,3178.86,3183.42,37343
2025090313,3183.96,3184.36,3174.21,3177.1,51237
2025090314,3177.53,3183.28,3176.43,3179.31,35167
2025090409,3188.84,3201.39,3187.64,3193.05,81395
2025090410,3192.57,3199.44,3191.29,3199.16,49176
2025090411,3197.76,3205.61,3197.76,3200.41,38929
2025090412,3200.84,3201.64,3188.64,3188.85,25707
2025090413,3188.95,3190.84,3185.49,3189.76,28072
2025090414,3190.44,3192.43,3187.1,3190.49,31255
2025090509,3208.83,3214.64,3203.97,3205.92,108598
2025090510,3205.32,3208.58,3196.19,3201.94,48648
2025090511,3202.23,3203.34,3198.39,3200.89,27165
2025090512,3200.54,3205.02,3200.54,3203.23,23870
2025090513,3203.21,3207.03,3202.31,3202.31,30197
2025090514,3203.89,3209.12,3201.34,3206.86,38624
2025090809,3209.81,3213.75,3207.01,3211.84,0
2025090810,3210.76,3219.27,3210.76,3214.34,58406
2025090811,3213.48,3215.31,3206.34,3210.42,57024
2025090812,3209.56,3213.94,3208.99,3213.12,43632
2025090813,3212.51,3213.94,3207.39,3208.61,40338
2025090814,3208.32,3211.35,3206.7,3211.15,38033
2025090909,3231.31,3232.66,3221.98,3229.71,111002
2025090910,3230.19,3241.0,3228.5,3240.11,66915
2025090911,3239.14,3256.4,3239.08,3255.04,47337
2025090912,3254.76,3257.73,3251.89,3255.63,36217
2025090913,3255.89,3256.99,3252.2,3254.09,69586
2025090914,3253.68,3257.51,3247.01,3257.13,54200
2025091009,3272.2,3306.34,3272.07,3296.4,124619
2025091010,3296.37,3308.76,3296.15,3306.04,80826
2025091011,3305.0,3310.11,3302.62,3306.88,48895
2025091012,3307.0,3312.31,3306.29,3311.33,45402
2025091013,3309.75,3315.85,3308.24,3312.08,62132
2025091014,3311.83,3317.77,3311.81,3315.62,68979
2025091109,3336.6,3344.7,3318.46,3326.48,134924
2025091110,3325.45,3336.14,3311.86,3317.83,74202
2025091111,3318.5,3329.13,3313.55,3328.63,40096
2025091112,3329.32,3335.15,3323.09,3333.89,35833
2025091113,3333.99,3335.63,3324.72,3328.7,39337
2025091114,3328.47,3331.95,3327.46,3328.9,45489
2025091209,3374.65,3378.26,3362.86,3376.72,153778
2025091210,3377.48,3386.87,3375.74,3385.67,83468
2025091211,3385.5,3388.64,3379.98,3383.11,45474
2025091212,3383.33,3386.31,3381.5,3383.14,27363
2025091213,3383.93,3390.31,3382.54,3387.29,42597
2025091214,3386.94,3392.25,3385.76,3387.71,54749
2025091509,3407.78,3420.23,3399.21,3405.89,0
2025091510,3405.72,3411.79,3391.33,3400.58,59492
2025091511,3400.39,3411.29,3400.39,3408.89,33520
2025091512,3409.01,3416.57,3408.32,3415.13,34651
2025091513,3415.94,3417.48,3406.97,3409.88,41032
2025091514,3409.83,3411.03,3405.88,3406.26,38997
2025091609,3421.13,3431.37,3418.1,3426.87,127567
2025091610,3426.46,3440.96,3426.46,3440.03,78666
2025091611,3439.92,3451.61,3438.15,3445.68,46499
2025091612,3446.48,3451.83,3446.03,3449.93,30874
2025091613,3450.37,3452.5,3446.24,3446.96,43603
2025091614,3446.21,3451.63,3445.36,3448.55,42516
2025091709,3433.83,3433.83,3412.26,3419.87,118886
2025091710,3420.11,3422.51,3406.75,3407.34,54392
2025091711,3407.61,3419.64,3407.61,3419.64,35250
2025091712,3419.13,3425.15,3411.98,3421.66,29676
2025091713,3421.28,3428.72,3421.15,3422.79,28617
2025091714,3422.79,3423.79,3411.21,3411.98,30858
2025091809,3432.77,3436.8,3422.77,3429.41,142048
2025091810,3430.09,3444.34,3429.55,3441.77,50754
2025091811,3441.41,3449.55,3435.65,3447.92,42911
2025091812,3448.46,3456.18,3446.05,3455.17,37057
2025091813,3455.01,3457.62,3448.2,3453.27,38210
2025091814,3454.02,3457.92,3451.15,3453.74,44010
2025091909,3461.23,3467.89,3445.63,3446.71,92894
2025091910,3446.12,3448.39,3439.69,3442.73,52090
2025091911,3443.8,3450.0,3442.75,3444.29,33750
2025091912,3444.62,3447.81,3440.45,3440.45,23530
2025091913,3440.83,3441.72,3434.61,3437.99,29408
2025091914,3438.78,3441.49,3435.77,3437.84,29067
2025092209,3463.84,3481.96,3460.13,3469.09,0
2025092210,3468.48,3477.73,3466.85,3476.22,45269
2025092211,3476.57,3476.92,3468.78,3475.85,31811
2025092212,3474.6,3482.25,3470.44,3478.38,22181
2025092213,3478.56,3478.64,3458.87,3462.42,30277
2025092214,3461.91,3466.94,3460.56,3466.27,29924
2025092309,3489.46,3494.49,3478.82,3483.51,119563
2025092310,3482.28,3482.28,3468.98,3469.11,71908
2025092311,3467.96,3481.05,3467.83,3480.36,32057
2025092312,3479.02,3486.2,3476.92,3485.42,30185
2025092313,3485.44,3490.75,3482.25,3488.84,36518
2025092314,3489.47,3491.03,3485.11,3486.47,35969
2025092409,3492.03,3497.95,3469.3,3471.31,84324
2025092410,3471.05,3475.85,3451.48,3452.57,49411
2025092411,3452.02,3452.74,3443.88,3446.87,32262
2025092412,3446.32,3450.54,3442.41,3449.1,25225
2025092413,3449.67,3462.71,3449.24,3462.47,31902
2025092414,3462.86,3469.95,3460.22,3466.03,30654
2025092509,3458.98,3475.41,3454.08,3472.72,104708
2025092510,3472.09,3479.42,3468.46,3470.58,43712
2025092511,3471.19,3477.92,3466.82,3472.59,28285
2025092512,3471.81,3474.81,3467.91,3471.86,27575
2025092513,3472.16,3473.73,3460.64,3460.79,27312
2025092514,3461.41,3467.05,3461.0,3465.41,31925
2025092609,3440.39,3441.91,3401.04,3413.74,100215
2025092610,3414.23,3417.17,3399.21,3399.21,50777
2025092611,3398.86,3402.08,3388.29,3388.29,36405
2025092612,3388.55,3390.16,3378.61,3379.27,33579
2025092613,3379.08,3380.27,3367.71,3370.08,65941
2025092614,3371.21,3392.29,3365.73,3386.63,75348
2025092909,3414.43,3439.12,3413.33,3434.28,0
2025092910,3433.26,3435.39,3421.38,3425.93,77970
2025092911,3426.29,3431.07,3422.4,3429.85,58287
2025092912,3429.92,3431.45,3427.02,3428.9,32829
2025092913,3429.54,3437.36,3425.67,3434.41,37571
2025092914,3433.37,3437.88,3432.64,3436.08,38587
2025093009,3436.0,3443.38,3428.06,3435.16,176520
2025093010,3435.55,3438.4,3421.89,3431.81,79422
2025093011,3432.87,3435.2,3426.89,3434.47,53324
2025093012,3435.08,3438.08,3427.77,3429.1,53105
2025093013,3429.15,3431.27,3426.65,3427.87,44916
2025093014,3427.44,3431.15,3425.55,3425.72,65255
2025100109,3444.06,3459.47,3440.42,3444.97,139672
2025100110,3445.01,3459.74,3445.01,3456.87,105876
2025100111,3457.32,3457.99,3450.07,3450.92,63735
2025100112,3451.51,3451.59,3443.6,3447.98,59980
2025100113,3447.75,3455.21,3446.34,3453.16,50679
2025100114,3453.61,3456.54,3451.6,3452.75,41885
2025100209,3525.48,3543.71,3512.16,3543.71,125322
2025100210,3542.85,3565.71,3536.43,3560.79,56364
2025100211,3560.0,3565.96,3556.61,3558.79,44073
2025100212,3557.86,3559.75,3552.37,3555.98,30683
2025100213,3556.99,3562.61,3551.42,3551.42,44678
2025100214,3550.4,3553.71,3543.93,3552.39,45726
2025101009,3598.11,3614.0,3569.44,3605.03,0
2025101010,3605.01,3617.86,3602.15,3603.78,61991
2025101011,3603.82,3603.82,3589.73,3596.22,45617
2025101012,3597.64,3601.5,3592.38,3601.5,31380
2025101013,3601.37,3602.86,3591.98,3593.48,36760
2025101014,3594.24,3602.84,3590.87,3602.84,36473
2025101309,3550.08,3572.37,3522.54,3572.18,0
2025101310,3572.47,3579.31,3562.75,3577.4,59769
2025101311,3576.76,3579.83,3557.84,3559.34,46394
2025101312,3560.19,3565.88,3550.91,3552.22,31658
2025101313,3552.46,3555.63,3546.72,3554.54,36532
2025101314,3554.4,3572.48,3552.54,3570.55,44778
2025101409,3604.12,3646.77,3598.13,3624.86,164211
2025101410,3623.87,3633.41,3605.81,3620.21,130933
2025101411,3620.09,3622.74,3605.77,3605.94,46284
2025101412,3606.5,3607.84,3595.4,3597.13,45976
2025101413,3598.39,3598.39,3535.52,3561.05,180062
2025101414,3558.97,3567.72,3552.42,3555.69,125097
2025101509,3580.64,3607.83,3577.06,3606.5,186332
2025101510,3606.87,3616.88,3600.02,3612.93,86151
2025101511,3613.17,3629.58,3611.76,3623.74,46396
2025101512,3625.56,3635.91,3624.48,3635.91,46827
2025101513,3636.01,3639.81,3629.94,3639.77,61908
2025101514,3639.31,3657.18,3639.31,3656.14,64980
2025101609,3675.82,3725.74,3675.82,3720.21,179549
2025101610,3721.41,3726.42,3710.3,3714.47,74351
2025101611,3714.54,3729.64,3709.99,3728.31,48036
2025101612,3727.63,3729.85,3715.75,3726.28,47306
2025101613,3725.31,3735.9,3725.08,3731.04,51247
2025101614,3731.17,3738.34,3727.96,3731.69,52321
2025101709,3732.76,3745.98,3722.07,3743.1,136068
2025101710,3742.22,3794.87,3742.22,3783.06,79338
2025101711,3783.26,3785.1,3743.23,3748.7,50715
2025101712,3748.08,3769.35,3743.99,3750.12,34397
2025101713,3749.77,3763.4,3747.22,3759.87,40424
2025101714,3759.81,3762.19,3744.37,3744.61,42356
2025102009,3775.4,3777.57,3728.38,3768.97,0
2025102010,3768.81,3778.89,3763.91,3778.89,46935
2025102011,3778.32,3802.53,3778.32,3798.26,53459
2025102012,3798.62,3803.86,3795.33,3802.32,42115
2025102013,3801.66,3803.61,3781.78,3795.57,48076
2025102014,3795.75,3810.95,3795.26,3806.55,50927
2025102109,3851.01,3893.06,3850.75,3886.11,135525
2025102110,3887.06,3892.21,3881.73,3883.27,82131
2025102111,3883.89,3884.28,3843.74,3844.77,55606
2025102112,3843.48,3860.26,3837.23,3840.47,54233
2025102113,3839.96,3841.76,3817.91,3828.16,104151
2025102114,3827.65,3832.28,3816.19,3822.38,61055
2025102209,3827.23,3830.09,3794.52,3797.65,200109
2025102210,3798.75,3828.89,3794.7,3826.08,93953
2025102211,3826.52,3840.94,3823.74,3838.29,80600
2025102212,3838.18,3838.18,3824.37,3836.04,65361
2025102213,3835.66,3861.49,3835.57,3860.97,65912
2025102214,3861.35,3868.55,3858.35,3867.08,50905
2025102309,3835.79,3867.42,3823.37,3862.13,144035
2025102310,3862.89,3890.08,3862.65,3882.01,72300
2025102311,3884.09,3902.21,3882.24,3896.94,43751
2025102312,3896.57,3899.41,3861.16,3861.91,41015
2025102313,3862.16,3863.3,3831.88,3845.78,52285
2025102314,3845.49,3858.39,3842.43,3858.14,38419
2025102409,3893.23,3908.41,3886.64,3905.58,135660
2025102410,3904.04,3919.17,3889.64,3918.04,72834
2025102411,3918.27,3924.9,3916.27,3921.24,39961
2025102412,3921.76,3931.72,3917.79,3930.86,34861
2025102413,3928.88,3938.32,3920.1,3937.83,48448
2025102414,3936.68,3946.18,3934.9,3943.91,52699
2025102709,3999.79,4038.39,3999.79,4034.03,0
2025102710,4033.82,4033.82,3999.87,4029.77,78419
2025102711,4029.73,4037.11,4027.51,4030.09,47519
2025102712,4029.87,4031.94,4019.77,4023.26,40213
2025102713,4022.85,4023.33,4007.33,4020.28,48425
2025102714,4019.91,4035.89,4019.91,4033.34,49224
2025102809,4010.47,4018.22,3984.48,3996.31,151779
2025102810,3995.67,3998.82,3972.56,3998.82,62483
2025102811,3998.09,4006.55,3989.13,4000.44,45171
2025102812,4001.36,4004.77,3994.31,3994.31,29061
2025102813,3995.99,3997.17,3988.97,3992.2,37267
2025102814,3992.98,4002.44,3978.96,4002.44,49477
2025102909,4061.54,4061.54,4014.84,4027.62,134302
2025102910,4026.47,4073.1,4026.47,4070.39,62799
2025102911,4069.05,4078.99,4057.29,4064.58,49320
2025102912,4065.07,4070.32,4058.64,4063.49,46025
2025102913,4062.82,4065.19,4035.51,4038.64,68500
2025102914,4038.23,4068.29,4035.31,4065.95,65535
2025103009,4105.95,4146.72,4105.95,4120.29,213039
2025103010,4120.07,4124.44,4070.79,4108.5,105850
2025103011,4108.68,4131.31,4108.68,4122.78,46232
2025103012,4121.13,4130.12,4111.2,4125.52,36914
2025103013,4125.9,4126.29,4080.55,4082.33,73527
2025103014,4081.47,4105.02,4070.96,4097.55,53284
2025103109,4083.25,4105.38,4059.74,4096.45,111311
2025103110,4094.91,4117.53,4084.56,4117.13,59811
2025103111,4117.16,4122.09,4106.76,4107.87,50437
2025103112,4108.82,4114.7,4094.23,4111.67,30512
2025103113,4112.12,4116.17,4104.29,4112.93,39775
2025103114,4114.03,4115.0,4097.13,4097.33,48276
2025110309,4123.36,4177.04,4123.36,4172.91,0
2025110310,4173.06,4196.4,4173.06,4192.17,69921
2025110311,4191.56,4208.81,4185.85,4208.47,60146
2025110312,4208.8,4216.93,4198.45,4210.58,56447
2025110313,4210.31,4210.31,4187.42,4206.05,54908
2025110314,4206.36,4215.31,4200.78,4205.41,48870
2025110409,4219.24,4226.75,4163.12,4202.8,161256
2025110410,4202.14,4202.14,4159.86,4167.56,71441
2025110411,4166.26,4166.26,4129.97,4130.25,44420
2025110412,4129.93,4161.92,4129.09,4147.21,33125
2025110413,4147.58,4148.17,4130.78,4141.3,38111
2025110414,4141.78,4145.13,4117.91,4120.96,44049
2025110509,4055.47,4055.47,3923.1,3945.12,199571
2025110510,3944.63,3945.41,3867.81,3923.4,114436
2025110511,3923.94,3978.28,3913.14,3976.94,57252
2025110512,3976.76,4038.05,3968.02,4023.2,66145
2025110513,4023.48,4024.24,3972.86,3976.84,58199
2025110514,3974.9,4011.71,3974.9,3983.52,57733
2025110609,4092.46,4111.96,4014.51,4050.47,145056
2025110610,4049.55,4049.55,3985.29,4031.15,71641
2025110611,4031.49,4053.69,4008.79,4051.89,40488
2025110612,4052.12,4073.94,4050.99,4059.89,38890
2025110613,4059.37,4073.03,4048.46,4060.32,45256
2025110614,4062.85,4068.6,4029.97,4031.96,46312
2025110709,3963.72,4037.61,3963.45,4003.7,113481
2025110710,4002.04,4003.42,3956.75,3968.68,50685
2025110711,3968.34,3969.47,3927.11,3935.77,46769
2025110712,3936.06,3940.27,3909.93,3919.21,39011
2025110713,3919.1,3923.02,3887.32,3901.12,45210
2025110714,3899.13,3957.73,3898.98,3957.5,43371
2025111009,3991.87,4047.36,3984.24,4031.83,0
2025111010,4029.33,4064.26,4029.33,4063.03,48852
2025111011,4062.17,4067.84,4052.98,4063.42,34822
2025111012,4062.86,4075.67,4062.02,4073.03,36198
2025111013,4072.18,4087.52,4069.67,4085.46,38623
2025111014,4084.81,4092.91,4081.73,4083.17,37627
2025111109,4124.3,4187.46,4124.3,4177.04,124457
2025111110,4177.19,4181.98,4154.64,4154.87,60479
2025111111,4153.32,4156.24,4123.07,4132.28,51565
2025111112,4132.72,4143.37,4117.33,4143.05,33833
2025111113,4141.81,4142.09,4089.62,4089.62,40346
2025111114,4088.08,4101.46,4066.58,4084.9,43038
2025111209,4097.44,4131.53,4088.86,4115.56,105075
2025111210,4114.32,4145.68,4111.42,4141.64,55584
2025111211,4139.31,4154.62,4132.21,4134.91,39256
2025111212,4134.67,4148.72,4131.14,4147.62,26977
2025111213,4148.36,4148.38,4130.2,4139.79,32345
2025111214,4138.57,4151.04,4136.11,4146.08,41690
2025111310,4127.57,4166.69,4123.84,4154.55,139710
2025111311,4156.37,4159.01,4139.32,4142.26,76750
2025111312,4141.93,4156.89,4138.21,4151.66,42671
2025111313,4151.55,4170.44,4146.72,4168.0,39453
2025111314,4168.07,4179.24,4167.3,4171.78,39579
2025111409,4061.91,4092.76,4052.26,4066.76,101909
2025111410,4066.0,4088.99,4059.47,4070.84,55735
2025111411,4071.91,4076.84,4061.07,4071.31,40696
2025111412,4073.02,4084.52,4068.92,4070.47,32794
2025111413,4071.45,4074.01,4034.92,4035.87,62560
2025111414,4035.41,4037.96,4020.67,4028.55,61720
2025111709,4078.57,4086.42,4045.4,4068.23,0
2025111710,4067.57,4080.96,4053.61,4073.84,52804
2025111711,4072.16,4085.06,4065.6,4069.14,37021
2025111712,4069.78,4078.87,4060.13,4072.2,24095
2025111713,4072.91,4085.52,4072.45,4079.85,31186
2025111714,4080.14,4088.89,4078.95,4081.8,40966
2025111809,4044.47,4072.41,4008.61,4016.49,103537
2025111810,4014.42,4039.67,4007.04,4017.34,37115
2025111811,4015.61,4019.22,4004.99,4009.04,33942
2025111812,4007.84,4007.84,3978.99,3982.99,36153
2025111813,3983.19,3983.44,3953.26,3963.68,47262
2025111814,3962.48,3970.81,3954.87,3958.11,32956
2025111909,3966.64,3966.64,3854.95,3914.78,103916
2025111910,3914.04,3950.29,3903.67,3947.67,49078
2025111911,3946.54,3964.75,3943.18,3955.43,32533
2025111912,3955.87,3959.92,3920.17,3923.29,25493
2025111913,3925.22,3942.08,3919.03,3927.15,47982
2025111914,3926.27,3937.15,3909.23,3917.7,45701
2025112009,4030.97,4046.78,4007.71,4008.22,118738
2025112010,4005.61,4036.62,4001.31,4034.84,56487
2025112011,4034.73,4051.95,4029.46,4046.94,49914
2025112012,4047.84,4059.37,4047.03,4048.44,40195
2025112013,4048.84,4053.44,4042.28,4050.03,33923
2025112014,4048.33,4050.61,4022.22,4026.69,32175
2025112109,3908.7,3911.55,3838.7,3871.95,108215
2025112110,3870.54,3883.08,3863.9,3871.76,65489
2025112111,3872.19,3872.19,3848.47,3848.56,30021
2025112112,3849.07,3865.19,3845.31,3857.62,22586
2025112113,3856.96,3858.51,3838.46,3853.91,30947
2025112114,3852.15,3860.83,3851.72,3856.4,26987
2025112409,3915.16,3917.16,3855.93,3890.04,0
2025112410,3889.61,3903.64,3881.33,3901.01,38675
2025112411,3901.21,3914.01,3886.68,3911.85,31211
2025112412,3910.55,3912.33,3879.55,3881.37,33645
2025112413,3881.79,3881.79,3841.5,3841.5,40724
2025112414,3840.78,3868.69,3838.2,3859.72,33256
2025112509,3942.36,3946.61,3890.47,3909.42,85974
2025112510,3910.5,3910.5,3875.09,3877.38,43287
2025112511,3877.74,3890.3,3869.8,3886.48,28517
2025112512,3886.36,3895.79,3834.59,3834.59,35890
2025112513,3833.35,3855.1,3833.35,3849.3,34376
2025112514,3849.87,3862.67,3848.86,3858.31,26397
2025112609,3891.88,3907.71,3866.66,3899.9,98037
2025112610,3899.61,3938.5,3898.49,3935.94,45520
2025112611,3934.43,3935.42,3919.63,3927.62,25855
2025112612,3928.03,3946.19,3926.98,3939.66,25917
2025112613,3940.58,3941.6,3934.36,3937.39,31751
2025112614,3936.7,3957.76,3936.7,3955.64,38409
2025112709,3989.45,4017.47,3985.9,4016.55,81188
2025112710,4016.99,4023.42,4005.46,4008.65,39838
2025112711,4010.53,4013.96,3988.17,3988.17,25255
2025112712,3989.53,3989.96,3976.71,3983.57,27387
2025112713,3983.17,3991.35,3968.43,3983.03,26687
2025112714,3982.7,3990.78,3978.11,3986.52,30206
2025112809,3995.3,3995.3,3946.53,3948.24,77910
2025112810,3949.16,3957.05,3937.86,3952.03,36377
2025112811,3952.13,3953.04,3937.43,3943.0,22859
2025112812,3942.69,3943.47,3928.86,3931.78,18644
2025112813,3931.82,3936.8,3925.82,3928.89,24228
2025112814,3928.83,3933.81,3924.93,3926.46,31261
2025120109,3967.92,3977.31,3892.08,3896.0,0
2025120110,3895.92,3937.68,3894.48,3934.91,35475
2025120111,3935.56,3943.61,3912.18,3920.23,39447
2025120112,3919.58,3930.78,3915.13,3928.51,25582
2025120113,3929.34,3932.52,3921.76,3922.5,31869
2025120114,3921.83,3925.12,3899.44,3914.6,50943
2025120209,3939.09,3977.5,3935.14,3977.43,110791
2025120210,3979.71,3981.7,3973.27,3978.75,51851
2025120211,3979.29,3986.0,3973.8,3985.44,31053
2025120212,3984.14,3988.73,3968.88,3985.95,31202
2025120213,3985.59,3993.98,3984.9,3987.82,31906
2025120214,3986.82,3991.31,3981.88,3986.32,32798
2025120309,4010.26,4031.42,3987.76,4026.49,95893
2025120310,4026.51,4052.54,4024.46,4047.25,42120
2025120311,4046.83,4047.57,4034.1,4036.67,33740
2025120312,4037.52,4052.83,4027.24,4048.49,30696
2025120313,4049.03,4049.17,4039.68,4042.19,28513
2025120314,4043.65,4048.9,4038.53,4039.76,31721
2025120409,4018.91,4028.39,3997.55,4001.89,140803
2025120410,4001.42,4015.28,3994.21,3994.21,47748
2025120411,3994.04,4000.09,3982.54,3996.77,35427
2025120412,3996.5,4001.2,3991.76,3999.75,34501
2025120413,3997.48,4012.48,3997.48,4010.59,32034
2025120414,4010.71,4012.26,4003.58,4010.27,34179
2025120509,4023.5,4045.1,4003.29,4043.28,156367
2025120510,4041.85,4062.69,4041.85,4052.46,60773
2025120511,4052.01,4061.31,4045.77,4061.29,58351
2025120512,4060.94,4070.27,4055.34,4069.28,58324
2025120513,4067.19,4072.58,4061.14,4066.11,49798
2025120514,4066.13,4092.33,4064.98,4092.33,55921
2025120809,4109.25,4109.25,4081.26,4097.55,0
2025120810,4097.58,4111.75,4097.08,4098.72,56730
2025120811,4098.52,4116.31,4094.87,4116.03,30754
2025120812,4115.17,4115.57,4106.58,4114.32,32468
2025120813,4113.48,4135.8,4109.6,4129.49,48385
2025120814,4130.25,4135.18,4125.55,4133.58,60733
2025120909,4129.77,4152.18,4124.84,4133.09,131589
2025120910,4133.38,4141.59,4127.48,4131.93,61017
2025120911,4131.87,4137.37,4126.31,4126.31,38699
2025120912,4126.48,4133.27,4121.21,4133.26,40366
2025120913,4132.5,4144.27,4131.58,4140.5,48536
2025120914,4139.91,4150.82,4135.77,4147.7,45994
2025121009,4159.05,4172.64,4133.48,4136.48,90871
2025121010,4136.55,4143.87,4128.75,4130.07,41920
2025121011,4128.77,4147.94,4128.77,4147.92,37421
2025121012,4146.83,4156.77,4146.83,4154.11,36837
2025121013,4154.06,4156.81,4142.09,4143.32,40821
2025121014,4144.03,4144.68,4123.6,4124.62,39713
2025121109,4163.32,4170.77,4153.92,4160.03,117317
2025121110,4161.11,4169.76,4157.12,4158.01,70265
2025121111,4158.38,4159.41,4117.3,4117.3,59504
2025121112,4116.88,4121.3,4103.2,4119.1,87883
2025121113,4119.53,4133.53,4117.22,4120.36,68102
2025121114,4121.11,4127.97,4117.66,4118.22,53965
2025121209,4123.83,4156.76,4120.73,4147.49,129756
2025121210,4147.36,4163.83,4144.45,4163.01,58678
2025121211,4162.6,4168.17,4145.4,4149.22,40405
2025121212,4146.76,4149.49,4134.56,4135.98,48189
2025121213,4135.31,4150.48,4134.1,4145.52,49267
2025121214,4145.9,4157.88,4145.6,4155.02,55361
2025121509,4053.74,4111.79,4052.65,4104.92,0
2025121510,4104.44,4108.75,4099.21,4108.16,52327
2025121511,4107.04,4123.19,4106.23,4112.78,32480
2025121512,4112.58,4114.55,4092.84,4102.93,35033
2025121513,4103.37,4120.8,4096.94,4119.15,39037
2025121514,4118.46,4119.28,4109.02,4115.28,38934
2025121609,4093.32,4099.01,4045.01,4045.81,107290
2025121610,4046.16,4050.5,4019.68,4024.36,51764
2025121611,4025.1,4025.94,4013.76,4017.41,45429
2025121612,4016.67,4031.49,4011.34,4027.2,36876
2025121613,4028.32,4033.6,4014.19,4025.52,32654
2025121614,4024.64,4026.68,4004.23,4004.23,58678
2025121709,4019.43,4026.71,3994.65,4004.37,117422
2025121710,4005.42,4030.21,4005.42,4024.1,63999
2025121711,4025.58,4033.19,4020.18,4028.14,32324
2025121712,4028.56,4035.21,4021.99,4032.95,22906
2025121713,4032.25,4041.71,4017.79,4017.79,51843
2025121714,4017.98,4049.01,4011.56,4047.14,39003
2025121809,3989.6,4030.65,3980.69,4024.84,194753
2025121810,4023.86,4024.58,3998.18,4007.08,59940
2025121811,4007.64,4018.63,3997.37,3998.07,85637
2025121812,3998.97,4000.5,3975.5,3976.24,72744
2025121813,3976.64,4002.9,3976.04,3996.43,61906
2025121814,3996.28,4012.3,3995.62,4009.54,66428
2025121909,4055.78,4055.78,4000.66,4011.6,168165
2025121910,4011.73,4015.09,3997.05,4011.97,63139
2025121911,4009.5,4022.54,4008.21,4014.71,38606
2025121912,4013.68,4034.07,4011.19,4029.1,31637
2025121913,4029.51,4037.48,4023.7,4027.43,34822
2025121914,4027.04,4040.26,4023.54,4028.47,41815
2025122209,4096.26,4104.39,4083.13,4094.32,0
2025122210,4093.94,4099.74,4083.79,4088.31,46549
2025122211,4089.19,4098.87,4089.19,4095.11,38354
2025122212,4094.71,4097.92,4088.28,4089.76,29711
2025122213,4090.07,4092.2,4085.96,4089.31,28538
2025122214,4089.24,4099.66,4089.08,4099.63,31642
2025122309,4127.4,4140.84,4114.55,4126.66,130129
2025122310,4125.7,4138.45,4122.93,4127.47,53809
2025122311,4126.58,4131.43,4120.98,4122.46,49348
2025122312,4122.88,4125.3,4111.48,4114.96,37895
2025122313,4114.94,4128.55,4112.32,4122.2,42248
2025122314,4121.47,4125.88,4116.06,4118.3,41123
2025122409,4136.24,4137.2,4125.01,4126.63,113929
2025122410,4125.77,4131.75,4120.04,4127.01,55120
2025122411,4126.41,4129.08,4121.3,4123.97,42854
2025122412,4122.51,4125.02,4118.73,4120.45,37124
2025122413,4120.55,4122.92,4108.43,4109.78,41297
2025122414,4109.45,4114.09,4106.62,4110.84,37029
2025122609,4130.37,4142.45,4124.31,4136.2,0
2025122610,4135.3,4139.16,4129.93,4135.87,73927
2025122611,4135.33,4143.14,4135.33,4140.13,47634
2025122612,4139.37,4141.44,4128.3,4128.3,38210
2025122613,4127.97,4129.21,4119.46,4122.65,80503
2025122614,4121.44,4131.56,4121.11,4122.95,89907
2025122909,4146.48,4192.7,4146.48,4192.7,0
2025122910,4193.74,4199.46,4186.95,4192.01,107336
2025122911,4193.07,4199.53,4180.66,4195.12,76058
2025122912,4194.16,4199.85,4187.77,4197.72,42684
2025122913,4197.31,4212.86,4196.19,4204.38,53720
2025122914,4203.39,4205.35,4194.53,4195.12,53557
2025123009,4193.75,4225.6,4186.95,4213.84,124630
2025123010,4215.28,4226.36,4214.77,4222.99,70023
2025123011,4222.79,4224.0,4205.7,4215.05,55896
2025123012,4214.63,4221.83,4211.77,4219.11,32520
2025123013,4219.59,4224.24,4214.37,4217.22,30199
2025123014,4217.23,4221.48,4211.13,4212.24,45553
