202509190900,27400.0,28100.0,27350.0,27950.0,84564
202509190915,27950.0,28500.0,27800.0,28000.0,100278
202509190930,28000.0,28250.0,27950.0,28150.0,41105
202509190945,28150.0,28200.0,27950.0,28150.0,27374
202509191000,28100.0,28250.0,27950.0,28100.0,29638
202509191015,28000.0,28200.0,27800.0,27850.0,31906
202509191030,27800.0,28150.0,27750.0,28100.0,21067
202509191045,28000.0,28100.0,27800.0,27900.0,22962
202509191100,27850.0,28100.0,27800.0,28100.0,20501
202509191115,28100.0,28450.0,28050.0,28200.0,37114
202509191130,28200.0,28300.0,28150.0,28250.0,12801
202509191145,28150.0,28350.0,28050.0,28250.0,17893
202509191200,28250.0,28250.0,28050.0,28100.0,14733
202509191215,28150.0,28200.0,28000.0,28050.0,17267
202509191230,28050.0,28200.0,27900.0,28050.0,22959
202509191245,28050.0,28150.0,28000.0,28050.0,12893
202509191300,28050.0,28500.0,28050.0,28500.0,50668
202509191315,28475.0,28950.0,28450.0,28600.0,118679
202509191330,28600.0,28700.0,28500.0,28600.0,31293
202509191345,28600.0,28650.0,28500.0,28600.0,21921
202509191400,28650.0,28650.0,28250.0,28400.0,25385
202509191415,28350.0,28400.0,28050.0,28250.0,26033
202509191430,28200.0,28350.0,28100.0,28150.0,21340
202509191445,28150.0,28350.0,28100.0,28200.0,15030
202509191500,28150.0,28250.0,28100.0,28200.0,24704
202509191515,28150.0,28250.0,28100.0,28150.0,23013
202509220900,28000.0,28300.0,27500.0,28000.0,146307
202509220915,28000.0,28200.0,27500.0,27600.0,91672
202509220930,27700.0,27750.0,27500.0,27650.0,40891
202509220945,27650.0,27900.0,27600.0,27850.0,27676
202509221000,27900.0,28000.0,27700.0,27700.0,30758
202509221015,27700.0,27900.0,27600.0,27650.0,23624
202509221030,27700.0,27850.0,27600.0,27750.0,20403
202509221045,27750.0,27850.0,27700.0,27800.0,12691
202509221100,27850.0,28100.0,27800.0,28000.0,19800
202509221115,28100.0,28200.0,27950.0,28200.0,21363
202509221130,28150.0,28300.0,28150.0,28200.0,13264
202509221145,28150.0,28200.0,28050.0,28100.0,10157
202509221200,28100.0,28100.0,27950.0,28000.0,11953
202509221215,27975.0,28050.0,27800.0,28000.0,11971
202509221230,28000.0,28000.0,27900.0,28000.0,7495
202509221245,28000.0,28200.0,27250.0,27300.0,107631
202509221300,27300.0,27400.0,26500.0,27050.0,255280
202509221315,27050.0,27500.0,26950.0,27300.0,84378
202509221330,27300.0,27450.0,27150.0,27300.0,44498
202509221345,27350.0,27600.0,27150.0,27350.0,34330
202509221400,27350.0,27600.0,27250.0,27600.0,23729
202509221415,27600.0,27600.0,27500.0,27550.0,19826
202509221430,27550.0,27650.0,27500.0,27550.0,40059
202509221445,27550.0,27550.0,27350.0,27350.0,33460
202509221500,27350.0,27500.0,27300.0,27450.0,36984
202509221515,27450.0,27450.0,27300.0,27300.0,38004
202509230900,27600.0,31900.0,27575.0,30600.0,1391275
202509230915,30600.0,31800.0,30300.0,30800.0,1151466
202509230930,30850.0,31000.0,30250.0,30400.0,348815
202509230945,30500.0,31100.0,30050.0,30150.0,298397
202509231000,30200.0,30400.0,29600.0,29900.0,301777
202509231015,29900.0,30150.0,29400.0,29550.0,218838
202509231030,29550.0,29750.0,29100.0,29150.0,117771
202509231045,29150.0,29200.0,28850.0,29100.0,173008
202509231100,29050.0,29250.0,28850.0,29050.0,88627
202509231115,29100.0,29650.0,28850.0,29600.0,87422
202509231130,29600.0,29850.0,29350.0,29700.0,96942
202509231145,29725.0,29750.0,29400.0,29650.0,38060
202509231200,29650.0,29750.0,29550.0,29650.0,21054
202509231215,29650.0,29700.0,29200.0,29500.0,34617
202509231230,29500.0,29550.0,29200.0,29300.0,31676
202509231245,29300.0,29450.0,29200.0,29300.0,20279
202509231300,29300.0,29500.0,29100.0,29450.0,38690
202509231315,29450.0,29650.0,29300.0,29400.0,37064
202509231330,29400.0,29600.0,29200.0,29200.0,34426
202509231345,29200.0,29400.0,29200.0,29350.0,20144
202509231400,29350.0,29400.0,29200.0,29300.0,19034
202509231415,29300.0,29450.0,29250.0,29250.0,24924
202509231430,29250.0,29600.0,29250.0,29450.0,31031
202509231445,29400.0,29600.0,29300.0,29300.0,56431
202509231500,29350.0,29750.0,29350.0,29600.0,75016
202509231515,29600.0,29600.0,29450.0,29550.0,41420
202509240900,28700.0,29100.0,28500.0,29050.0,171379
202509240915,29100.0,29700.0,29100.0,29200.0,88011
202509240930,29200.0,29250.0,28800.0,29000.0,59318
202509240945,29000.0,29050.0,28600.0,28650.0,96088
202509241000,28650.0,28900.0,28600.0,28700.0,35717
202509241015,28700.0,28750.0,28550.0,28700.0,31943
202509241030,28750.0,28750.0,28400.0,28500.0,61415
202509241045,28500.0,28500.0,28250.0,28300.0,90964
202509241100,28300.0,28450.0,28100.0,28300.0,56635
202509241115,28350.0,28700.0,28200.0,28350.0,36939
202509241130,28400.0,28500.0,28350.0,28350.0,11108
202509241145,28400.0,28500.0,28300.0,28350.0,15989
202509241200,28400.0,28450.0,28100.0,28150.0,33519
202509241215,28150.0,28225.0,27800.0,27950.0,79894
202509241230,27950.0,28100.0,27900.0,28000.0,16473
202509241245,28050.0,28050.0,27850.0,28000.0,19604
202509241300,28000.0,28175.0,27700.0,27850.0,87365
202509241315,27850.0,27950.0,27800.0,27950.0,19073
202509241330,27900.0,28150.0,27900.0,28050.0,20205
202509241345,28050.0,28300.0,28000.0,28250.0,20740
202509241400,28200.0,28300.0,28000.0,28300.0,23286
202509241415,28300.0,28400.0,28150.0,28300.0,20788
202509241430,28300.0,28300.0,28050.0,28100.0,24307
202509241445,28150.0,28150.0,28000.0,28050.0,21142
202509241500,28050.0,28100.0,27900.0,28050.0,44865
202509241515,28050.0,28150.0,27950.0,27950.0,30804
202509250900,27950.0,28000.0,27150.0,27600.0,85346
202509250915,27500.0,27700.0,27200.0,27650.0,52630
202509250930,27650.0,27700.0,27150.0,27300.0,45900
202509250945,27300.0,27350.0,27050.0,27050.0,48801
202509251000,27050.0,27300.0,26900.0,27250.0,61227
202509251015,27250.0,27550.0,27250.0,27400.0,20921
202509251030,27400.0,27450.0,27100.0,27150.0,19427
202509251045,27150.0,27150.0,26700.0,26800.0,93832
202509251100,26900.0,27000.0,26800.0,26950.0,17409
202509251115,26950.0,27050.0,26850.0,27050.0,7683
202509251130,27050.0,27100.0,26900.0,26950.0,11531
202509251145,27000.0,27000.0,26750.0,26750.0,29345
202509251200,26800.0,26850.0,26700.0,26850.0,13448
202509251215,26800.0,26900.0,26800.0,26850.0,9298
202509251230,26800.0,26850.0,26550.0,26650.0,52760
202509251245,26650.0,26700.0,26550.0,26550.0,25332
202509251300,26550.0,26900.0,26550.0,26650.0,37689
202509251315,26700.0,26750.0,26550.0,26600.0,22635
202509251330,26550.0,26750.0,26500.0,26650.0,24082
202509251345,26700.0,26700.0,26550.0,26600.0,20882
202509251400,26600.0,26700.0,26500.0,26650.0,36657
202509251415,26650.0,26650.0,26550.0,26600.0,17174
202509251430,26600.0,26700.0,26550.0,26550.0,22310
202509251445,26600.0,26700.0,26550.0,26650.0,31273
202509251500,26600.0,26800.0,26575.0,26700.0,31152
202509251515,26700.0,26750.0,26650.0,26750.0,22839
202509260900,26450.0,26750.0,26200.0,26500.0,52200
202509260915,26500.0,26700.0,26050.0,26300.0,68603
202509260930,26350.0,26700.0,26050.0,26650.0,35741
202509260945,26650.0,26750.0,26450.0,26450.0,41796
202509261000,26500.0,26600.0,26350.0,26500.0,10873
202509261015,26550.0,26600.0,26300.0,26400.0,13754
202509261030,26350.0,26500.0,26200.0,26300.0,17793
202509261045,26350.0,26350.0,26100.0,26150.0,12249
202509261100,26150.0,26200.0,26050.0,26050.0,13225
202509261115,26050.0,26100.0,25750.0,26000.0,46739
202509261130,26000.0,26500.0,26000.0,26150.0,22580
202509261145,26200.0,26300.0,26150.0,26250.0,7373
202509261200,26250.0,26350.0,26100.0,26150.0,14397
202509261215,26150.0,26200.0,26050.0,26200.0,16687
202509261230,26150.0,26200.0,26000.0,26075.0,15187
202509261245,26050.0,26200.0,26050.0,26100.0,9240
202509261300,26100.0,26200.0,26000.0,26050.0,12334
202509261315,26050.0,26150.0,25950.0,26000.0,8834
202509261330,25950.0,26200.0,25950.0,26150.0,10880
202509261345,26150.0,26250.0,25950.0,26000.0,17757
202509261400,25950.0,26100.0,25850.0,26050.0,13992
202509261415,26000.0,26250.0,26000.0,26250.0,16169
202509261430,26200.0,26550.0,26150.0,26400.0,33755
202509261445,26450.0,26550.0,26300.0,26350.0,23943
202509261500,26350.0,26400.0,26150.0,26200.0,20653
202509261515,26200.0,26250.0,26100.0,26150.0,14545
202509290900,28500.0,29600.0,28450.0,29500.0,594360
202509290915,29550.0,29550.0,28700.0,29000.0,197027
202509290930,29000.0,29300.0,28750.0,29000.0,75362
202509290945,29050.0,29800.0,29000.0,29750.0,224574
202509291000,29700.0,29950.0,29400.0,29700.0,197945
202509291015,29700.0,29800.0,29350.0,29700.0,71866
202509291030,29700.0,30200.0,29500.0,29650.0,215243
202509291045,29650.0,29750.0,29500.0,29600.0,41980
202509291100,29600.0,29650.0,29350.0,29550.0,42228
202509291115,29550.0,29550.0,29300.0,29400.0,27316
202509291130,29400.0,29500.0,29300.0,29375.0,29359
202509291145,29375.0,29500.0,29350.0,29450.0,15425
202509291200,29450.0,29600.0,29400.0,29500.0,19316
202509291215,29500.0,29550.0,29400.0,29500.0,16476
202509291230,29500.0,29650.0,29450.0,29450.0,19165
202509291245,29450.0,29700.0,29450.0,29650.0,20535
202509291300,29650.0,29700.0,29500.0,29700.0,20429
202509291315,29650.0,29850.0,29450.0,29600.0,43881
202509291330,29550.0,29650.0,29450.0,29450.0,14700
202509291345,29450.0,29500.0,29050.0,29250.0,34548
202509291400,29300.0,29350.0,29200.0,29300.0,22757
202509291415,29250.0,29250.0,29000.0,29100.0,36691
202509291430,29100.0,29250.0,28900.0,28950.0,27029
202509291445,28950.0,29250.0,28900.0,29150.0,26181
202509291500,29200.0,29300.0,28900.0,29250.0,42198
202509291515,29200.0,29300.0,29100.0,29250.0,29863
202509300900,29100.0,29950.0,28900.0,29800.0,120447
202509300915,29750.0,29850.0,29200.0,29250.0,64670
202509300930,29200.0,29650.0,29200.0,29350.0,32106
202509300945,29350.0,29525.0,29300.0,29500.0,17712
202509301000,29500.0,29600.0,29350.0,29600.0,20998
202509301015,29550.0,29800.0,29550.0,29700.0,34058
202509301030,29700.0,30450.0,29550.0,30450.0,141366
202509301045,30450.0,30700.0,30100.0,30450.0,106206
202509301100,30500.0,31850.0,30450.0,31150.0,517889
202509301115,31150.0,31450.0,30700.0,31000.0,184640
202509301130,30950.0,31550.0,30850.0,31100.0,73508
202509301145,31100.0,31450.0,31000.0,31350.0,48012
202509301200,31400.0,31450.0,31150.0,31300.0,26689
202509301215,31250.0,31450.0,30875.0,31200.0,67221
202509301230,31150.0,31200.0,31000.0,31200.0,20137
202509301245,31200.0,31250.0,30750.0,30800.0,60667
202509301300,30850.0,31200.0,30750.0,31050.0,53626
202509301315,31150.0,31200.0,30850.0,30950.0,24392
202509301330,30950.0,30950.0,30700.0,30800.0,28826
202509301345,30800.0,31050.0,30750.0,30900.0,22773
202509301400,30850.0,31000.0,30850.0,30900.0,9982
202509301415,30850.0,31000.0,30850.0,30900.0,17315
202509301430,30900.0,30900.0,30750.0,30800.0,20458
202509301445,30750.0,30900.0,30700.0,30850.0,25624
202509301500,30850.0,31100.0,30750.0,30950.0,51423
202509301515,30950.0,31000.0,30800.0,30900.0,26731
202510010900,30950.0,31250.0,30550.0,30850.0,110136
202510010915,30900.0,31150.0,30850.0,31050.0,49364
202510010930,31100.0,31100.0,30850.0,30950.0,29288
202510010945,30950.0,31350.0,30900.0,31050.0,38275
202510011000,31050.0,31200.0,30950.0,31100.0,19217
202510011015,31100.0,31250.0,30850.0,31150.0,22647
202510011030,31150.0,31200.0,30950.0,31150.0,22724
202510011045,31150.0,31550.0,31100.0,31350.0,46538
202510011100,31350.0,31400.0,31150.0,31250.0,17136
202510011115,31250.0,31375.0,31200.0,31250.0,11766
202510011130,31250.0,31300.0,31150.0,31200.0,8198
202510011145,31200.0,31400.0,31100.0,31200.0,21507
202510011200,31200.0,31200.0,30900.0,30950.0,13557
202510011215,30950.0,31300.0,30950.0,31150.0,19703
202510011230,31150.0,31200.0,30850.0,30850.0,22276
202510011245,30850.0,30900.0,30700.0,30750.0,25046
202510011300,30750.0,30800.0,30600.0,30700.0,21177
202510011315,30650.0,30750.0,30450.0,30450.0,31638
202510011330,30500.0,30850.0,30450.0,30800.0,17950
202510011345,30800.0,30900.0,30600.0,30700.0,5801
202510011400,30700.0,30800.0,30550.0,30700.0,13852
202510011415,30700.0,30850.0,30600.0,30800.0,16277
202510011430,30850.0,30850.0,30750.0,30850.0,5427
202510011445,30850.0,31050.0,30800.0,31050.0,14661
202510011500,31000.0,31050.0,30850.0,30950.0,12943
202510011515,30900.0,30950.0,30900.0,30900.0,10539
202510020900,30600.0,31000.0,30200.0,30550.0,80263
202510020915,30550.0,30650.0,30000.0,30350.0,56525
202510020930,30350.0,30500.0,30250.0,30400.0,19241
202510020945,30400.0,30400.0,30050.0,30050.0,30382
202510021000,30050.0,30250.0,29900.0,30250.0,52687
202510021015,30250.0,30350.0,30100.0,30150.0,16509
202510021030,30250.0,30350.0,30050.0,30100.0,15349
202510021045,30100.0,30450.0,30000.0,30000.0,20327
202510021100,30000.0,30000.0,29800.0,29850.0,41589
202510021115,29800.0,29900.0,29650.0,29650.0,33482
202510021130,29675.0,29850.0,29550.0,29800.0,31584
202510021145,29800.0,30000.0,29750.0,29950.0,11150
202510021200,30000.0,30100.0,29950.0,30050.0,9773
202510021215,30000.0,30300.0,29950.0,30250.0,11566
202510021230,30250.0,30300.0,30200.0,30300.0,16067
202510021245,30250.0,30300.0,30050.0,30100.0,10492
202510021300,30100.0,30150.0,30050.0,30100.0,6240
202510021315,30100.0,30150.0,30000.0,30100.0,6293
202510021330,30050.0,30250.0,30050.0,30200.0,6192
202510021345,30200.0,30400.0,30050.0,30350.0,15260
202510021400,30350.0,30600.0,30250.0,30500.0,20331
202510021415,30500.0,30650.0,30450.0,30600.0,12100
202510021430,30550.0,30600.0,30400.0,30500.0,12331
202510021445,30500.0,30750.0,30450.0,30700.0,24268
202510021500,30700.0,30750.0,30550.0,30700.0,25150
202510021515,30650.0,30700.0,30550.0,30650.0,18007
202510100900,31000.0,31875.0,30500.0,31550.0,150925
202510100915,31550.0,33150.0,31500.0,32700.0,309706
202510100930,32700.0,33050.0,32300.0,33000.0,107557
202510100945,33000.0,33100.0,32350.0,32550.0,79965
202510101000,32500.0,32650.0,32100.0,32200.0,48573
202510101015,32200.0,32750.0,32100.0,32700.0,30580
202510101030,32700.0,32750.0,32400.0,32500.0,14347
202510101045,32500.0,33050.0,32500.0,32800.0,46275
202510101100,32850.0,33050.0,32750.0,32850.0,23229
202510101115,32850.0,33600.0,32800.0,33200.0,120574
202510101130,33250.0,33300.0,33100.0,33250.0,22262
202510101145,33250.0,33350.0,33050.0,33300.0,19443
202510101200,33300.0,33300.0,32950.0,33050.0,15011
202510101215,33050.0,33250.0,32900.0,32950.0,26426
202510101230,32950.0,33300.0,32900.0,33250.0,19058
202510101245,33250.0,33800.0,33200.0,33500.0,74539
202510101300,33500.0,33600.0,33250.0,33600.0,15548
202510101315,33600.0,34100.0,33550.0,33850.0,125638
202510101330,33900.0,33900.0,33350.0,33450.0,41615
202510101345,33500.0,33525.0,33300.0,33450.0,20182
202510101400,33450.0,33700.0,33400.0,33650.0,13482
202510101415,33650.0,34000.0,33650.0,34000.0,34417
202510101430,34000.0,34200.0,33800.0,33850.0,40567
202510101445,33850.0,34100.0,33800.0,34050.0,26911
202510101500,34100.0,34250.0,34000.0,34250.0,50519
202510101515,34250.0,34350.0,34200.0,34350.0,38707
202510130900,33850.0,35250.0,33550.0,33800.0,238408
202510130915,33800.0,33900.0,33100.0,33750.0,82522
202510130930,33650.0,34050.0,33500.0,33800.0,34556
202510130945,33750.0,33800.0,33450.0,33750.0,39452
202510131000,33750.0,33900.0,33550.0,33700.0,24035
202510131015,33700.0,33700.0,33400.0,33650.0,25333
202510131030,33500.0,33850.0,33450.0,33800.0,17499
202510131045,33800.0,34450.0,33700.0,34150.0,60475
202510131100,34100.0,34150.0,33700.0,33700.0,24894
202510131115,33750.0,33800.0,33400.0,33500.0,28737
202510131130,33500.0,33550.0,33400.0,33400.0,8608
202510131145,33450.0,33500.0,33400.0,33450.0,11786
202510131200,33400.0,33700.0,33350.0,33600.0,18598
202510131215,33550.0,33700.0,33500.0,33550.0,3869
202510131230,33500.0,33650.0,33450.0,33650.0,8015
202510131245,33600.0,33800.0,33550.0,33600.0,14148
202510131300,33600.0,33650.0,33450.0,33600.0,17240
202510131315,33600.0,33600.0,33300.0,33300.0,28970
202510131330,33350.0,33400.0,33000.0,33150.0,38879
202510131345,33200.0,33200.0,33000.0,33050.0,20867
202510131400,33050.0,33150.0,33000.0,33050.0,24892
202510131415,33000.0,33100.0,33000.0,33000.0,14656
202510131430,33000.0,33050.0,32750.0,32850.0,33319
202510131445,32800.0,32900.0,32700.0,32850.0,17703
202510131500,32850.0,32900.0,32700.0,32800.0,22924
202510131515,32775.0,33150.0,32750.0,32850.0,17329
202510140900,33900.0,36350.0,33650.0,35200.0,453246
202510140915,35150.0,36000.0,35150.0,35800.0,152460
202510140930,35800.0,36750.0,35550.0,36250.0,296672
202510140945,36250.0,36450.0,35300.0,35300.0,110805
202510141000,35300.0,36000.0,35300.0,35900.0,41505
202510141015,35900.0,35900.0,35150.0,35500.0,49087
202510141030,35500.0,35850.0,35350.0,35750.0,35058
202510141045,35800.0,35800.0,35200.0,35350.0,24670
202510141100,35350.0,35350.0,35000.0,35350.0,35988
202510141115,35300.0,35550.0,35250.0,35500.0,20343
202510141130,35550.0,35575.0,35200.0,35350.0,10582
202510141145,35350.0,35450.0,35050.0,35100.0,12903
202510141200,35100.0,35150.0,34700.0,35000.0,41272
202510141215,35000.0,35250.0,34900.0,35250.0,16648
202510141230,35250.0,35450.0,35150.0,35350.0,29957
202510141245,35300.0,35350.0,35000.0,35100.0,14019
202510141300,35100.0,35100.0,34350.0,34500.0,48045
202510141315,34500.0,34650.0,33700.0,34150.0,131668
202510141330,34150.0,34650.0,33800.0,34300.0,78425
202510141345,34250.0,34750.0,34050.0,34550.0,43190
202510141400,34550.0,34900.0,34450.0,34500.0,21486
202510141415,34450.0,34600.0,34400.0,34450.0,24458
202510141430,34450.0,34600.0,34300.0,34550.0,15523
202510141445,34500.0,34600.0,34300.0,34500.0,19653
202510141500,34450.0,34600.0,34350.0,34350.0,30792
202510141515,34400.0,34550.0,34300.0,34550.0,26781
202510150900,34250.0,35600.0,34050.0,35250.0,166925
202510150915,35250.0,35350.0,34500.0,35050.0,65382
202510150930,35050.0,35300.0,34700.0,35000.0,25668
202510150945,35000.0,35250.0,34650.0,34650.0,49209
202510151000,34650.0,34850.0,34500.0,34750.0,25140
202510151015,34750.0,34800.0,34450.0,34500.0,23618
202510151030,34500.0,34900.0,34450.0,34850.0,18632
202510151045,34800.0,35000.0,34750.0,34950.0,9817
202510151100,34950.0,34950.0,34500.0,34550.0,16494
202510151115,34550.0,34600.0,34250.0,34350.0,27498
202510151130,34350.0,34550.0,34300.0,34400.0,7885
202510151145,34400.0,34450.0,34150.0,34150.0,17017
202510151200,34150.0,34550.0,34100.0,34250.0,8864
202510151215,34250.0,34250.0,34000.0,34150.0,24793
202510151230,34100.0,34550.0,34000.0,34100.0,22134
202510151245,34100.0,34300.0,34000.0,34300.0,14424
202510151300,34250.0,34350.0,34050.0,34200.0,12634
202510151315,34150.0,34350.0,34150.0,34250.0,8482
202510151330,34250.0,34800.0,34200.0,34600.0,22689
202510151345,34600.0,34950.0,34450.0,34950.0,19191
202510151400,34950.0,34950.0,34500.0,34550.0,12708
202510151415,34600.0,34650.0,34300.0,34400.0,15215
202510151430,34400.0,34575.0,34250.0,34300.0,12753
202510151445,34300.0,34450.0,34000.0,34050.0,31529
202510151500,34050.0,34100.0,33800.0,33850.0,53560
202510151515,33950.0,34100.0,33825.0,34100.0,24943
202510160900,33650.0,33950.0,32700.0,33200.0,121212
202510160915,33300.0,33400.0,32550.0,33300.0,111760
202510160930,33350.0,33400.0,32800.0,33150.0,36030
202510160945,33150.0,33150.0,32500.0,32550.0,58124
202510161000,32550.0,32700.0,32300.0,32500.0,59110
202510161015,32500.0,32650.0,32000.0,32150.0,67025
202510161030,32150.0,32600.0,32050.0,32250.0,61079
202510161045,32250.0,32300.0,31800.0,31850.0,80924
202510161100,31850.0,32100.0,31600.0,31650.0,75115
202510161115,31650.0,31950.0,31550.0,31950.0,33382
202510161130,31950.0,32150.0,31900.0,32050.0,27290
202510161145,32050.0,32050.0,31800.0,31900.0,24090
202510161200,31900.0,32050.0,31850.0,31900.0,16697
202510161215,31950.0,32050.0,31700.0,31750.0,29875
202510161230,31750.0,32150.0,31700.0,32050.0,15651
202510161245,32000.0,32100.0,31850.0,32050.0,18384
202510161300,32050.0,32300.0,31950.0,32100.0,42380
202510161315,32100.0,32100.0,31650.0,31700.0,33687
202510161330,31700.0,31950.0,31650.0,31700.0,30816
202510161345,31650.0,31850.0,31600.0,31750.0,23915
202510161400,31750.0,32050.0,31650.0,31900.0,19761
202510161415,31900.0,31950.0,31550.0,31650.0,39798
202510161430,31650.0,31700.0,31200.0,31400.0,81733
202510161445,31350.0,31450.0,31250.0,31350.0,37073
202510161500,31300.0,31450.0,31250.0,31300.0,51162
202510161515,31300.0,31400.0,31250.0,31250.0,38006
202510170900,31150.0,31500.0,30650.0,30950.0,60578
202510170915,30950.0,31400.0,30750.0,31350.0,44018
202510170930,31350.0,32600.0,31350.0,32100.0,174793
202510170945,32100.0,32450.0,32000.0,32250.0,44374
202510171000,32250.0,32300.0,31700.0,31850.0,51029
202510171015,31850.0,32300.0,31850.0,31950.0,19929
202510171030,31950.0,32250.0,31900.0,32250.0,19809
202510171045,32225.0,32750.0,32150.0,32600.0,53109
202510171100,32600.0,32600.0,32250.0,32500.0,18082
202510171115,32450.0,32550.0,32150.0,32150.0,17115
202510171130,32300.0,32400.0,32050.0,32400.0,12036
202510171145,32400.0,32450.0,32100.0,32250.0,5884
202510171200,32250.0,32250.0,31900.0,32000.0,9767
202510171215,32000.0,32100.0,31900.0,32050.0,3899
202510171230,32050.0,32100.0,31800.0,31900.0,8418
202510171245,31900.0,32000.0,31800.0,31900.0,9905
202510171300,31900.0,32000.0,31850.0,31900.0,6215
202510171315,31900.0,32100.0,31700.0,32000.0,18939
202510171330,32000.0,32100.0,31850.0,31900.0,6207
202510171345,32000.0,32050.0,31700.0,31700.0,10726
202510171400,31700.0,31725.0,31500.0,31500.0,17637
202510171415,31500.0,31650.0,31450.0,31550.0,13976
202510171430,31550.0,31650.0,31450.0,31500.0,6703
202510171445,31500.0,31600.0,31350.0,31600.0,15574
202510171500,31550.0,31600.0,31350.0,31450.0,16198
202510171515,31500.0,31550.0,31400.0,31550.0,9622
202510200900,31400.0,33050.0,31400.0,32500.0,135846
202510200915,32400.0,32900.0,32300.0,32300.0,45705
202510200930,32350.0,32500.0,31900.0,32000.0,35821
202510200945,32000.0,32400.0,31950.0,32250.0,13731
202510201000,32250.0,32300.0,32000.0,32050.0,16086
202510201015,32050.0,32300.0,32000.0,32000.0,18205
202510201030,32000.0,32350.0,31900.0,32350.0,17447
202510201045,32300.0,32650.0,32200.0,32650.0,29760
202510201100,32650.0,32650.0,31950.0,32000.0,25874
202510201115,32050.0,32400.0,31950.0,32100.0,11111
202510201130,32100.0,32200.0,31900.0,32050.0,4784
202510201145,32050.0,32150.0,31950.0,32100.0,5840
202510201200,32050.0,32050.0,31600.0,31650.0,23482
202510201215,31650.0,32000.0,31600.0,31950.0,12483
202510201230,31950.0,32000.0,31750.0,31950.0,8716
202510201245,31950.0,32000.0,31850.0,31900.0,6161
202510201300,31900.0,32000.0,31600.0,31700.0,19308
202510201315,31750.0,31800.0,31500.0,31650.0,32133
202510201330,31650.0,31850.0,31650.0,31850.0,7807
202510201345,31850.0,32000.0,31700.0,31850.0,12918
202510201400,31800.0,31950.0,31800.0,31900.0,6519
202510201415,31900.0,31950.0,31800.0,31800.0,6647
202510201430,31850.0,31900.0,31800.0,31900.0,5218
202510201445,31850.0,32100.0,31800.0,32000.0,10023
202510201500,32050.0,32150.0,31850.0,32050.0,16279
202510201515,32050.0,32150.0,32000.0,32050.0,7139
202510210900,32150.0,32350.0,31450.0,31450.0,71273
202510210915,31450.0,31700.0,31250.0,31600.0,42852
202510210930,31600.0,31650.0,31200.0,31250.0,36234
202510210945,31250.0,31300.0,30700.0,30750.0,70128
202510211000,30750.0,30800.0,30450.0,30650.0,75479
202510211015,30600.0,31150.0,30550.0,31000.0,32215
202510211030,31000.0,31150.0,30650.0,30800.0,26987
202510211045,30750.0,31050.0,30700.0,30950.0,14642
202510211100,30950.0,31400.0,30900.0,31300.0,15702
202510211115,31300.0,31400.0,31150.0,31150.0,8916
202510211130,31200.0,31350.0,31050.0,31350.0,13926
202510211145,31350.0,31450.0,31050.0,31100.0,13674
202510211200,31150.0,31300.0,31100.0,31150.0,6641
202510211215,31100.0,31350.0,31100.0,31300.0,7432
202510211230,31300.0,31400.0,31150.0,31250.0,6585
202510211245,31250.0,31300.0,31150.0,31200.0,7686
202510211300,31150.0,31200.0,30950.0,31050.0,16871
202510211315,31050.0,31150.0,30900.0,30900.0,12443
202510211330,30950.0,31450.0,30900.0,31350.0,13654
202510211345,31400.0,31450.0,31200.0,31200.0,13993
202510211400,31200.0,31350.0,31050.0,31300.0,7539
202510211415,31300.0,31450.0,31250.0,31250.0,8282
202510211430,31300.0,31750.0,31300.0,31550.0,23332
202510211445,31600.0,31650.0,31400.0,31600.0,13814
202510211500,31600.0,31900.0,31500.0,31700.0,12629
202510211515,31650.0,31650.0,31500.0,31600.0,12269
202510220900,31150.0,31500.0,30700.0,30850.0,43821
202510220915,30850.0,31650.0,30700.0,31650.0,40737
202510220930,31650.0,32250.0,31600.0,31750.0,73000
202510220945,31700.0,31950.0,31300.0,31700.0,15601
202510221000,31650.0,31750.0,31450.0,31550.0,18062
202510221015,31550.0,31600.0,31100.0,31150.0,23177
202510221030,31150.0,31150.0,30950.0,30950.0,11525
202510221045,30950.0,31050.0,30700.0,30700.0,30221
202510221100,30750.0,30900.0,30650.0,30750.0,22305
202510221115,30700.0,30850.0,30600.0,30800.0,24514
202510221130,30750.0,30800.0,30600.0,30750.0,13902
202510221145,30800.0,30800.0,30550.0,30600.0,16920
202510221200,30600.0,30600.0,30300.0,30350.0,49105
202510221215,30300.0,30350.0,29950.0,30200.0,67460
202510221230,30200.0,30250.0,30000.0,30050.0,18938
202510221245,30000.0,30250.0,29750.0,30200.0,59128
202510221300,30200.0,30400.0,30150.0,30400.0,15904
202510221315,30400.0,30450.0,30200.0,30250.0,17536
202510221330,30250.0,30300.0,29750.0,29850.0,40958
202510221345,29900.0,29950.0,29500.0,29800.0,64637
202510221400,29850.0,29900.0,29700.0,29750.0,19377
202510221415,29800.0,29850.0,29700.0,29850.0,20607
202510221430,29850.0,29950.0,29550.0,29750.0,45951
202510221445,29700.0,29900.0,29550.0,29600.0,44626
202510221500,29600.0,29750.0,29550.0,29650.0,33149
202510221515,29600.0,29600.0,29500.0,29500.0,36520
202510230900,29450.0,29550.0,28900.0,29000.0,81781
202510230915,29000.0,29650.0,28950.0,29650.0,31939
202510230930,29600.0,29900.0,29500.0,29550.0,41992
202510230945,29550.0,29800.0,29550.0,29550.0,16204
202510231000,29600.0,29600.0,29100.0,29150.0,21993
202510231015,29100.0,29200.0,28750.0,28950.0,40961
202510231030,28950.0,29000.0,28750.0,29000.0,58429
202510231045,29000.0,29100.0,28900.0,28950.0,22882
202510231100,28950.0,29100.0,28950.0,29000.0,13398
202510231115,29050.0,29050.0,28800.0,28850.0,15941
202510231130,28800.0,28900.0,28750.0,28850.0,19207
202510231145,28850.0,28900.0,28700.0,28750.0,26827
202510231200,28750.0,28800.0,28700.0,28700.0,16591
202510231215,28700.0,28750.0,28500.0,28600.0,33738
202510231230,28600.0,28800.0,28550.0,28600.0,31955
202510231245,28600.0,28700.0,28450.0,28500.0,47308
202510231300,28500.0,28550.0,28150.0,28250.0,54334
202510231315,28250.0,28400.0,28150.0,28400.0,34917
202510231330,28350.0,28400.0,28300.0,28300.0,16839
202510231345,28350.0,28550.0,28275.0,28300.0,28066
202510231400,28300.0,29200.0,28300.0,29100.0,44301
202510231415,29150.0,29150.0,28700.0,28750.0,25121
202510231430,28700.0,28950.0,28700.0,28850.0,17197
202510231445,28900.0,29050.0,28800.0,28800.0,28084
202510231500,28800.0,28900.0,28700.0,28850.0,23279
202510231515,28850.0,28850.0,28800.0,28800.0,13834
202510240900,28550.0,28700.0,28050.0,28275.0,76196
202510240915,28275.0,28275.0,27750.0,27850.0,83140
202510240930,27800.0,29150.0,27650.0,28950.0,234579
202510240945,28900.0,29050.0,28400.0,28900.0,102999
202510241000,28900.0,29000.0,28750.0,28850.0,40210
202510241015,28850.0,28900.0,28600.0,28675.0,40009
202510241030,28650.0,28700.0,28400.0,28550.0,32679
202510241045,28650.0,28850.0,28500.0,28750.0,22730
202510241100,28750.0,28850.0,28650.0,28700.0,10063
202510241115,28700.0,28700.0,28450.0,28450.0,19784
202510241130,28450.0,28550.0,28250.0,28250.0,22075
202510241145,28250.0,28400.0,28200.0,28250.0,13086
202510241200,28250.0,28550.0,28250.0,28400.0,10104
202510241215,28400.0,28600.0,28400.0,28500.0,8229
202510241230,28500.0,28650.0,28450.0,28650.0,10330
202510241245,28650.0,28700.0,28450.0,28450.0,10609
202510241300,28500.0,28750.0,28500.0,28700.0,17277
202510241315,28700.0,28750.0,28500.0,28600.0,13786
202510241330,28600.0,28650.0,28500.0,28550.0,11545
202510241345,28600.0,28750.0,28600.0,28650.0,15192
202510241400,28625.0,28650.0,28550.0,28550.0,9149
202510241415,28550.0,28600.0,28400.0,28550.0,15605
202510241430,28550.0,28550.0,28400.0,28450.0,8941
202510241445,28450.0,28450.0,28350.0,28350.0,13355
202510241500,28350.0,28500.0,27950.0,28200.0,55981
202510241515,28150.0,28400.0,28150.0,28350.0,12591
202510270900,28600.0,29750.0,28000.0,29600.0,156000
202510270915,29600.0,30150.0,29500.0,30150.0,127844
202510270930,30100.0,30500.0,29950.0,30150.0,107688
202510270945,30100.0,30350.0,29800.0,30050.0,57129
202510271000,30050.0,30400.0,29800.0,30300.0,37113
202510271015,30300.0,30500.0,30000.0,30200.0,40225
202510271030,30200.0,30200.0,30000.0,30200.0,13694
202510271045,30200.0,30350.0,30050.0,30200.0,20012
202510271100,30200.0,30350.0,30100.0,30250.0,15057
202510271115,30200.0,30250.0,30100.0,30200.0,9396
202510271130,30200.0,30350.0,30200.0,30300.0,12461
202510271145,30350.0,30400.0,30200.0,30350.0,16526
202510271200,30300.0,30400.0,30100.0,30300.0,13222
202510271215,30200.0,30350.0,30150.0,30200.0,9793
202510271230,30250.0,30350.0,30200.0,30200.0,7267
202510271245,30250.0,30350.0,30050.0,30100.0,9478
202510271300,30100.0,30250.0,29950.0,30100.0,34085
202510271315,30100.0,30250.0,29950.0,30150.0,8758
202510271330,30100.0,30200.0,30000.0,30050.0,8747
202510271345,30050.0,30200.0,30000.0,30100.0,7412
202510271400,30100.0,30250.0,30000.0,30200.0,21682
202510271415,30150.0,30250.0,30000.0,30100.0,11895
202510271430,30150.0,30500.0,30100.0,30250.0,28724
202510271445,30200.0,30450.0,30100.0,30450.0,46748
202510271500,30450.0,30500.0,30250.0,30400.0,55261
202510271515,30400.0,30550.0,30300.0,30500.0,22588
202510280900,30350.0,30500.0,29800.0,30300.0,77193
202510280915,30350.0,30800.0,30300.0,30350.0,40295
202510280930,30350.0,30700.0,30250.0,30500.0,24752
202510280945,30500.0,30500.0,30200.0,30200.0,19990
202510281000,30150.0,30175.0,29800.0,29900.0,31755
202510281015,29850.0,30000.0,29700.0,29800.0,24447
202510281030,29850.0,30000.0,29750.0,29850.0,18392
202510281045,29900.0,30050.0,29750.0,29900.0,21010
202510281100,29850.0,30000.0,29600.0,29700.0,35718
202510281115,29700.0,29850.0,29450.0,29650.0,44754
202510281130,29650.0,29700.0,29500.0,29650.0,26349
202510281145,29650.0,29650.0,29500.0,29650.0,5953
202510281200,29650.0,29700.0,29550.0,29600.0,3877
202510281215,29550.0,29650.0,29500.0,29600.0,4786
202510281230,29600.0,29700.0,29600.0,29650.0,6505
202510281245,29600.0,29750.0,29550.0,29650.0,10895
202510281300,29650.0,29650.0,29500.0,29600.0,14490
202510281315,29600.0,29750.0,29600.0,29650.0,5197
202510281330,29600.0,29650.0,29550.0,29650.0,7718
202510281345,29600.0,29650.0,29500.0,29550.0,9156
202510281400,29600.0,29650.0,29550.0,29650.0,6258
202510281415,29650.0,29650.0,29550.0,29550.0,13897
202510281430,29550.0,29600.0,29500.0,29600.0,16338
202510281445,29550.0,30100.0,29550.0,29950.0,27978
202510281500,29950.0,30200.0,29900.0,30150.0,22294
202510281515,30150.0,30250.0,30100.0,30250.0,15415
202510290900,30050.0,30350.0,29800.0,30000.0,37099
202510290915,30000.0,30100.0,29600.0,29650.0,32958
202510290930,29650.0,29750.0,29400.0,29500.0,41908
202510290945,29550.0,29600.0,29400.0,29450.0,21527
202510291000,29450.0,29600.0,29400.0,29450.0,14592
202510291015,29450.0,29450.0,29200.0,29300.0,20779
202510291030,29300.0,29650.0,29300.0,29450.0,32214
202510291045,29400.0,29550.0,29400.0,29450.0,15952
202510291100,29500.0,29500.0,29300.0,29300.0,13838
202510291115,29300.0,29500.0,29300.0,29500.0,9581
202510291130,29450.0,29550.0,29400.0,29400.0,11471
202510291145,29400.0,29650.0,29400.0,29650.0,13178
202510291200,29675.0,29850.0,29600.0,29800.0,13113
202510291215,29800.0,29850.0,29650.0,29700.0,13796
202510291230,29700.0,29950.0,29650.0,29950.0,16704
202510291245,29950.0,30050.0,29900.0,30000.0,12793
202510291300,29950.0,30150.0,29950.0,30000.0,14782
202510291315,29950.0,29950.0,29800.0,29850.0,14949
202510291330,29900.0,30025.0,29800.0,29900.0,19734
202510291345,29900.0,30000.0,29800.0,29800.0,11184
202510291400,29800.0,30100.0,29800.0,29900.0,13831
202510291415,29850.0,30000.0,29700.0,29900.0,17306
202510291430,29950.0,29950.0,29750.0,29750.0,10267
202510291445,29800.0,29900.0,29650.0,29800.0,21011
202510291500,29850.0,29950.0,29700.0,29900.0,16404
202510291515,29900.0,29950.0,29800.0,29950.0,11989
202510300900,30050.0,30550.0,29700.0,30200.0,75647
202510300915,30200.0,30400.0,30050.0,30200.0,39999
202510300930,30200.0,30200.0,29900.0,29950.0,36311
202510300945,30000.0,30150.0,29900.0,30100.0,18002
202510301000,30100.0,30300.0,30000.0,30150.0,19409
202510301015,30100.0,30150.0,29750.0,29950.0,25730
202510301030,29850.0,30400.0,29850.0,30250.0,33340
202510301045,30200.0,30650.0,30150.0,30400.0,41752
202510301100,30450.0,30500.0,30150.0,30150.0,19522
202510301115,30200.0,30200.0,29950.0,30100.0,14432
202510301130,30100.0,30250.0,30050.0,30150.0,6122
202510301145,30100.0,30150.0,30000.0,30050.0,9869
202510301200,30100.0,30150.0,30000.0,30100.0,5648
202510301215,30100.0,30100.0,29950.0,30000.0,8397
202510301230,30000.0,30150.0,29950.0,30100.0,7898
202510301245,30100.0,30100.0,29950.0,30000.0,6905
202510301300,30050.0,30100.0,29850.0,29900.0,13358
202510301315,29850.0,30100.0,29800.0,29850.0,13860
202510301330,29900.0,30100.0,29750.0,29800.0,21225
202510301345,29850.0,29950.0,29800.0,29900.0,10681
202510301400,29900.0,30100.0,29850.0,29950.0,14045
202510301415,29950.0,30350.0,29900.0,30300.0,31179
202510301430,30350.0,30900.0,30250.0,30600.0,83121
202510301445,30600.0,30800.0,30450.0,30600.0,34638
202510301500,30600.0,30700.0,30400.0,30550.0,28257
202510301515,30550.0,30650.0,30350.0,30500.0,18819
202510310900,30750.0,32000.0,30450.0,31800.0,203130
202510310915,31800.0,32900.0,31650.0,32800.0,260547
202510310930,32800.0,33100.0,32500.0,32900.0,138290
202510310945,32950.0,33300.0,32900.0,33050.0,117068
202510311000,33100.0,33150.0,32500.0,32550.0,75483
202510311015,32600.0,32850.0,32300.0,32600.0,42218
202510311030,32600.0,32850.0,32400.0,32600.0,26001
202510311045,32550.0,32650.0,32400.0,32450.0,26476
202510311100,32450.0,32800.0,32350.0,32800.0,29897
202510311115,32800.0,32800.0,32500.0,32800.0,28088
202510311130,32750.0,32900.0,32650.0,32850.0,35454
202510311145,32850.0,33250.0,32750.0,33150.0,43147
202510311200,33200.0,33250.0,33050.0,33200.0,22490
202510311215,33200.0,33200.0,33000.0,33150.0,17607
202510311230,33100.0,33150.0,32900.0,33000.0,18078
202510311245,32950.0,33050.0,32900.0,33050.0,13908
202510311300,33000.0,33050.0,32700.0,32850.0,17991
202510311315,32850.0,33300.0,32750.0,33000.0,72334
202510311330,33050.0,33150.0,32800.0,32950.0,38250
202510311345,32950.0,33050.0,32750.0,32800.0,38884
202510311400,32750.0,33000.0,32550.0,32800.0,42280
202510311415,32800.0,33000.0,32750.0,32900.0,35308
202510311430,32900.0,33050.0,32850.0,32950.0,20730
202510311445,32900.0,33100.0,32900.0,32950.0,27786
202510311500,32975.0,33350.0,32950.0,33200.0,80103
202510311515,33100.0,33300.0,33000.0,33100.0,31104
202511030900,32850.0,34200.0,32800.0,33600.0,187112
202511030915,33600.0,33800.0,33000.0,33100.0,76298
202511030930,33150.0,33850.0,32950.0,33850.0,50042
202511030945,33850.0,34550.0,33700.0,34050.0,119150
202511031000,34050.0,34600.0,33800.0,34150.0,73368
202511031015,34200.0,34300.0,33950.0,34000.0,30764
202511031030,34000.0,34050.0,33750.0,34000.0,23402
202511031045,34050.0,34250.0,33900.0,33950.0,23923
202511031100,33900.0,33900.0,33700.0,33750.0,13742
202511031115,33850.0,34000.0,33700.0,33850.0,16188
202511031130,33850.0,34050.0,33800.0,34000.0,19853
202511031145,34000.0,34100.0,33850.0,34000.0,10151
202511031200,34000.0,34100.0,33950.0,34050.0,11527
202511031215,34050.0,34650.0,34050.0,34650.0,48603
202511031230,34650.0,34650.0,34300.0,34400.0,23318
202511031245,34350.0,34900.0,34350.0,34700.0,48098
202511031300,34750.0,34850.0,34300.0,34700.0,43444
202511031315,34700.0,34900.0,34550.0,34750.0,65143
202511031330,34750.0,34800.0,34500.0,34500.0,24567
202511031345,34500.0,34550.0,34400.0,34500.0,14119
202511031400,34500.0,34750.0,34450.0,34700.0,28272
202511031415,34700.0,34750.0,34550.0,34600.0,15588
202511031430,34650.0,34850.0,34550.0,34800.0,42736
202511031445,34850.0,35000.0,34800.0,34800.0,49015
202511031500,34900.0,35100.0,34750.0,35000.0,61807
202511031515,35000.0,35200.0,34950.0,35100.0,29484
202511040900,34750.0,35550.0,34450.0,35150.0,152480
202511040915,35150.0,35600.0,35000.0,35250.0,109517
202511040930,35300.0,36000.0,34800.0,35450.0,122523
202511040945,35400.0,36250.0,35300.0,35950.0,105354
202511041000,35950.0,36450.0,35950.0,36400.0,93160
202511041015,36400.0,36900.0,35900.0,36550.0,172796
202511041030,36600.0,37250.0,36500.0,36950.0,156691
202511041045,36950.0,37100.0,36450.0,36900.0,71721
202511041100,36850.0,36950.0,36500.0,36850.0,34956
202511041115,36900.0,37750.0,36800.0,37450.0,133205
202511041130,37450.0,37500.0,37100.0,37200.0,49014
202511041145,37200.0,37550.0,36850.0,36950.0,53751
202511041200,36900.0,37500.0,36750.0,37400.0,41682
202511041215,37400.0,38150.0,37300.0,37800.0,104147
202511041230,37800.0,37850.0,37500.0,37700.0,22089
202511041245,37700.0,37700.0,37450.0,37550.0,20164
202511041300,37550.0,37750.0,37450.0,37450.0,24268
202511041315,37550.0,38050.0,37500.0,37650.0,72374
202511041330,37650.0,38100.0,37200.0,37300.0,58507
202511041345,37300.0,37800.0,37300.0,37650.0,26029
202511041400,37650.0,37800.0,37550.0,37800.0,19759
202511041415,37700.0,37800.0,37500.0,37550.0,18535
202511041430,37600.0,38350.0,37550.0,38000.0,86664
202511041445,38050.0,38250.0,37850.0,38000.0,53596
202511041500,38050.0,38500.0,37850.0,38450.0,61189
202511041515,38450.0,38600.0,38250.0,38400.0,54096
202511050900,38450.0,38475.0,36000.0,37100.0,252161
202511050915,37100.0,37100.0,35650.0,36300.0,153001
202511050930,36300.0,37000.0,35800.0,36050.0,62369
202511050945,36050.0,36800.0,36050.0,36450.0,44286
202511051000,36300.0,36500.0,35700.0,36200.0,62026
202511051015,36250.0,36250.0,35350.0,35800.0,83736
202511051030,35800.0,36200.0,35400.0,36200.0,38386
202511051045,36200.0,36550.0,36100.0,36350.0,30711
202511051100,36300.0,36650.0,36000.0,36350.0,31926
202511051115,36350.0,36800.0,36300.0,36350.0,21846
202511051130,36400.0,37150.0,36350.0,37050.0,46466
202511051145,37050.0,37400.0,36800.0,37350.0,22779
202511051200,37400.0,37450.0,36950.0,36950.0,24312
202511051215,36950.0,37350.0,36900.0,37200.0,13629
202511051230,37150.0,37450.0,37050.0,37400.0,17039
202511051245,37450.0,37450.0,36900.0,36950.0,21706
202511051300,37000.0,37150.0,36650.0,36800.0,16855
202511051315,36800.0,37100.0,36800.0,37000.0,9529
202511051330,37000.0,37100.0,36650.0,36800.0,24696
202511051345,36800.0,36900.0,36350.0,36450.0,25681
202511051400,36600.0,36850.0,36450.0,36600.0,11704
202511051415,36600.0,36850.0,36500.0,36850.0,12944
202511051430,36850.0,36850.0,36600.0,36700.0,19706
202511051445,36650.0,36700.0,36350.0,36450.0,45330
202511051500,36400.0,36850.0,36400.0,36750.0,34024
202511051515,36800.0,36900.0,36700.0,36700.0,14319
202511060900,37100.0,37600.0,35900.0,37000.0,111583
202511060915,36950.0,37200.0,36050.0,36350.0,82060
202511060930,36350.0,36400.0,35450.0,35700.0,72832
202511060945,35700.0,35800.0,35200.0,35500.0,52676
202511061000,35550.0,35650.0,35050.0,35250.0,59754
202511061015,35350.0,35600.0,35200.0,35450.0,27539
202511061030,35450.0,36000.0,35400.0,35600.0,19003
202511061045,35650.0,35650.0,35300.0,35650.0,14922
202511061100,35550.0,35550.0,35200.0,35300.0,14012
202511061115,35300.0,35400.0,34950.0,35350.0,29039
202511061130,35350.0,35350.0,34650.0,34750.0,36026
202511061145,34750.0,35100.0,34650.0,34850.0,47809
202511061200,34850.0,35300.0,34800.0,35200.0,14609
202511061215,35200.0,35350.0,35150.0,35350.0,12698
202511061230,35350.0,35400.0,35000.0,35250.0,20628
202511061245,35350.0,35450.0,35050.0,35150.0,14679
202511061300,35150.0,35600.0,35100.0,35400.0,13526
202511061315,35400.0,35450.0,35250.0,35325.0,16740
202511061330,35325.0,35600.0,35300.0,35450.0,13372
202511061345,35450.0,35500.0,35300.0,35350.0,11061
202511061400,35400.0,35450.0,35100.0,35400.0,15586
202511061415,35450.0,35550.0,35200.0,35450.0,16502
202511061430,35450.0,35500.0,35200.0,35200.0,17258
202511061445,35225.0,35225.0,34200.0,34800.0,79939
202511061500,34800.0,35200.0,34650.0,34900.0,76238
202511061515,34950.0,34950.0,34750.0,34750.0,26068
202511070900,35600.0,36350.0,34200.0,34400.0,258458
202511070915,34400.0,35500.0,34250.0,35100.0,51412
202511070930,35075.0,35075.0,34300.0,34550.0,59653
202511070945,34550.0,34650.0,33800.0,34050.0,57020
202511071000,34050.0,34100.0,33700.0,33850.0,47997
202511071015,33850.0,34300.0,33800.0,34050.0,15719
202511071030,34000.0,34100.0,33650.0,33650.0,26535
202511071045,33800.0,33850.0,33600.0,33700.0,11210
202511071100,33700.0,33700.0,33150.0,33250.0,50042
202511071115,33250.0,33450.0,33200.0,33250.0,17977
202511071130,33300.0,33600.0,33200.0,33350.0,16622
202511071145,33350.0,33500.0,33350.0,33400.0,8056
202511071200,33500.0,33550.0,33050.0,33250.0,18357
202511071215,33200.0,33500.0,33100.0,33100.0,22673
202511071230,33150.0,33500.0,33100.0,33250.0,10247
202511071245,33250.0,33250.0,32950.0,33100.0,33224
202511071300,33050.0,33300.0,32950.0,33100.0,21152
202511071315,33100.0,33350.0,33050.0,33100.0,26884
202511071330,33150.0,33250.0,33000.0,33000.0,13844
202511071345,33000.0,33150.0,32950.0,33050.0,14691
202511071400,33100.0,33500.0,33050.0,33300.0,18293
202511071415,33350.0,33600.0,33300.0,33400.0,8540
202511071430,33400.0,33600.0,33350.0,33600.0,12026
202511071445,33550.0,33650.0,33250.0,33400.0,17377
202511071500,33400.0,33400.0,32950.0,33000.0,56025
202511071515,33000.0,33300.0,32900.0,33150.0,24960
202511100900,33800.0,34050.0,33150.0,33150.0,103029
202511100915,33150.0,33500.0,32800.0,33150.0,40920
202511100930,33150.0,33250.0,32900.0,33100.0,22027
202511100945,33050.0,33300.0,32600.0,32750.0,37083
202511101000,32850.0,33000.0,32600.0,32600.0,41601
202511101015,32650.0,32850.0,32450.0,32600.0,36093
202511101030,32600.0,32850.0,32575.0,32700.0,19616
202511101045,32800.0,32800.0,32350.0,32450.0,30150
202511101100,32450.0,32550.0,32050.0,32100.0,31580
202511101115,32100.0,32250.0,32000.0,32000.0,42339
202511101130,32000.0,32100.0,31700.0,32100.0,43968
202511101145,32100.0,32350.0,32050.0,32250.0,19009
202511101200,32250.0,32300.0,32150.0,32150.0,6861
202511101215,32150.0,32250.0,32050.0,32150.0,8386
202511101230,32150.0,32250.0,32150.0,32150.0,6096
202511101245,32150.0,32400.0,32150.0,32300.0,12984
202511101300,32250.0,32350.0,32000.0,32000.0,17047
202511101315,32050.0,32200.0,31700.0,31850.0,44355
202511101330,31850.0,32100.0,31850.0,32050.0,6985
202511101345,32050.0,32300.0,31950.0,32300.0,16188
202511101400,32300.0,32400.0,32200.0,32300.0,10857
202511101415,32350.0,32700.0,32300.0,32450.0,31624
202511101430,32450.0,32550.0,32300.0,32500.0,14770
202511101445,32450.0,32550.0,32300.0,32300.0,16648
202511101500,32350.0,32450.0,32250.0,32400.0,15308
202511101515,32400.0,32400.0,32300.0,32400.0,11534
202511110900,32250.0,32700.0,32150.0,32350.0,50447
202511110915,32300.0,32450.0,31400.0,31600.0,85184
202511110930,31600.0,32200.0,31400.0,32100.0,64054
202511110945,32100.0,32650.0,32025.0,32100.0,51230
202511111000,32150.0,32650.0,32150.0,32550.0,32545
202511111015,32550.0,32700.0,32500.0,32650.0,40365
202511111030,32650.0,33050.0,32650.0,32750.0,57604
202511111045,32750.0,32850.0,32600.0,32750.0,31616
202511111100,32700.0,32750.0,32450.0,32550.0,21114
202511111115,32550.0,32650.0,32300.0,32300.0,22330
202511111130,32300.0,32350.0,32050.0,32200.0,16673
202511111145,32200.0,32400.0,32075.0,32300.0,11717
202511111200,32300.0,32500.0,32200.0,32300.0,7978
202511111215,32300.0,32500.0,32250.0,32375.0,8036
202511111230,32350.0,32375.0,32200.0,32200.0,7491
202511111245,32250.0,32250.0,32000.0,32100.0,19290
202511111300,32100.0,32150.0,31800.0,31950.0,21548
202511111315,31875.0,32100.0,31700.0,32050.0,18113
202511111330,32050.0,32100.0,31800.0,31850.0,12268
202511111345,31875.0,31950.0,31450.0,31500.0,27259
202511111400,31500.0,31600.0,31200.0,31400.0,48042
202511111415,31400.0,31750.0,31200.0,31750.0,24616
202511111430,31750.0,31800.0,31350.0,31550.0,24417
202511111445,31550.0,31600.0,31350.0,31400.0,21580
202511111500,31400.0,31750.0,31300.0,31750.0,40464
202511111515,31700.0,31800.0,31600.0,31700.0,15316
202511120900,32950.0,33350.0,32700.0,33150.0,150461
202511120915,33150.0,33450.0,32900.0,33200.0,100027
202511120930,33250.0,33450.0,32800.0,32850.0,49776
202511120945,32800.0,33250.0,32800.0,33200.0,33899
202511121000,33200.0,33200.0,32800.0,32900.0,26223
202511121015,32900.0,33100.0,32800.0,33000.0,18621
202511121030,33000.0,33100.0,32700.0,32800.0,25825
202511121045,32800.0,33900.0,32650.0,33900.0,89202
202511121100,33850.0,34650.0,33750.0,34250.0,226945
202511121115,34250.0,34500.0,33750.0,34250.0,109445
202511121130,34250.0,35000.0,34250.0,34700.0,166764
202511121145,34700.0,34900.0,34500.0,34700.0,37672
202511121200,34650.0,34800.0,34450.0,34650.0,28620
202511121215,34650.0,36700.0,34600.0,35550.0,415371
202511121230,35550.0,35550.0,34900.0,35100.0,95336
202511121245,35050.0,35150.0,34750.0,34750.0,54159
202511121300,34900.0,35350.0,34750.0,35200.0,57350
202511121315,35150.0,35450.0,35000.0,35450.0,49531
202511121330,35450.0,35700.0,35100.0,35550.0,69673
202511121345,35550.0,35750.0,35450.0,35650.0,39260
202511121400,35650.0,35700.0,35150.0,35500.0,48440
202511121415,35450.0,36000.0,35450.0,35700.0,88385
202511121430,35650.0,35700.0,35275.0,35400.0,41208
202511121445,35450.0,35550.0,35300.0,35350.0,41068
202511121500,35300.0,35350.0,35050.0,35200.0,42574
202511121515,35200.0,35350.0,35100.0,35200.0,33573
202511131000,39200.0,39700.0,37700.0,38200.0,1417151
202511131015,38250.0,39400.0,37250.0,39200.0,655619
202511131030,39200.0,40250.0,38400.0,38450.0,690274
202511131045,38450.0,39150.0,38200.0,38800.0,186622
202511131100,38800.0,39650.0,38650.0,38650.0,182797
202511131115,38700.0,38950.0,38350.0,38700.0,110754
202511131130,38650.0,39200.0,38400.0,38450.0,85276
202511131145,38400.0,38600.0,38100.0,38575.0,84134
202511131200,38600.0,38850.0,38400.0,38800.0,46353
202511131215,38800.0,38850.0,38500.0,38600.0,27576
202511131230,38600.0,39400.0,38500.0,38900.0,103661
202511131245,38875.0,39050.0,38600.0,38600.0,57711
202511131300,38600.0,39150.0,38400.0,38450.0,85765
202511131315,38450.0,38650.0,38250.0,38400.0,51545
202511131330,38400.0,38450.0,37600.0,37750.0,127645
202511131345,37700.0,38550.0,37650.0,38050.0,103853
202511131400,38050.0,38150.0,37650.0,37825.0,79496
202511131415,37800.0,38050.0,37750.0,38000.0,39767
202511131430,38000.0,38300.0,37850.0,37850.0,50266
202511131445,37850.0,38000.0,37800.0,37900.0,28960
202511131500,37950.0,38200.0,37800.0,38050.0,46405
202511131515,38050.0,38200.0,37950.0,38100.0,33609
202511140900,38050.0,39050.0,37500.0,38300.0,392548
202511140915,38300.0,39900.0,38200.0,39700.0,386473
202511140930,39750.0,39900.0,39050.0,39500.0,191031
202511140945,39500.0,39850.0,39200.0,39275.0,116206
202511141000,39275.0,39400.0,38700.0,39000.0,68061
202511141015,39050.0,39100.0,38150.0,38650.0,83825
202511141030,38650.0,38900.0,38400.0,38550.0,38018
202511141045,38600.0,38750.0,38350.0,38500.0,22802
202511141100,38500.0,38550.0,38300.0,38500.0,23965
202511141115,38550.0,38800.0,38450.0,38450.0,28707
202511141130,38500.0,38800.0,38400.0,38700.0,20670
202511141145,38700.0,39125.0,38550.0,38950.0,28551
202511141200,38950.0,39100.0,38750.0,38900.0,14416
202511141215,38900.0,39350.0,38850.0,39050.0,32656
202511141230,39050.0,39300.0,38950.0,39000.0,19319
202511141245,39050.0,39200.0,38900.0,39000.0,12378
202511141300,39000.0,39050.0,38650.0,38750.0,19809
202511141315,38700.0,39050.0,38550.0,38700.0,34799
202511141330,38750.0,38950.0,38400.0,38650.0,50197
202511141345,38700.0,38900.0,38500.0,38650.0,26175
202511141400,38650.0,38900.0,38550.0,38550.0,31423
202511141415,38600.0,38950.0,38450.0,38800.0,29556
202511141430,38800.0,38800.0,38300.0,38500.0,37000
202511141445,38500.0,38550.0,38350.0,38500.0,22722
202511141500,38500.0,38900.0,38450.0,38700.0,68660
202511141515,38700.0,38750.0,38450.0,38450.0,40911
202511170900,37850.0,39350.0,37350.0,39100.0,162880
202511170915,39100.0,39650.0,38800.0,39350.0,141962
202511170930,39350.0,39600.0,38750.0,39500.0,81289
202511170945,39500.0,39650.0,39050.0,39100.0,73855
202511171000,39100.0,39550.0,39100.0,39500.0,42044
202511171015,39450.0,40800.0,39400.0,39750.0,301428
202511171030,39750.0,39950.0,39550.0,39650.0,53316
202511171045,39650.0,40150.0,39550.0,40100.0,67128
202511171100,40100.0,40100.0,39550.0,39600.0,33497
202511171115,39650.0,39850.0,39600.0,39600.0,15827
202511171130,39600.0,40100.0,39600.0,39900.0,31696
202511171145,39900.0,40000.0,39750.0,39900.0,16624
202511171200,39900.0,40100.0,39750.0,40050.0,21566
202511171215,40000.0,40050.0,39750.0,39750.0,21927
202511171230,39800.0,39950.0,39650.0,39850.0,18492
202511171245,39850.0,39900.0,39600.0,39750.0,16086
202511171300,39700.0,40000.0,39650.0,40000.0,20792
202511171315,40000.0,40650.0,39900.0,39950.0,111863
202511171330,40000.0,40300.0,39850.0,40300.0,27531
202511171345,40300.0,40700.0,40150.0,40500.0,73406
202511171400,40500.0,40600.0,40200.0,40450.0,33826
202511171415,40500.0,40500.0,40050.0,40200.0,27086
202511171430,40150.0,40200.0,39700.0,39750.0,32486
202511171445,39750.0,39950.0,39500.0,39850.0,41555
202511171500,39850.0,40050.0,39750.0,39800.0,38264
202511171515,39800.0,40000.0,39750.0,39950.0,30650
202511180900,41250.0,41300.0,39700.0,40850.0,332571
202511180915,40800.0,41150.0,40100.0,40100.0,162715
202511180930,40100.0,41050.0,40050.0,40300.0,75587
202511180945,40300.0,40800.0,40100.0,40300.0,71521
202511181000,40250.0,40850.0,40100.0,40650.0,44999
202511181015,40600.0,41100.0,40550.0,40700.0,64386
202511181030,40600.0,40700.0,40300.0,40650.0,30242
202511181045,40600.0,40650.0,40250.0,40275.0,30576
202511181100,40300.0,40300.0,40050.0,40100.0,39091
202511181115,40100.0,40250.0,39700.0,40000.0,43860
202511181130,40000.0,40050.0,39850.0,39850.0,21546
202511181145,39850.0,40150.0,39750.0,39900.0,29121
202511181200,39950.0,40000.0,39800.0,39800.0,14405
202511181215,39800.0,39850.0,39550.0,39600.0,28263
202511181230,39600.0,39650.0,39400.0,39550.0,22685
202511181245,39550.0,39600.0,39300.0,39550.0,25985
202511181300,39500.0,39500.0,38500.0,38700.0,77690
202511181315,38700.0,38900.0,38500.0,38800.0,62107
202511181330,38850.0,39150.0,38600.0,39150.0,43063
202511181345,39050.0,39150.0,38800.0,39000.0,20212
202511181400,39000.0,39350.0,38950.0,39300.0,19175
202511181415,39250.0,39475.0,39200.0,39300.0,21086
202511181430,39250.0,39775.0,39250.0,39750.0,28224
202511181445,39700.0,40050.0,39550.0,39900.0,47597
202511181500,39900.0,40100.0,39800.0,39850.0,46007
202511181515,39850.0,39900.0,39750.0,39800.0,18512
202511190900,38950.0,39500.0,38000.0,38050.0,121402
202511190915,38100.0,38900.0,37800.0,38250.0,93171
202511190930,38250.0,39050.0,37900.0,39000.0,66931
202511190945,39000.0,39350.0,38750.0,39150.0,35059
202511191000,39125.0,39150.0,38600.0,39000.0,29731
202511191015,39000.0,39650.0,38800.0,39300.0,47324
202511191030,39300.0,39700.0,39250.0,39550.0,31816
202511191045,39550.0,39550.0,39000.0,39050.0,21133
202511191100,39050.0,39350.0,39000.0,39150.0,16523
202511191115,39150.0,39500.0,38975.0,39500.0,21469
202511191130,39450.0,39800.0,39400.0,39750.0,31237
202511191145,39700.0,39900.0,39650.0,39750.0,24593
202511191200,39750.0,39800.0,39400.0,39500.0,10728
202511191215,39550.0,39600.0,39300.0,39450.0,12631
202511191230,39400.0,39450.0,39100.0,39150.0,11866
202511191245,39150.0,39250.0,38900.0,39050.0,13677
202511191300,39100.0,39100.0,38800.0,39100.0,13993
202511191315,39100.0,39250.0,38900.0,39050.0,7295
202511191330,39000.0,39100.0,38750.0,38750.0,11011
202511191345,38750.0,38850.0,38650.0,38700.0,11166
202511191400,38700.0,38950.0,38700.0,38900.0,4513
202511191415,38900.0,38900.0,38450.0,38700.0,23016
202511191430,38750.0,39050.0,38250.0,38250.0,20780
202511191445,38300.0,38850.0,38250.0,38500.0,14260
202511191500,38550.0,38650.0,38450.0,38500.0,20734
202511191515,38500.0,38750.0,38450.0,38500.0,18466
202511200900,38200.0,39950.0,37950.0,39200.0,131025
202511200915,39200.0,39700.0,38950.0,39550.0,54759
202511200930,39550.0,39700.0,38950.0,38950.0,37706
202511200945,38950.0,39200.0,38800.0,38800.0,40236
202511201000,38850.0,38950.0,38550.0,38650.0,28574
202511201015,38650.0,38950.0,38600.0,38700.0,24702
202511201030,38650.0,38900.0,38450.0,38850.0,20671
202511201045,38850.0,39000.0,38550.0,38900.0,22144
202511201100,38900.0,38950.0,38550.0,38600.0,13243
202511201115,38600.0,38600.0,38250.0,38450.0,22431
202511201130,38450.0,38600.0,38350.0,38500.0,16480
202511201145,38500.0,38650.0,38450.0,38550.0,17418
202511201200,38550.0,38550.0,38350.0,38450.0,14379
202511201215,38450.0,38500.0,38300.0,38400.0,12781
202511201230,38350.0,38450.0,38250.0,38400.0,14245
202511201245,38450.0,38600.0,38350.0,38600.0,12321
202511201300,38600.0,38650.0,38500.0,38500.0,4741
202511201315,38500.0,38600.0,38400.0,38550.0,9119
202511201330,38575.0,38900.0,38500.0,38900.0,13367
202511201345,38900.0,39300.0,38800.0,39100.0,23312
202511201400,39100.0,39300.0,38950.0,38950.0,22260
202511201415,38950.0,39550.0,38950.0,39150.0,60485
202511201430,39250.0,39450.0,39100.0,39200.0,15944
202511201445,39100.0,39500.0,39100.0,39400.0,17296
202511201500,39400.0,39400.0,39000.0,39200.0,30663
202511201515,39175.0,39200.0,39050.0,39200.0,14305
202511210900,38050.0,38450.0,37500.0,37700.0,100273
202511210915,37700.0,38200.0,37550.0,37550.0,70258
202511210930,37550.0,37650.0,36900.0,37050.0,119011
202511210945,37100.0,37850.0,37050.0,37400.0,35214
202511211000,37400.0,37650.0,36800.0,36900.0,51533
202511211015,36900.0,37350.0,36700.0,37000.0,34913
202511211030,37000.0,37350.0,36650.0,37300.0,53850
202511211045,37300.0,37700.0,37250.0,37650.0,24212
202511211100,37650.0,37850.0,37350.0,37400.0,36654
202511211115,37400.0,37500.0,37150.0,37200.0,13788
202511211130,37200.0,37300.0,37100.0,37100.0,9355
202511211145,37100.0,37200.0,36950.0,36950.0,22068
202511211200,36950.0,37100.0,36850.0,37050.0,11771
202511211215,37050.0,37200.0,36950.0,37000.0,5749
202511211230,37000.0,37250.0,36900.0,37050.0,10815
202511211245,37100.0,37300.0,37050.0,37250.0,5429
202511211300,37250.0,37300.0,37000.0,37150.0,6768
202511211315,37150.0,37150.0,36950.0,36950.0,7758
202511211330,36950.0,37100.0,36900.0,37000.0,8693
202511211345,37000.0,37300.0,36850.0,37300.0,21685
202511211400,37300.0,37500.0,37200.0,37300.0,20070
202511211415,37400.0,37450.0,37300.0,37400.0,9580
202511211430,37400.0,37700.0,37400.0,37400.0,19463
202511211445,37400.0,37450.0,37300.0,37350.0,7414
202511211500,37350.0,37450.0,37300.0,37400.0,21923
202511211515,37400.0,37400.0,37300.0,37300.0,13383
202511240900,37400.0,38150.0,36600.0,37700.0,77984
202511240915,37750.0,37900.0,36700.0,36700.0,43155
202511240930,36700.0,37000.0,36500.0,37000.0,47112
202511240945,37100.0,37250.0,36900.0,37100.0,14843
202511241000,37100.0,37250.0,36650.0,36750.0,11183
202511241015,36750.0,36800.0,36200.0,36650.0,35775
202511241030,36650.0,36800.0,36250.0,36300.0,9589
202511241045,36250.0,36500.0,36250.0,36350.0,13002
202511241100,36350.0,36450.0,36300.0,36400.0,5964
202511241115,36400.0,36800.0,36250.0,36800.0,12276
202511241130,36800.0,36800.0,36550.0,36750.0,5402
202511241145,36700.0,36750.0,36650.0,36650.0,2724
202511241200,36650.0,36700.0,36300.0,36350.0,10336
202511241215,36350.0,36350.0,36150.0,36225.0,13062
202511241230,36250.0,36300.0,36000.0,36250.0,15506
202511241245,36250.0,36500.0,36200.0,36400.0,6305
202511241300,36400.0,36400.0,36050.0,36050.0,12285
202511241315,36050.0,36200.0,35950.0,36050.0,13835
202511241330,36050.0,36150.0,35500.0,35850.0,40520
202511241345,35800.0,36100.0,35500.0,35750.0,37659
202511241400,35750.0,36300.0,35600.0,36200.0,18436
202511241415,36150.0,36500.0,36150.0,36450.0,14270
202511241430,36450.0,36500.0,36150.0,36450.0,10185
202511241445,36350.0,36400.0,36200.0,36300.0,10419
202511241500,36300.0,36350.0,36050.0,36250.0,16764
202511241515,36250.0,36500.0,36250.0,36400.0,18088
202511250900,36500.0,38100.0,36450.0,38100.0,126637
202511250915,38050.0,39350.0,37900.0,39300.0,209650
202511250930,39300.0,39500.0,38950.0,39100.0,123965
202511250945,39100.0,39150.0,38200.0,38350.0,82425
202511251000,38350.0,38450.0,37800.0,38250.0,41142
202511251015,38250.0,38250.0,37625.0,37850.0,30306
202511251030,37900.0,38000.0,37700.0,37800.0,21230
202511251045,37750.0,37900.0,37500.0,37550.0,34020
202511251100,37600.0,37850.0,37550.0,37800.0,12994
202511251115,37800.0,37950.0,37600.0,37750.0,19570
202511251130,37750.0,38050.0,37600.0,38000.0,11999
202511251145,37950.0,38000.0,37800.0,38000.0,10685
202511251200,38000.0,38100.0,37900.0,38000.0,9533
202511251215,37950.0,38000.0,37650.0,37700.0,15907
202511251230,37700.0,37700.0,37350.0,37400.0,24408
202511251245,37350.0,37450.0,37050.0,37150.0,26272
202511251300,37150.0,37400.0,37000.0,37400.0,26788
202511251315,37400.0,37650.0,37250.0,37575.0,19032
202511251330,37550.0,38100.0,37350.0,37950.0,23891
202511251345,38050.0,38300.0,37900.0,38050.0,21844
202511251400,38050.0,38200.0,37850.0,38050.0,14838
202511251415,38050.0,38050.0,37650.0,37850.0,14139
202511251430,37900.0,38200.0,37850.0,38200.0,13017
202511251445,38200.0,38200.0,37850.0,38050.0,21031
202511251500,38000.0,38150.0,37700.0,38000.0,22102
202511251515,38050.0,38200.0,37950.0,38150.0,23245
202511260900,38000.0,38300.0,37000.0,37150.0,91483
202511260915,37200.0,38200.0,37150.0,38050.0,40437
202511260930,38050.0,38900.0,37850.0,38700.0,60651
202511260945,38650.0,39050.0,38500.0,38600.0,77737
202511261000,38600.0,39500.0,38550.0,39400.0,82093
202511261015,39350.0,39600.0,39150.0,39300.0,66499
202511261030,39350.0,39450.0,39050.0,39300.0,33339
202511261045,39300.0,39450.0,39000.0,39300.0,23289
202511261100,39300.0,40500.0,39300.0,40100.0,162292
202511261115,40100.0,40100.0,39550.0,39700.0,48626
202511261130,39750.0,39900.0,39600.0,39800.0,22127
202511261145,39800.0,39900.0,39550.0,39700.0,22636
202511261200,39650.0,40050.0,39650.0,39900.0,23708
202511261215,39950.0,39950.0,39600.0,39800.0,13066
202511261230,39800.0,39900.0,39750.0,39850.0,12150
202511261245,39900.0,39900.0,39500.0,39600.0,21161
202511261300,39600.0,39900.0,39400.0,39650.0,24042
202511261315,39650.0,39700.0,39550.0,39600.0,12595
202511261330,39600.0,39700.0,39200.0,39400.0,33561
202511261345,39350.0,39400.0,39000.0,39000.0,26594
202511261400,39050.0,39100.0,38750.0,38800.0,29304
202511261415,38850.0,39000.0,38700.0,38800.0,28825
202511261430,38800.0,38850.0,38650.0,38800.0,15657
202511261445,38800.0,39100.0,38700.0,38850.0,14061
202511261500,38850.0,39000.0,38700.0,38850.0,25415
202511261515,39000.0,39050.0,38850.0,38950.0,14169
202511270900,38650.0,39350.0,38400.0,39200.0,58289
202511270915,39200.0,39300.0,38550.0,38550.0,52979
202511270930,38600.0,39050.0,38350.0,38400.0,38461
202511270945,38400.0,38650.0,38250.0,38550.0,26305
202511271000,38450.0,38550.0,38150.0,38250.0,34578
202511271015,38250.0,38800.0,38200.0,38650.0,16729
202511271030,38650.0,38800.0,38550.0,38650.0,23621
202511271045,38700.0,39000.0,38500.0,38600.0,23726
202511271100,38600.0,38750.0,38500.0,38600.0,9911
202511271115,38600.0,38600.0,38450.0,38500.0,7222
202511271130,38475.0,38500.0,38350.0,38400.0,10333
202511271145,38400.0,38400.0,38200.0,38250.0,9947
202511271200,38200.0,38300.0,38050.0,38100.0,18395
202511271215,38100.0,38300.0,38100.0,38200.0,6792
202511271230,38225.0,38350.0,38150.0,38350.0,7037
202511271245,38350.0,38550.0,38300.0,38500.0,7571
202511271300,38550.0,38600.0,38300.0,38550.0,7219
202511271315,38550.0,38550.0,38250.0,38300.0,6997
202511271330,38300.0,38300.0,38000.0,38050.0,19213
202511271345,38050.0,38100.0,37600.0,37700.0,42565
202511271400,37700.0,37975.0,37650.0,37850.0,11550
202511271415,37800.0,37950.0,37750.0,37900.0,9512
202511271430,37850.0,37950.0,37800.0,37850.0,10117
202511271445,37850.0,37850.0,37700.0,37750.0,16135
202511271500,37750.0,37800.0,37600.0,37700.0,28686
202511271515,37750.0,37750.0,37550.0,37550.0,20336
202511280900,38050.0,39000.0,37300.0,38800.0,111997
202511280915,38750.0,39000.0,38000.0,38150.0,60463
202511280930,38150.0,39150.0,38050.0,39100.0,73664
202511280945,39100.0,40500.0,38900.0,40250.0,203741
202511281000,40300.0,40350.0,39600.0,39650.0,81557
202511281015,39650.0,39850.0,39450.0,39550.0,43028
202511281030,39550.0,39750.0,39200.0,39300.0,36870
202511281045,39300.0,39350.0,38550.0,38600.0,53376
202511281100,38550.0,39000.0,38500.0,39000.0,31785
202511281115,38950.0,39200.0,38800.0,39200.0,17629
202511281130,39150.0,39250.0,39000.0,39100.0,11044
202511281145,39075.0,39075.0,38900.0,38950.0,8313
202511281200,38900.0,39050.0,38800.0,38950.0,8518
202511281215,38950.0,39300.0,38950.0,39300.0,10694
202511281230,39300.0,39350.0,39050.0,39300.0,21430
202511281245,39300.0,39350.0,39050.0,39250.0,19776
202511281300,39250.0,39650.0,39100.0,39600.0,30862
202511281315,39600.0,39750.0,39350.0,39500.0,25780
202511281330,39450.0,39500.0,39300.0,39450.0,13949
202511281345,39450.0,39550.0,39350.0,39400.0,15279
202511281400,39350.0,39500.0,39300.0,39400.0,10495
202511281415,39450.0,40400.0,39400.0,40100.0,104756
202511281430,40150.0,40250.0,39750.0,39900.0,35239
202511281445,39900.0,40000.0,39700.0,39750.0,20817
202511281500,39750.0,40000.0,39550.0,39900.0,37396
202511281515,39900.0,40000.0,39850.0,40000.0,27162
202512010900,39800.0,40500.0,39450.0,39550.0,95088
202512010915,39700.0,40250.0,39500.0,40050.0,42540
202512010930,40050.0,40450.0,39850.0,40000.0,65892
202512010945,40000.0,40500.0,39900.0,40400.0,51538
202512011000,40350.0,40600.0,40050.0,40300.0,43841
202512011015,40300.0,40400.0,39850.0,39850.0,23223
202512011030,39900.0,40100.0,39800.0,39950.0,13619
202512011045,39950.0,40200.0,39900.0,40150.0,17965
202512011100,40150.0,40900.0,40100.0,40750.0,51536
202512011115,40750.0,40750.0,40400.0,40500.0,22488
202512011130,40450.0,40550.0,40350.0,40500.0,14954
202512011145,40500.0,40550.0,40250.0,40550.0,21470
202512011200,40550.0,40850.0,40450.0,40800.0,32229
202512011215,40800.0,41000.0,40600.0,40650.0,55720
202512011230,40650.0,40800.0,40600.0,40700.0,16369
202512011245,40700.0,40850.0,40500.0,40550.0,25400
202512011300,40550.0,40550.0,40050.0,40450.0,27053
202512011315,40450.0,40550.0,40400.0,40550.0,8805
202512011330,40550.0,40650.0,40400.0,40650.0,6979
202512011345,40600.0,40750.0,40500.0,40650.0,23592
202512011400,40650.0,40700.0,40300.0,40350.0,24643
202512011415,40350.0,40450.0,40000.0,40300.0,43881
202512011430,40300.0,40500.0,40200.0,40300.0,15525
202512011445,40300.0,40550.0,40300.0,40500.0,13559
202512011500,40450.0,40600.0,40300.0,40400.0,26883
202512011515,40450.0,40650.0,40300.0,40600.0,21671
202512020900,39750.0,40800.0,39750.0,39900.0,141401
202512020915,39900.0,39900.0,38850.0,39000.0,194862
202512020930,38975.0,39800.0,38950.0,39550.0,60156
202512020945,39525.0,39900.0,39500.0,39750.0,30286
202512021000,39700.0,39950.0,39500.0,39750.0,26937
202512021015,39750.0,40150.0,39700.0,39900.0,31547
202512021030,39900.0,40200.0,39900.0,40050.0,21427
202512021045,40050.0,40050.0,39950.0,40000.0,8336
202512021100,40050.0,40250.0,39950.0,40250.0,17176
202512021115,40250.0,40300.0,40000.0,40000.0,22143
202512021130,40050.0,40300.0,40000.0,40300.0,14873
202512021145,40300.0,40450.0,40100.0,40100.0,11781
202512021200,40150.0,40250.0,40050.0,40250.0,5724
202512021215,40250.0,40450.0,40200.0,40350.0,14946
202512021230,40350.0,40500.0,40300.0,40350.0,14345
202512021245,40350.0,40550.0,40150.0,40150.0,18983
202512021300,40100.0,40250.0,40050.0,40100.0,10557
202512021315,40050.0,40300.0,40000.0,40100.0,11175
202512021330,40150.0,40150.0,39900.0,39950.0,25222
202512021345,39950.0,40000.0,39750.0,39900.0,25345
202512021400,39900.0,39950.0,39750.0,39775.0,11433
202512021415,39750.0,40050.0,39650.0,39800.0,29850
202512021430,39850.0,40100.0,39800.0,40000.0,18894
202512021445,39950.0,40150.0,39950.0,40000.0,15576
202512021500,40000.0,40450.0,39975.0,40250.0,58319
202512021515,40250.0,40300.0,40200.0,40300.0,14270
202512030900,39900.0,40250.0,39450.0,39700.0,76766
202512030915,39750.0,39900.0,39500.0,39700.0,31340
202512030930,39600.0,39800.0,39450.0,39500.0,23335
202512030945,39500.0,39700.0,39400.0,39550.0,26288
202512031000,39600.0,39750.0,39500.0,39600.0,16261
202512031015,39600.0,39600.0,39150.0,39350.0,44153
202512031030,39350.0,39450.0,39150.0,39225.0,30396
202512031045,39225.0,39275.0,39150.0,39150.0,22040
202512031100,39150.0,39450.0,39150.0,39300.0,13751
202512031115,39300.0,39300.0,39050.0,39100.0,31338
202512031130,39100.0,39150.0,39000.0,39050.0,24589
202512031145,39025.0,39150.0,39000.0,39050.0,13968
202512031200,39050.0,39050.0,38750.0,39050.0,42141
202512031215,39050.0,39200.0,39000.0,39200.0,10163
202512031230,39200.0,39250.0,39100.0,39150.0,4427
202512031245,39100.0,39250.0,39100.0,39200.0,6243
202512031300,39200.0,39250.0,39150.0,39250.0,5274
202512031315,39250.0,39400.0,39200.0,39250.0,13747
202512031330,39250.0,39400.0,39250.0,39300.0,8157
202512031345,39300.0,39300.0,39150.0,39150.0,10325
202512031400,39150.0,39150.0,39050.0,39100.0,8591
202512031415,39100.0,39200.0,39050.0,39150.0,7775
202512031430,39150.0,39250.0,39100.0,39150.0,11426
202512031445,39150.0,39250.0,39100.0,39150.0,13536
202512031500,39150.0,39200.0,39050.0,39100.0,15444
202512031515,39150.0,39150.0,39000.0,39050.0,16013
202512040900,39450.0,41800.0,39300.0,41200.0,290622
202512040915,41250.0,43500.0,41150.0,42550.0,778806
202512040930,42550.0,42900.0,41500.0,41700.0,204372
202512040945,41650.0,41700.0,41250.0,41400.0,107963
202512041000,41400.0,41850.0,40600.0,40750.0,110760
202512041015,40750.0,40900.0,40350.0,40650.0,69761
202512041030,40675.0,40800.0,40150.0,40350.0,63109
202512041045,40350.0,40600.0,40200.0,40400.0,36110
202512041100,40450.0,40750.0,40000.0,40100.0,59556
202512041115,40100.0,40200.0,39800.0,40100.0,46239
202512041130,40100.0,40200.0,39900.0,40100.0,14860
202512041145,40050.0,40150.0,39750.0,39950.0,30763
202512041200,39950.0,40100.0,39850.0,40050.0,12981
202512041215,40050.0,40100.0,39700.0,39900.0,32799
202512041230,39900.0,40000.0,39700.0,39900.0,24523
202512041245,39900.0,40300.0,39850.0,40250.0,22735
202512041300,40200.0,40750.0,40200.0,40650.0,38818
202512041315,40650.0,41100.0,40600.0,41000.0,55883
202512041330,41050.0,41350.0,40800.0,41350.0,42896
202512041345,41350.0,42500.0,41300.0,41850.0,163888
202512041400,41800.0,42100.0,41500.0,41900.0,41264
202512041415,41900.0,42050.0,41450.0,41650.0,34856
202512041430,41650.0,41700.0,41250.0,41650.0,27550
202512041445,41650.0,41950.0,41600.0,41800.0,30167
202512041500,41800.0,42150.0,41700.0,42000.0,60028
202512041515,42000.0,42125.0,41900.0,42100.0,39805
202512050900,43725.0,45400.0,42250.0,42750.0,693295
202512050915,42800.0,43550.0,41400.0,43350.0,353220
202512050930,43400.0,43500.0,42550.0,43150.0,131212
202512050945,43200.0,44700.0,43200.0,44500.0,175336
202512051000,44550.0,46900.0,44250.0,46650.0,656511
202512051015,46650.0,46950.0,44500.0,44900.0,362194
202512051030,44850.0,45050.0,43750.0,43800.0,149447
202512051045,43850.0,43900.0,42650.0,43050.0,209505
202512051100,43050.0,43350.0,42700.0,42825.0,101057
202512051115,42825.0,43450.0,42600.0,43250.0,79832
202512051130,43300.0,43550.0,43100.0,43200.0,42586
202512051145,43200.0,43350.0,42900.0,43000.0,34141
202512051200,43000.0,43100.0,42700.0,43050.0,35337
202512051215,43050.0,43650.0,43050.0,43350.0,48084
202512051230,43400.0,43450.0,43100.0,43450.0,29822
202512051245,43450.0,43850.0,43200.0,43500.0,57213
202512051300,43500.0,43700.0,43300.0,43450.0,25630
202512051315,43450.0,43700.0,43100.0,43250.0,39587
202512051330,43200.0,43400.0,42700.0,42750.0,52738
202512051345,42700.0,43600.0,42700.0,43150.0,46690
202512051400,43150.0,43450.0,42950.0,42950.0,31900
202512051415,42950.0,43150.0,42550.0,42850.0,58613
202512051430,42850.0,43000.0,42700.0,42950.0,26579
202512051445,43000.0,43750.0,42950.0,43450.0,82193
202512051500,43450.0,43750.0,43200.0,43650.0,71978
202512051515,43650.0,43700.0,43350.0,43350.0,39461
202512080900,43100.0,43300.0,41900.0,41950.0,134602
202512080915,42050.0,43000.0,41900.0,42000.0,66579
202512080930,41975.0,42150.0,41550.0,41650.0,63756
202512080945,41650.0,41950.0,41150.0,41500.0,73004
202512081000,41450.0,41600.0,40700.0,40800.0,89652
202512081015,40850.0,40850.0,40250.0,40650.0,70532
202512081030,40600.0,41100.0,40400.0,41100.0,37271
202512081045,41000.0,42000.0,41000.0,41150.0,58128
202512081100,41200.0,41250.0,40850.0,40900.0,18531
202512081115,40850.0,41100.0,40600.0,40700.0,21362
202512081130,40700.0,41000.0,40600.0,40600.0,13553
202512081145,40700.0,40850.0,40600.0,40700.0,14696
202512081200,40700.0,40750.0,40550.0,40650.0,17232
202512081215,40650.0,40700.0,40500.0,40650.0,15716
202512081230,40600.0,40950.0,40450.0,40750.0,36601
202512081245,40750.0,41150.0,40725.0,40900.0,22043
202512081300,40900.0,41100.0,40800.0,40950.0,11086
202512081315,40950.0,41000.0,40800.0,40850.0,12666
202512081330,40800.0,40950.0,40700.0,40850.0,19932
202512081345,40800.0,40825.0,40550.0,40550.0,26006
202512081400,40600.0,40600.0,40300.0,40350.0,38203
202512081415,40350.0,40450.0,40150.0,40250.0,50960
202512081430,40250.0,40550.0,40200.0,40300.0,17521
202512081445,40350.0,40450.0,40250.0,40350.0,21620
202512081500,40300.0,40350.0,40000.0,40100.0,101036
202512081515,40100.0,40500.0,40100.0,40500.0,21794
202512110900,41350.0,41600.0,40800.0,41000.0,55701
202512110915,40950.0,42000.0,40900.0,41800.0,43604
202512110930,41850.0,42200.0,41700.0,42000.0,45005
202512110945,42150.0,43800.0,42000.0,43450.0,145404
202512111000,43400.0,44200.0,43250.0,43550.0,131135
202512111015,43550.0,43650.0,42450.0,42850.0,45389
202512111030,42850.0,43100.0,42750.0,42900.0,16448
202512111045,42900.0,43000.0,42650.0,42950.0,15994
202512111100,42950.0,43000.0,42450.0,42700.0,17675
202512111115,42675.0,42750.0,42450.0,42650.0,8269
202512111130,42650.0,42850.0,42600.0,42750.0,10200
202512111145,42750.0,42750.0,42150.0,42150.0,22760
202512111200,42150.0,42250.0,41850.0,41900.0,33773
202512111215,41950.0,42350.0,41950.0,42250.0,10065
202512111230,42300.0,42350.0,42050.0,42300.0,12765
202512111245,42300.0,42450.0,42200.0,42400.0,8429
202512111300,42400.0,42500.0,42200.0,42500.0,13086
202512111315,42450.0,42700.0,42400.0,42600.0,12024
202512111330,42600.0,42600.0,42350.0,42500.0,9707
202512111345,42500.0,42500.0,42200.0,42250.0,8085
202512111400,42300.0,42350.0,42050.0,42050.0,10122
202512111415,42100.0,42100.0,41850.0,41900.0,12653
202512111430,41900.0,42150.0,41850.0,42100.0,9511
202512111445,42100.0,42150.0,42000.0,42150.0,11071
202512111500,42050.0,42250.0,42000.0,42100.0,16890
202512111515,42150.0,42300.0,42050.0,42250.0,16392
202512120900,43550.0,45800.0,43300.0,45400.0,427251
202512120915,45300.0,46500.0,44550.0,45750.0,383781
202512120930,45750.0,45950.0,44650.0,44900.0,141948
202512120945,44900.0,45400.0,44550.0,45350.0,64488
202512121000,45350.0,45450.0,44775.0,45100.0,53517
202512121015,45100.0,45350.0,44750.0,44900.0,46409
202512121030,44925.0,45050.0,44550.0,44750.0,41227
202512121045,44750.0,46800.0,44700.0,45500.0,282492
202512121100,45500.0,46150.0,45300.0,46000.0,70099
202512121115,45800.0,46150.0,45700.0,45700.0,32169
202512121130,45700.0,45950.0,45400.0,45600.0,35256
202512121145,45600.0,45600.0,45350.0,45550.0,18327
202512121200,45550.0,45600.0,45350.0,45550.0,16209
202512121215,45550.0,45600.0,45350.0,45400.0,15356
202512121230,45400.0,45400.0,45000.0,45050.0,29718
202512121245,45050.0,45200.0,44800.0,44800.0,18461
202512121300,44800.0,44850.0,44050.0,44200.0,66499
202512121315,44200.0,44400.0,43850.0,44250.0,44082
202512121330,44250.0,44700.0,44150.0,44700.0,23127
202512121345,44650.0,44700.0,44150.0,44350.0,16927
202512121400,44300.0,44600.0,44300.0,44500.0,14235
202512121415,44500.0,44650.0,44300.0,44300.0,16927
202512121430,44300.0,44350.0,43700.0,43850.0,46200
202512121445,43750.0,43800.0,43400.0,43550.0,68388
202512121500,43550.0,43850.0,43400.0,43700.0,48091
202512121515,43700.0,43800.0,43400.0,43400.0,54026
202512150900,43200.0,43700.0,42800.0,43350.0,92624
202512150915,43350.0,44150.0,43150.0,43700.0,55673
202512150930,43700.0,44600.0,43450.0,44450.0,70227
202512150945,44500.0,46750.0,44500.0,46200.0,236187
202512151000,46200.0,46250.0,45300.0,45450.0,80376
202512151015,45450.0,45550.0,45000.0,45000.0,37027
202512151030,45050.0,45400.0,44800.0,45150.0,30584
202512151045,45100.0,45250.0,44950.0,45150.0,18343
202512151100,45150.0,45450.0,45050.0,45250.0,21539
202512151115,45250.0,45550.0,45200.0,45550.0,19330
202512151130,45550.0,45800.0,45450.0,45750.0,18249
202512151145,45750.0,46350.0,45750.0,46150.0,45189
202512151200,46200.0,46200.0,45750.0,45900.0,22264
202512151215,45750.0,46150.0,45750.0,46150.0,18388
202512151230,46150.0,46250.0,45850.0,46150.0,14931
202512151245,46100.0,46200.0,45700.0,46000.0,12626
202512151300,45950.0,46050.0,45650.0,45950.0,15126
202512151315,45950.0,45950.0,45750.0,45850.0,17194
202512151330,45800.0,45950.0,45700.0,45850.0,17197
202512151345,45900.0,45950.0,45700.0,45850.0,25080
202512151400,45850.0,46500.0,45700.0,46350.0,63323
202512151415,46350.0,46450.0,46150.0,46450.0,28481
202512151430,46350.0,47600.0,45950.0,46100.0,245287
202512151445,46100.0,46200.0,45550.0,45900.0,58760
202512151500,45900.0,46000.0,45350.0,45450.0,50339
202512151515,45450.0,45650.0,45350.0,45400.0,30619
202512170900,45350.0,46600.0,44100.0,44900.0,135448
202512170915,44900.0,45300.0,43250.0,43900.0,80526
202512170930,43950.0,44900.0,43850.0,44850.0,29707
202512170945,44850.0,45600.0,44250.0,44850.0,34212
202512171000,44900.0,45400.0,44650.0,44750.0,24003
202512171015,44750.0,45100.0,44700.0,44850.0,12863
202512171030,44850.0,45000.0,44150.0,44200.0,21989
202512171045,44200.0,44450.0,43950.0,44250.0,25597
202512171100,44250.0,44300.0,43650.0,43750.0,28353
202512171115,43800.0,44250.0,43750.0,44200.0,10003
202512171130,44100.0,44400.0,44100.0,44150.0,6483
202512171145,44100.0,44550.0,44100.0,44400.0,7764
202512171200,44500.0,44900.0,44450.0,44650.0,17011
202512171215,44650.0,45800.0,44650.0,45500.0,38845
202512171230,45500.0,45800.0,45200.0,45300.0,25743
202512171245,45250.0,46150.0,45250.0,45950.0,37330
202512171300,46000.0,46000.0,45550.0,45850.0,17304
202512171315,45900.0,45900.0,45200.0,45500.0,20648
202512171330,45550.0,45700.0,45150.0,45300.0,15474
202512171345,45300.0,45400.0,45000.0,45050.0,18985
202512171400,45050.0,45500.0,45000.0,45050.0,13216
202512171415,45100.0,45100.0,44500.0,44700.0,46345
202512171430,44700.0,45100.0,44650.0,44950.0,16690
202512171445,44950.0,45050.0,44750.0,44750.0,17306
202512171500,44750.0,44800.0,44300.0,44300.0,29952
202512171515,44300.0,44350.0,44200.0,44300.0,19109
202512180900,43450.0,46650.0,43050.0,46200.0,228472
202512180915,46150.0,47200.0,45350.0,46550.0,148150
202512180930,46500.0,47100.0,46050.0,46250.0,92059
202512180945,46250.0,48200.0,46200.0,47250.0,297519
202512181000,47300.0,47700.0,46700.0,47350.0,126524
202512181015,47300.0,49150.0,47300.0,48750.0,412565
202512181030,48750.0,49000.0,48150.0,48650.0,125575
202512181045,48700.0,48900.0,47750.0,47950.0,117852
202512181100,47950.0,48000.0,46500.0,46550.0,154415
202512181115,46600.0,47100.0,46550.0,46850.0,29594
202512181130,46850.0,47100.0,46650.0,46950.0,24001
202512181145,46900.0,47300.0,46450.0,46850.0,30614
202512181200,46900.0,47200.0,46750.0,46750.0,23930
202512181215,46750.0,47000.0,46650.0,46725.0,15710
202512181230,46700.0,46950.0,46550.0,46600.0,22611
202512181245,46600.0,46900.0,46600.0,46650.0,10124
202512181300,46700.0,47400.0,46650.0,47100.0,30088
202512181315,47125.0,47500.0,47000.0,47400.0,24896
202512181330,47350.0,47800.0,47300.0,47450.0,52854
202512181345,47450.0,47550.0,47000.0,47150.0,24758
202512181400,47150.0,47450.0,47150.0,47400.0,13376
202512181415,47350.0,47400.0,46900.0,47150.0,23899
202512181430,47150.0,47600.0,47100.0,47300.0,34654
202512181445,47350.0,47550.0,47250.0,47400.0,46038
202512181500,47450.0,48300.0,47400.0,47450.0,90571
202512181515,47450.0,47550.0,47300.0,47300.0,33446
202512190900,47000.0,48775.0,46800.0,48500.0,156759
202512190915,48500.0,48950.0,47050.0,48600.0,111254
202512190930,48600.0,51300.0,48500.0,50500.0,486082
202512190945,50600.0,50700.0,48850.0,49050.0,240518
202512191000,49050.0,50200.0,49000.0,49750.0,89107
202512191015,49750.0,50500.0,49700.0,50100.0,47551
202512191030,49950.0,50600.0,49950.0,50500.0,40789
202512191045,50400.0,51400.0,50300.0,50900.0,132229
202512191100,51000.0,54300.0,50900.0,53400.0,409946
202512191115,53500.0,54100.0,52700.0,52900.0,247804
202512191130,53000.0,53100.0,52500.0,52800.0,75379
202512191145,52800.0,53000.0,52300.0,52600.0,50427
202512191200,52600.0,53600.0,52400.0,53200.0,73374
202512191215,53200.0,53700.0,52900.0,53200.0,55558
202512191230,53100.0,53600.0,53100.0,53200.0,38156
202512191245,53100.0,53700.0,52800.0,53400.0,81784
202512191300,53400.0,54000.0,52300.0,52600.0,110556
202512191315,52600.0,52900.0,52300.0,52800.0,38669
202512191330,52800.0,52900.0,52200.0,52800.0,24239
202512191345,52800.0,53000.0,52500.0,52700.0,26829
202512191400,52700.0,52700.0,51700.0,51700.0,92492
202512191415,51700.0,51900.0,50900.0,51000.0,89872
202512191430,51200.0,51200.0,49750.0,50500.0,162806
202512191445,50500.0,50900.0,50300.0,50700.0,56026
202512191500,50700.0,51200.0,50400.0,50500.0,94170
202512191515,50600.0,50700.0,50200.0,50700.0,47430
202512220900,49600.0,50200.0,48250.0,48850.0,277939
202512220915,48800.0,49000.0,48200.0,48250.0,126812
202512220930,48250.0,48400.0,47550.0,47550.0,176383
202512220945,47600.0,47800.0,47150.0,47250.0,128657
202512221000,47250.0,47300.0,46850.0,46950.0,193514
202512221015,46950.0,47050.0,46650.0,46950.0,85538
202512221030,46950.0,47700.0,46900.0,47150.0,59233
202512221045,47100.0,47450.0,47050.0,47150.0,35979
202512221100,47150.0,47150.0,46700.0,46800.0,63554
202512221115,46800.0,46800.0,46650.0,46750.0,30930
202512221130,46700.0,46850.0,46600.0,46600.0,29879
202512221145,46600.0,46800.0,46500.0,46750.0,29901
202512221200,46750.0,46900.0,46650.0,46800.0,24153
202512221215,46750.0,47050.0,46750.0,47050.0,23651
202512221230,47050.0,47050.0,46800.0,46900.0,18091
202512221245,46900.0,46950.0,46300.0,46600.0,108201
202512221300,46600.0,46800.0,46550.0,46700.0,23393
202512221315,46750.0,47750.0,46750.0,47750.0,48516
202512221330,47750.0,48800.0,47650.0,48650.0,125355
202512221345,48600.0,49400.0,48150.0,48900.0,82957
202512221400,48900.0,48950.0,48550.0,48550.0,24083
202512221415,48550.0,49000.0,48200.0,48700.0,26867
202512221430,48650.0,48800.0,48400.0,48700.0,18119
202512221445,48700.0,48800.0,48450.0,48600.0,29301
202512221500,48600.0,48850.0,48450.0,48850.0,30885
202512221515,48900.0,49100.0,48850.0,49100.0,28700
202512230900,49800.0,50000.0,47200.0,47250.0,128697
202512230915,47250.0,48300.0,47200.0,47850.0,60501
202512230930,47950.0,48225.0,47000.0,47150.0,62037
202512230945,47200.0,47450.0,46550.0,46600.0,101557
202512231000,46600.0,47100.0,46450.0,46500.0,38897
202512231015,46450.0,47000.0,46300.0,46800.0,33433
202512231030,46800.0,47000.0,46650.0,46650.0,37407
202512231045,46650.0,47600.0,46600.0,47250.0,28970
202512231100,47300.0,47550.0,46900.0,47300.0,21940
202512231115,47400.0,47550.0,47250.0,47350.0,9560
202512231130,47350.0,47700.0,47300.0,47700.0,12055
202512231145,47700.0,47700.0,47300.0,47350.0,13903
202512231200,47400.0,47600.0,47100.0,47250.0,17171
202512231215,47250.0,47400.0,47050.0,47300.0,9638
202512231230,47350.0,47400.0,46850.0,47050.0,44626
202512231245,47100.0,47150.0,47000.0,47000.0,4598
202512231300,47000.0,47100.0,46850.0,46900.0,11149
202512231315,46900.0,46950.0,46550.0,46600.0,31040
202512231330,46600.0,46900.0,46600.0,46750.0,13592
202512231345,46750.0,47100.0,46750.0,47050.0,8813
202512231400,47050.0,47050.0,46650.0,46750.0,16226
202512231415,46750.0,47200.0,46750.0,47000.0,25401
202512231430,46950.0,47050.0,46800.0,46800.0,11304
202512231445,46800.0,47100.0,46650.0,47000.0,24937
202512231500,47000.0,47050.0,46750.0,46850.0,26145
202512231515,46850.0,46900.0,46650.0,46800.0,24953
202512240900,47000.0,47850.0,46800.0,47000.0,82881
202512240915,47000.0,47625.0,46950.0,47100.0,43699
202512240930,47150.0,47400.0,46850.0,46850.0,30813
202512240945,46850.0,48500.0,46800.0,47900.0,93038
202512241000,47850.0,48050.0,47550.0,47900.0,25348
202512241015,47800.0,47950.0,47600.0,47850.0,17838
202512241030,47850.0,47900.0,47300.0,47500.0,32163
202512241045,47500.0,47500.0,47150.0,47250.0,12415
202512241100,47200.0,47250.0,46950.0,47100.0,18246
202512241115,47100.0,47100.0,46650.0,46850.0,59587
202512241130,46850.0,46900.0,46650.0,46850.0,15130
202512241145,46850.0,46900.0,46750.0,46750.0,7597
202512241200,46800.0,46800.0,46450.0,46550.0,20321
202512241215,46550.0,47100.0,46500.0,46950.0,44928
202512241230,46900.0,47000.0,46500.0,46650.0,14327
202512241245,46600.0,47350.0,46450.0,46950.0,21897
202512241300,46950.0,47750.0,46700.0,47300.0,75197
202512241315,47300.0,47500.0,47150.0,47500.0,15037
202512241330,47500.0,47550.0,47300.0,47550.0,15966
202512241345,47550.0,47750.0,47400.0,47650.0,25955
202512241400,47650.0,47950.0,47500.0,47950.0,46185
202512241415,47950.0,48000.0,47800.0,48000.0,51846
202512241430,48000.0,48000.0,47550.0,47900.0,29778
202512241445,47900.0,47950.0,47750.0,47850.0,24339
202512241500,47750.0,47750.0,47450.0,47600.0,26255
202512241515,47600.0,47750.0,47450.0,47500.0,26146
202512260900,49000.0,49200.0,47900.0,48050.0,64008
202512260915,48050.0,48050.0,47100.0,47800.0,67705
202512260930,48050.0,48150.0,47550.0,47700.0,23856
202512260945,47750.0,47900.0,47300.0,47650.0,21799
202512261000,47650.0,47650.0,47300.0,47450.0,18589
202512261015,47500.0,47600.0,46800.0,46850.0,35587
202512261030,46900.0,47400.0,46650.0,46900.0,30343
202512261045,46950.0,47300.0,46900.0,47150.0,13896
202512261100,47150.0,47200.0,46600.0,46850.0,29746
202512261115,46850.0,47050.0,46400.0,46600.0,31046
202512261130,46600.0,46800.0,46450.0,46700.0,16528
202512261145,46700.0,46950.0,46700.0,46950.0,8933
202512261200,46950.0,47000.0,46750.0,46900.0,7163
202512261215,46850.0,47050.0,46850.0,47000.0,6251
202512261230,47000.0,47100.0,46800.0,46800.0,12436
202512261245,46800.0,47200.0,46750.0,47200.0,13428
202512261300,47200.0,47650.0,47150.0,47400.0,30164
202512261315,47500.0,47700.0,47050.0,47600.0,37575
202512261330,47550.0,48000.0,47500.0,47850.0,24709
202512261345,47850.0,48100.0,47750.0,47800.0,46115
202512261400,47800.0,48400.0,47750.0,48250.0,34245
202512261415,48300.0,48650.0,48250.0,48600.0,103367
202512261430,48600.0,48625.0,48000.0,48100.0,32280
202512261445,48100.0,48600.0,47950.0,48500.0,41778
202512261500,48500.0,48950.0,48400.0,48850.0,45049
202512261515,48850.0,48900.0,48750.0,48800.0,31761
202512290900,49100.0,49300.0,48100.0,48100.0,101028
202512290915,48200.0,48850.0,47850.0,48750.0,66618
202512290930,48800.0,49000.0,48550.0,48800.0,31050
202512290945,48750.0,49100.0,48500.0,48550.0,32270
202512291000,48500.0,48600.0,48350.0,48400.0,33026
202512291015,48400.0,49000.0,48350.0,48800.0,23669
202512291030,48850.0,50600.0,48800.0,50100.0,84978
202512291045,50100.0,50600.0,49550.0,50500.0,50558
202512291100,50500.0,52700.0,50500.0,52300.0,259303
202512291115,52300.0,55300.0,51600.0,54500.0,305692
202512291130,54500.0,54800.0,52900.0,53900.0,153491
202512291145,53800.0,54200.0,53550.0,53800.0,65631
202512291200,53800.0,54100.0,53600.0,53800.0,36007
202512291215,53900.0,55300.0,53700.0,55100.0,113760
202512291230,55000.0,55400.0,54600.0,54900.0,64667
202512291245,54900.0,55100.0,54100.0,54300.0,31232
202512291300,54300.0,54400.0,53700.0,54200.0,41058
202512291315,54200.0,54800.0,54000.0,54700.0,22735
202512291330,54700.0,54700.0,54100.0,54200.0,17678
202512291345,54200.0,54300.0,54000.0,54300.0,19605
202512291400,54200.0,54300.0,53900.0,54000.0,16481
202512291415,54000.0,54300.0,53800.0,54200.0,23791
202512291430,54200.0,54350.0,54000.0,54200.0,16646
202512291445,54200.0,54800.0,54100.0,54800.0,38154
202512291500,54700.0,55100.0,54600.0,54900.0,69194
202512291515,54900.0,55100.0,54700.0,55100.0,32566
202512300900,54900.0,55500.0,54200.0,54700.0,67234
202512300915,54700.0,55200.0,53900.0,53900.0,47264
202512300930,53900.0,55300.0,53900.0,55100.0,33786
202512300945,55100.0,56600.0,54800.0,56100.0,130483
202512301000,56100.0,56900.0,55500.0,56300.0,63916
202512301015,56300.0,56400.0,55700.0,56150.0,38459
202512301030,56200.0,56500.0,55000.0,55000.0,54548
202512301045,55000.0,55100.0,54400.0,54400.0,50061
202512301100,54500.0,54500.0,53200.0,53850.0,70833
202512301115,53900.0,53900.0,53600.0,53800.0,13036
202512301130,53700.0,54000.0,53700.0,54000.0,8168
202512301145,54000.0,54200.0,53800.0,53900.0,9781
202512301200,53900.0,54100.0,53800.0,53900.0,6782
202512301215,53900.0,54100.0,53800.0,54000.0,5728
202512301230,54000.0,54400.0,53900.0,54200.0,11579
202512301245,54200.0,54300.0,53300.0,53800.0,27454
202512301300,53800.0,54000.0,53500.0,53700.0,16522
202512301315,53600.0,53700.0,52900.0,53500.0,45219
202512301330,53400.0,54200.0,53400.0,54000.0,14898
202512301345,54000.0,54400.0,53800.0,54100.0,14487
202512301400,54100.0,54500.0,53900.0,54200.0,10647
202512301415,54300.0,55000.0,53700.0,54400.0,18638
202512301430,54500.0,55000.0,54500.0,55000.0,13178
202512301445,54900.0,55300.0,54600.0,55100.0,24613
202512301500,55200.0,55200.0,54600.0,54700.0,24134
202512301515,54700.0,54900.0,54600.0,54900.0,16105
