2023092509,40550.0,43600.0,40500.0,40800.0,1636850
2023092609,41100.0,42000.0,40550.0,41600.0,548956
2023092709,41100.0,42800.0,40750.0,42100.0,418776
2023100409,42100.0,42800.0,41000.0,41300.0,318304
2023100509,41650.0,41850.0,40400.0,40850.0,291587
2023100609,41000.0,42900.0,40850.0,42700.0,363646
2023101009,42900.0,43100.0,41650.0,42000.0,278060
2023101109,42350.0,42900.0,41700.0,42450.0,241701
2023101209,42450.0,42750.0,42000.0,42600.0,254431
2023101309,42450.0,42900.0,41700.0,42000.0,181449
2023101609,41800.0,42700.0,41600.0,42000.0,196444
2023101709,42200.0,42450.0,41250.0,41600.0,183625
2023101809,41750.0,41750.0,40600.0,40800.0,266499
2023101909,39950.0,41300.0,39800.0,40500.0,252444
2023102009,40300.0,41100.0,39150.0,40450.0,295483
2023102309,40450.0,42150.0,40100.0,41900.0,262532
2023102409,41900.0,42700.0,41050.0,42450.0,214713
2023102509,42900.0,44350.0,42100.0,43500.0,476316
2023102609,42800.0,44100.0,42700.0,43100.0,260775
2023102709,43250.0,43600.0,42100.0,42500.0,169898
2023103009,42350.0,43950.0,42200.0,43000.0,194862
2023103109,43150.0,44350.0,43000.0,43200.0,254950
2023110109,43600.0,43750.0,42750.0,43500.0,131003
2023110209,43950.0,44100.0,42850.0,43300.0,149975
2023110309,43800.0,43850.0,41500.0,41700.0,345153
2023110609,41700.0,42100.0,40400.0,41950.0,412382
2023110709,41900.0,42700.0,41350.0,42400.0,225496
2023110809,42600.0,45300.0,42400.0,45000.0,541555
2023110909,44400.0,44950.0,43800.0,44250.0,196685
2023111009,43850.0,44900.0,43500.0,43800.0,130361
2023111309,44250.0,44350.0,42650.0,42950.0,130387
2023111409,42750.0,43500.0,42350.0,42750.0,137634
2023111509,42550.0,43050.0,41700.0,42050.0,404261
2023111609,42300.0,42850.0,41900.0,42050.0,143677
2023111709,42050.0,42950.0,41950.0,42250.0,211897
2023112009,42250.0,42800.0,41300.0,42650.0,207783
2023112109,42750.0,43050.0,42000.0,42100.0,132256
2023112209,41700.0,42300.0,41450.0,41550.0,138109
2023112309,41700.0,42750.0,41250.0,41750.0,175519
2023112409,41600.0,42100.0,40950.0,41400.0,160593
2023112709,41100.0,41650.0,40400.0,40600.0,166171
2023112809,40400.0,40950.0,39350.0,40050.0,353627
2023112909,40050.0,40300.0,39300.0,40100.0,299483
2023113009,40000.0,40200.0,39350.0,39600.0,171747
2023120109,39450.0,40550.0,39400.0,40150.0,181747
2023120409,40250.0,41500.0,39700.0,39800.0,177376
2023120509,39800.0,40050.0,39250.0,39600.0,92432
2023120609,40250.0,40250.0,39550.0,39600.0,189113
2023120709,39800.0,41300.0,39650.0,41050.0,308201
2023120809,41300.0,41300.0,39550.0,40400.0,164218
2023121109,40600.0,40750.0,40150.0,40300.0,79430
2023121209,40450.0,40700.0,39900.0,40450.0,130928
2023121309,40500.0,41750.0,39950.0,41650.0,215463
2023121409,41900.0,42100.0,40950.0,41250.0,214587
2023121509,41450.0,41450.0,40050.0,40100.0,155718
2023121809,40000.0,40400.0,39650.0,40050.0,117344
2023121909,40100.0,40850.0,40050.0,40850.0,116013
2023122009,40850.0,41000.0,39850.0,40400.0,312283
2023122109,40650.0,41800.0,40450.0,41350.0,302337
2023122209,41750.0,41850.0,40800.0,41050.0,123487
2023122609,41300.0,41950.0,40800.0,40900.0,180339
2023122709,41350.0,44000.0,41050.0,43600.0,543858
2023122809,43800.0,44550.0,43250.0,44450.0,222093
