2026010210,930.35,940.85,930.35,938.4,364611
2026010211,938.26,944.12,937.91,943.16,145466
2026010212,943.16,943.16,940.85,940.85,113068
2026010213,940.82,942.57,939.71,942.57,94757
2026010214,942.32,943.96,942.08,943.33,101567
2026010509,948.56,951.53,945.27,951.35,0
2026010510,951.32,953.33,949.94,952.82,165235
2026010511,952.81,955.66,952.81,955.49,119849
2026010512,955.51,955.93,954.67,955.22,104710
2026010513,955.2,955.69,953.22,953.31,112550
2026010514,953.36,956.16,953.1,955.08,115383
2026010609,959.38,960.35,953.9,953.9,368512
2026010610,953.7,957.05,952.64,955.61,151545
2026010611,955.46,955.46,951.47,953.36,120691
2026010612,953.38,953.57,952.51,952.64,113102
2026010613,952.65,952.75,950.07,951.67,112407
2026010614,951.76,953.2,951.51,952.38,112899
2026010709,957.74,957.93,944.59,948.61,0
2026010710,948.5,949.03,941.34,942.27,180591
2026010711,942.38,948.02,942.31,948.01,114953
2026010712,947.87,948.41,944.14,944.14,123342
2026010713,943.91,943.91,937.95,941.86,129169
2026010714,941.84,945.88,941.37,944.42,95482
2026010809,950.71,951.77,945.65,946.61,347201
2026010810,946.48,948.21,944.92,945.12,159489
2026010811,945.16,946.32,943.34,943.74,102741
2026010812,943.78,945.35,943.08,943.52,102665
2026010813,943.61,946.2,943.31,946.2,91535
2026010814,946.13,948.05,945.2,945.25,101010
2026010909,944.74,945.25,936.32,942.26,354787
2026010910,942.08,942.08,935.54,941.3,145282
2026010911,941.31,944.94,941.31,943.91,95796
2026010912,943.99,945.73,943.77,945.39,84784
2026010913,945.31,946.91,944.46,946.41,90799
2026010914,946.43,946.78,943.78,945.05,97867
2026011209,948.48,957.37,943.08,955.54,0
2026011210,955.44,957.22,951.9,952.05,152878
2026011211,951.96,953.1,950.99,952.97,117842
2026011212,953.03,955.89,952.52,954.19,105896
2026011213,954.15,954.2,949.84,950.97,113535
2026011214,951.12,952.01,939.33,946.11,134937
2026011309,954.75,954.75,946.45,951.58,366275
2026011310,951.59,952.14,942.72,942.72,215572
2026011311,942.67,945.27,941.34,943.15,138003
2026011312,943.41,945.01,943.25,943.36,102848
2026011313,943.22,944.62,942.03,943.16,113062
2026011314,943.0,946.91,943.0,946.85,98445
2026011409,951.03,951.03,943.87,947.44,351840
2026011410,947.26,949.19,943.07,943.07,178009
2026011411,943.12,944.72,940.78,944.52,102622
2026011412,944.65,945.59,943.66,943.66,79244
2026011413,943.67,943.72,940.57,940.76,85482
2026011414,940.77,940.77,937.72,939.93,93641
2026011509,940.66,943.99,937.74,943.25,295002
2026011510,943.16,943.21,938.63,942.91,163127
2026011511,943.07,944.61,942.57,943.29,101932
2026011512,943.21,943.35,941.42,941.48,104602
2026011513,941.44,946.61,940.68,946.38,113545
2026011514,946.3,949.94,946.22,949.82,98991
2026011609,950.83,951.25,943.43,945.38,401330
2026011610,945.59,947.3,944.64,944.85,203484
2026011611,945.04,948.76,945.01,946.7,130896
2026011612,946.77,952.87,946.77,952.73,122845
2026011613,952.58,956.23,951.04,953.69,153143
2026011614,953.81,953.81,949.98,951.77,135133
2026011909,952.93,962.67,950.63,961.98,0
2026011910,961.94,961.94,959.66,961.38,209405
2026011911,961.8,962.27,959.99,961.35,146621
2026011912,961.24,965.59,960.49,965.33,136643
2026011913,965.43,966.82,964.76,965.58,137391
2026011914,965.38,967.69,964.98,967.5,122257
2026012009,973.17,976.6,954.64,972.13,547348
2026012010,971.91,981.16,971.77,980.46,233334
2026012011,980.8,984.83,980.15,984.37,178813
2026012012,984.35,985.35,983.3,985.24,128555
2026012013,985.19,985.79,982.0,983.28,116708
2026012014,983.36,986.23,978.91,980.85,106714
2026012109,958.05,962.13,946.13,948.84,535044
2026012110,948.66,952.95,947.39,948.97,259009
2026012111,949.01,949.01,933.31,943.51,247828
2026012112,943.43,949.51,942.83,945.71,147489
2026012113,945.6,949.32,944.91,946.22,144727
2026012114,945.88,949.08,945.69,948.23,143871
2026012209,963.77,965.13,956.09,964.12,539167
2026012210,964.21,965.68,962.32,964.15,240475
2026012211,963.99,966.08,961.65,965.71,203933
2026012212,965.82,969.69,965.47,968.55,127977
2026012213,968.77,970.36,965.97,970.36,123973
2026012214,970.23,972.38,968.54,968.54,134489
2026012309,977.15,979.74,975.25,978.13,516112
2026012310,978.07,980.26,977.54,978.66,271085
2026012311,978.83,990.08,978.83,987.52,141613
2026012312,987.35,991.73,987.35,991.6,112749
2026012313,991.71,998.32,990.53,990.53,140313
2026012314,990.52,996.93,988.51,993.32,144269
2026012609,1003.9,1033.97,1003.85,1033.88,0
2026012610,1034.14,1057.25,1027.85,1050.5,277570
2026012611,1050.28,1051.53,1041.49,1049.71,181290
2026012612,1049.77,1060.75,1049.77,1060.58,143034
2026012613,1060.64,1062.0,1048.88,1053.51,172014
2026012614,1053.25,1061.91,1049.33,1061.76,144413
2026012709,1054.19,1081.2,1054.16,1069.98,500085
2026012710,1070.59,1076.22,1068.05,1068.2,211949
2026012711,1068.29,1074.4,1068.11,1068.69,131392
2026012712,1068.63,1076.42,1068.63,1076.26,129154
2026012713,1076.28,1078.99,1074.45,1077.51,133938
2026012714,1077.5,1080.3,1077.5,1078.99,139477
2026012809,1093.47,1116.83,1092.62,1113.58,563305
2026012810,1113.09,1121.78,1109.27,1121.2,249052
2026012811,1121.27,1124.44,1117.94,1122.04,174125
2026012812,1121.94,1124.3,1114.64,1119.94,172527
2026012813,1120.17,1122.27,1117.99,1121.84,168126
2026012814,1121.92,1126.7,1118.54,1126.7,166392
2026012909,1153.43,1167.57,1108.43,1137.28,627732
2026012910,1137.8,1157.5,1124.82,1157.5,254220
2026012911,1157.7,1159.24,1146.72,1153.34,158148
2026012912,1153.12,1156.88,1150.88,1154.6,139538
2026012913,1154.86,1159.67,1152.48,1154.99,135101
2026012914,1154.83,1159.12,1153.1,1159.12,138605
2026013009,1166.23,1175.22,1155.79,1174.01,494186
2026013010,1174.13,1180.87,1160.92,1167.11,243071
2026013011,1166.94,1166.94,1146.34,1164.53,194646
2026013012,1164.51,1167.64,1156.89,1158.23,137260
2026013013,1157.96,1167.69,1157.75,1165.64,147078
2026013014,1165.37,1168.68,1162.76,1162.76,147497
2026020209,1128.57,1151.17,1114.59,1148.33,0
2026020210,1148.07,1148.89,1118.32,1124.44,215667
2026020211,1123.13,1124.72,1110.68,1112.77,125244
2026020212,1112.94,1116.45,1095.72,1096.75,152095
2026020213,1097.25,1125.81,1089.89,1117.72,141706
2026020214,1117.58,1117.58,1097.9,1102.73,96910
2026020309,1135.94,1135.94,1119.65,1130.3,415835
2026020310,1129.85,1138.96,1127.5,1131.03,185609
2026020311,1131.05,1131.18,1125.1,1129.07,127577
2026020312,1129.15,1131.2,1128.04,1129.77,93125
2026020313,1129.79,1134.65,1129.67,1134.32,107672
2026020314,1134.34,1141.85,1131.97,1140.95,146564
2026020409,1139.02,1158.74,1136.73,1148.8,460579
2026020410,1148.89,1154.24,1148.41,1154.24,192693
2026020411,1154.36,1157.82,1143.49,1143.49,136253
2026020412,1143.52,1148.42,1139.24,1143.48,101911
2026020413,1143.59,1144.82,1137.6,1144.36,103808
2026020414,1144.47,1147.45,1142.05,1146.86,118580
2026020509,1137.08,1143.21,1129.23,1129.23,500511
2026020510,1128.85,1135.99,1126.21,1126.21,216713
2026020511,1126.2,1126.37,1112.57,1112.57,178297
2026020512,1112.86,1117.35,1105.78,1105.78,119680
2026020513,1105.58,1120.03,1104.63,1119.15,157300
2026020514,1119.06,1119.22,1107.46,1107.51,126444
2026020609,1077.08,1082.1,1048.28,1082.1,533052
2026020610,1082.22,1083.36,1063.61,1081.47,248844
2026020611,1081.56,1096.16,1081.17,1086.13,179136
2026020612,1086.14,1086.81,1078.31,1084.59,142066
2026020613,1084.57,1084.57,1068.42,1069.98,155657
2026020614,1070.09,1077.57,1064.42,1076.67,136286
2026020909,1109.91,1117.26,1107.53,1112.95,0
2026020910,1112.7,1116.09,1110.29,1113.25,159019
2026020911,1113.42,1120.19,1113.38,1116.0,112672
2026020912,1116.04,1118.21,1113.84,1113.88,98357
2026020913,1113.67,1114.81,1106.07,1111.87,104536
2026020914,1111.8,1131.72,1111.37,1130.61,122587
2026021009,1132.24,1141.67,1122.32,1126.3,471112
2026021010,1126.16,1127.21,1109.44,1118.08,275691
2026021011,1118.33,1121.64,1115.96,1117.35,148940
2026021012,1117.39,1118.25,1113.98,1117.02,134435
2026021013,1117.0,1118.92,1114.31,1118.73,116251
2026021014,1118.8,1119.23,1115.77,1118.3,120342
2026021109,1120.62,1122.21,1110.53,1120.43,481962
2026021110,1120.5,1126.1,1120.39,1122.16,229192
2026021111,1122.23,1122.92,1119.16,1121.07,158896
2026021112,1120.88,1122.71,1119.65,1122.64,110460
2026021113,1122.55,1122.68,1118.3,1118.73,124550
2026021114,1118.57,1119.21,1114.73,1116.1,125187
2026021209,1122.55,1122.55,1110.18,1115.62,566408
2026021210,1115.52,1119.73,1114.34,1117.13,273261
2026021211,1117.25,1120.77,1115.8,1119.54,166160
2026021212,1119.62,1122.58,1119.14,1120.94,152718
2026021213,1120.99,1127.8,1120.13,1120.82,163476
2026021214,1120.89,1122.89,1120.19,1120.97,154759
2026021309,1113.53,1117.91,1100.74,1101.54,601511
2026021310,1101.4,1110.1,1099.62,1107.39,232889
2026021311,1107.48,1108.57,1104.87,1105.68,145388
2026021312,1106.0,1107.8,1105.65,1107.29,119560
2026021313,1107.26,1113.91,1106.85,1112.8,132772
2026021314,1112.8,1113.28,1103.08,1103.34,156103
2026021909,1122.2,1125.77,1111.28,1123.61,0
2026021910,1123.44,1152.51,1123.44,1152.2,217728
2026021911,1153.1,1156.64,1151.43,1156.39,140248
2026021912,1156.38,1159.98,1155.47,1157.1,162039
2026021913,1156.93,1157.41,1151.61,1155.8,140791
2026021914,1156.13,1163.45,1155.98,1163.31,132605
2026022009,1161.4,1162.62,1147.72,1157.14,433493
2026022010,1157.28,1159.73,1156.06,1157.25,226333
2026022011,1157.16,1159.08,1155.45,1155.59,153004
2026022012,1155.68,1157.1,1155.41,1156.96,134329
2026022013,1157.03,1157.2,1153.2,1153.55,159369
2026022014,1153.67,1154.09,1150.48,1153.64,141495
2026022309,1166.94,1169.09,1150.6,1155.62,523059
2026022310,1155.57,1174.66,1154.24,1166.08,239579
2026022311,1165.98,1165.98,1154.59,1160.11,163456
2026022312,1160.21,1163.32,1154.74,1155.93,142460
2026022313,1155.75,1158.77,1155.54,1155.93,127232
2026022314,1156.11,1156.6,1143.38,1152.29,153922
2026022409,1159.76,1161.85,1146.22,1161.78,488233
2026022410,1161.81,1162.9,1159.64,1162.85,209602
2026022411,1162.85,1165.2,1161.74,1163.48,157584
2026022412,1163.55,1163.6,1158.24,1160.87,132774
2026022413,1160.78,1161.49,1159.09,1160.1,126140
2026022414,1160.04,1164.98,1160.04,1164.49,123597
2026022509,1174.27,1174.27,1158.18,1165.62,530896
2026022510,1165.46,1169.35,1165.17,1168.1,283397
2026022511,1168.3,1168.76,1165.99,1167.35,149164
2026022512,1167.43,1167.46,1163.65,1163.72,153038
2026022513,1163.54,1167.7,1163.32,1167.08,146629
2026022514,1166.9,1167.14,1160.49,1161.65,159282
2026022609,1176.15,1176.15,1161.4,1167.04,523630
2026022610,1167.2,1173.29,1166.6,1171.63,227383
2026022611,1171.55,1188.99,1171.38,1188.31,167522
2026022612,1188.37,1190.76,1185.67,1187.45,133604
2026022613,1187.58,1190.85,1186.33,1188.5,172385
2026022614,1188.55,1190.4,1186.4,1187.52,139230
2026022709,1175.4,1193.33,1173.16,1187.33,486248
2026022710,1187.58,1187.8,1177.22,1181.78,217838
2026022711,1181.92,1196.9,1181.29,1196.9,144938
2026022712,1196.97,1197.05,1188.97,1192.76,110856
2026022713,1192.69,1195.37,1190.74,1195.29,111519
2026022714,1195.26,1201.89,1195.04,1196.4,116023
2026030309,1169.82,1187.05,1162.17,1187.05,0
2026030310,1186.53,1215.67,1186.45,1202.69,201182
2026030311,1202.6,1202.91,1173.3,1173.6,149209
2026030312,1173.57,1177.42,1156.21,1176.36,145434
2026030313,1176.14,1178.07,1153.6,1155.8,118927
2026030314,1156.39,1168.73,1150.03,1151.42,128477
2026030409,1112.08,1112.08,1068.05,1096.11,443883
2026030410,1095.54,1097.47,1059.81,1060.5,177236
2026030411,1060.19,1062.65,1017.9,1028.82,161576
2026030412,1026.61,1038.08,976.54,1038.08,279261
2026030413,1038.97,1046.7,1009.29,1009.61,133900
2026030414,1009.66,1016.59,985.59,1003.52,160505
2026030509,1023.84,1096.6,1023.84,1094.26,373980
2026030510,1093.9,1105.41,1078.11,1084.37,177839
2026030511,1084.38,1118.14,1084.38,1117.16,120769
2026030512,1117.59,1119.47,1104.02,1107.31,92487
2026030513,1107.13,1136.53,1101.06,1135.51,100096
2026030514,1135.7,1149.54,1133.8,1138.52,106740
2026030609,1117.49,1154.23,1115.43,1132.06,360812
2026030610,1131.0,1131.27,1092.43,1121.46,219458
2026030611,1121.54,1135.56,1119.88,1135.28,113710
2026030612,1135.13,1141.03,1131.32,1140.98,82469
2026030613,1141.13,1147.94,1135.27,1143.85,90139
2026030614,1143.61,1152.11,1143.61,1151.05,92736
2026030909,1096.48,1113.56,1085.29,1085.64,0
2026030910,1086.22,1092.93,1067.24,1068.17,156862
2026030911,1068.18,1098.22,1068.16,1090.38,105830
2026030912,1090.16,1093.61,1084.58,1084.58,100118
2026030913,1084.52,1087.52,1075.31,1075.33,106696
2026030914,1075.17,1102.35,1072.88,1097.91,121256
2026031009,1147.99,1157.2,1129.63,1133.82,334933
2026031010,1134.61,1153.91,1134.61,1153.49,168332
2026031011,1153.23,1155.71,1140.17,1140.27,127674
2026031012,1140.49,1144.87,1124.35,1129.32,109792
2026031013,1129.25,1136.83,1123.79,1136.09,87664
2026031014,1136.0,1140.3,1134.55,1137.17,92038
2026031109,1155.48,1163.1,1151.96,1159.72,410963
2026031110,1159.93,1167.26,1159.93,1165.72,219977
2026031111,1165.67,1166.05,1160.35,1162.01,159755
2026031112,1162.02,1164.37,1161.15,1163.74,117799
2026031113,1163.65,1164.87,1160.62,1160.8,119214
2026031114,1160.65,1161.71,1129.61,1129.61,167474
2026031209,1132.0,1150.65,1129.44,1143.99,492964
2026031210,1143.58,1149.33,1138.31,1144.02,207157
2026031211,1144.15,1144.15,1128.24,1130.5,148485
2026031212,1130.39,1133.51,1128.22,1133.12,96472
2026031213,1133.32,1141.55,1132.95,1136.23,100425
2026031214,1136.31,1147.79,1136.28,1147.36,134383
2026031309,1122.28,1144.89,1119.74,1140.38,451960
2026031310,1140.46,1157.03,1140.25,1156.78,267894
2026031311,1156.82,1158.01,1150.86,1151.83,133559
2026031312,1152.01,1153.9,1146.53,1153.03,105214
2026031313,1153.05,1153.82,1145.13,1149.94,123740
2026031314,1149.88,1156.1,1149.88,1152.73,155470
2026031609,1156.5,1157.32,1142.59,1148.58,0
2026031610,1148.48,1148.89,1132.28,1137.47,197182
2026031611,1137.51,1137.51,1124.98,1128.89,116934
2026031612,1129.18,1135.51,1128.31,1133.38,109911
2026031613,1133.56,1135.66,1129.14,1129.24,117918
2026031614,1129.28,1136.5,1129.28,1136.34,120052
2026031709,1156.83,1160.12,1150.21,1155.84,444169
2026031710,1155.99,1156.14,1149.4,1152.21,160297
2026031711,1152.4,1156.0,1152.15,1153.48,125437
2026031712,1153.52,1159.21,1153.36,1155.56,162753
2026031713,1155.75,1156.75,1152.66,1155.43,137433
2026031714,1155.4,1155.4,1145.51,1145.51,131647
2026031809,1156.46,1158.32,1151.45,1153.47,475566
2026031810,1153.33,1157.93,1149.88,1156.72,197261
2026031811,1156.87,1158.41,1155.13,1156.27,140196
2026031812,1156.34,1159.37,1154.56,1158.76,116743
2026031813,1158.74,1163.9,1158.72,1161.92,144317
2026031814,1161.87,1162.06,1158.12,1160.03,138972
2026031909,1139.12,1148.86,1138.8,1142.33,453270
2026031910,1142.42,1149.42,1141.41,1148.8,186477
2026031911,1148.47,1152.88,1146.28,1151.64,127214
2026031912,1151.65,1153.84,1149.23,1149.95,106479
2026031913,1149.82,1149.82,1143.85,1146.18,138825
2026031914,1146.13,1147.1,1142.58,1143.27,126503
2026032009,1153.67,1155.48,1144.37,1149.92,470126
2026032010,1150.13,1163.21,1150.13,1162.35,210141
2026032011,1162.27,1165.96,1161.2,1162.95,124679
2026032012,1162.93,1163.39,1159.95,1160.07,87295
2026032013,1160.22,1163.67,1160.09,1161.77,125645
2026032014,1161.66,1162.95,1156.09,1160.89,137393
2026032309,1129.86,1130.44,1102.99,1104.34,0
2026032310,1104.13,1122.86,1103.38,1119.74,142013
2026032311,1119.69,1120.84,1110.89,1112.05,103574
2026032312,1112.13,1112.38,1106.11,1106.33,87064
2026032313,1106.22,1110.06,1104.92,1108.17,94262
2026032314,1108.22,1111.76,1098.83,1099.41,134900
2026032409,1134.16,1135.71,1120.09,1120.59,463465
2026032410,1120.47,1120.81,1094.67,1097.16,209953
2026032411,1097.94,1112.54,1096.94,1107.47,128759
2026032412,1107.37,1113.5,1106.65,1113.5,110423
2026032413,1113.43,1119.81,1112.48,1117.81,116830
2026032414,1117.83,1117.89,1108.96,1115.62,137563
2026032509,1133.31,1153.83,1131.77,1153.14,428303
2026032510,1153.48,1158.46,1152.66,1155.62,163467
2026032511,1155.49,1155.49,1144.1,1144.15,140096
2026032512,1143.91,1150.88,1142.99,1150.78,92496
2026032513,1150.82,1157.48,1149.25,1156.57,116088
2026032514,1156.57,1158.01,1153.59,1157.06,117138
2026032609,1159.61,1169.46,1157.39,1165.78,478896
2026032610,1165.68,1167.31,1152.49,1154.22,171480
2026032611,1154.13,1156.43,1136.61,1138.22,142297
2026032612,1138.12,1151.52,1137.42,1150.37,93644
2026032613,1150.48,1154.06,1145.9,1146.1,87529
2026032614,1146.26,1147.45,1136.73,1136.73,114621
2026032709,1119.77,1122.1,1101.93,1104.08,532481
2026032710,1104.38,1126.5,1104.38,1126.01,244179
2026032711,1126.32,1129.49,1119.02,1124.09,118016
2026032712,1124.01,1130.11,1119.92,1130.11,117578
2026032713,1130.24,1141.71,1128.74,1141.71,187279
2026032714,1141.81,1146.07,1139.65,1140.02,174322
2026033009,1101.77,1109.38,1094.71,1097.02,0
2026033010,1097.07,1108.19,1094.48,1104.34,170234
2026033011,1104.39,1105.14,1097.84,1103.73,115946
2026033012,1104.02,1112.57,1103.72,1108.28,103299
2026033013,1108.54,1112.78,1106.73,1110.08,120731
2026033014,1110.17,1113.79,1107.67,1107.77,104913
2026033109,1099.08,1099.08,1068.55,1078.6,458643
2026033110,1078.79,1091.73,1070.09,1089.57,201015
2026033111,1089.59,1091.69,1079.49,1082.87,120145
2026033112,1082.65,1085.85,1069.03,1069.03,103695
2026033113,1068.74,1069.33,1059.88,1061.26,125950
2026033114,1060.92,1062.93,1054.39,1058.17,134595
2026040109,1090.36,1105.61,1089.31,1105.61,409959
2026040110,1105.6,1108.7,1097.38,1107.75,159372
2026040111,1107.82,1111.13,1106.6,1108.74,103508
2026040112,1108.78,1112.26,1107.35,1110.14,93533
2026040113,1110.05,1116.0,1110.05,1114.79,105456
2026040114,1114.62,1122.8,1113.45,1118.22,119139
2026040209,1130.16,1132.4,1113.37,1121.62,476616
2026040210,1121.68,1122.31,1072.52,1086.44,308168
2026040211,1086.26,1086.26,1066.18,1074.23,190657
2026040212,1073.54,1073.54,1060.0,1060.38,152796
2026040213,1060.25,1067.3,1060.06,1063.72,138463
2026040214,1063.71,1064.57,1041.25,1041.32,183741
2026040309,1079.17,1083.24,1062.93,1077.91,362755
2026040310,1078.07,1078.07,1062.63,1063.19,154762
2026040311,1062.94,1063.64,1054.12,1059.33,104391
2026040312,1059.23,1063.39,1058.89,1063.28,75743
2026040313,1063.09,1065.39,1060.53,1062.08,101003
2026040314,1062.04,1064.63,1059.99,1064.62,96111
2026040609,1068.33,1077.04,1060.56,1065.33,0
2026040610,1065.34,1065.44,1049.4,1050.59,163246
2026040611,1050.53,1061.94,1049.59,1052.54,97487
2026040612,1052.45,1052.73,1045.22,1045.87,115264
2026040613,1045.79,1049.19,1044.85,1046.43,143213
2026040614,1046.41,1049.76,1045.14,1046.58,137031
2026040709,1060.25,1068.86,1052.18,1058.19,391112
2026040710,1058.56,1058.56,1038.1,1039.06,229066
2026040711,1038.99,1041.76,1033.38,1037.93,144132
2026040712,1038.18,1039.66,1032.44,1032.44,107443
2026040713,1032.43,1035.77,1026.95,1032.15,111587
2026040714,1031.4,1034.76,1028.8,1034.61,113564
2026040809,1084.57,1088.26,1071.35,1076.05,454295
2026040810,1076.02,1080.25,1074.9,1077.29,184115
2026040811,1077.47,1081.9,1077.47,1080.18,126534
2026040812,1080.13,1081.99,1077.11,1078.78,120951
2026040813,1078.58,1084.26,1078.43,1084.02,113309
2026040814,1084.19,1086.71,1080.1,1086.44,130084
2026040909,1083.4,1091.38,1079.72,1082.32,418491
2026040910,1082.59,1083.67,1068.82,1078.08,204666
2026040911,1078.28,1080.05,1075.33,1076.41,137152
2026040912,1076.42,1076.67,1073.53,1074.16,94195
2026040913,1074.15,1074.82,1069.96,1073.22,128377
2026040914,1073.1,1073.33,1069.06,1071.57,155556
2026041009,1089.14,1095.32,1082.92,1095.32,590888
2026041010,1095.66,1096.57,1090.21,1091.1,210157
2026041011,1091.06,1092.31,1088.96,1092.07,129975
2026041012,1092.07,1092.51,1090.34,1092.16,139397
2026041013,1092.22,1094.41,1091.74,1094.41,189025
2026041014,1094.4,1098.43,1094.4,1095.22,166557
2026041309,1076.85,1098.85,1074.84,1098.85,0
2026041310,1098.91,1100.16,1095.98,1098.45,209077
2026041311,1098.4,1099.27,1096.23,1098.64,135793
2026041312,1098.6,1098.73,1093.65,1097.69,130547
2026041313,1097.78,1100.49,1096.6,1100.48,153063
2026041314,1100.42,1101.11,1098.84,1099.34,114392
2026041409,1120.61,1125.06,1118.05,1123.92,526611
2026041410,1123.98,1125.43,1121.72,1123.96,298678
2026041411,1123.88,1125.92,1123.35,1124.75,118980
2026041412,1124.7,1125.5,1122.98,1123.56,138909
2026041413,1123.61,1123.74,1120.65,1121.5,146108
2026041414,1121.44,1123.89,1120.74,1121.71,125448
2026041509,1140.62,1143.87,1135.35,1143.8,611151
2026041510,1144.2,1148.51,1142.16,1147.16,219385
2026041511,1147.19,1149.37,1146.88,1148.69,147472
2026041512,1148.65,1152.36,1148.65,1151.93,143656
2026041513,1151.97,1156.02,1151.86,1155.97,138713
2026041514,1155.85,1155.88,1142.78,1148.06,187765
2026041609,1163.0,1167.21,1156.31,1165.97,623859
2026041610,1165.89,1166.93,1163.96,1166.3,255775
2026041611,1166.27,1166.54,1164.83,1165.95,177183
2026041612,1166.02,1168.77,1165.74,1168.11,181015
2026041613,1168.07,1168.15,1161.05,1161.46,282715
2026041614,1161.33,1162.97,1158.89,1161.7,281661
2026041709,1166.78,1167.45,1156.02,1166.83,718302
2026041710,1166.98,1166.98,1160.97,1163.9,317988
2026041711,1164.0,1166.93,1163.79,1166.07,198014
2026041712,1166.02,1170.23,1165.01,1169.84,156559
2026041713,1169.92,1170.63,1168.09,1168.16,164347
2026041714,1168.05,1168.24,1165.97,1168.19,162860
2026042009,1167.1,1180.59,1161.0,1179.79,0
2026042010,1179.98,1186.2,1179.48,1180.22,233879
2026042011,1180.11,1181.96,1179.84,1180.25,156416
2026042012,1180.2,1180.63,1176.97,1177.06,129762
2026042013,1176.82,1178.47,1176.59,1178.0,57936
2026042109,1186.23,1187.0,1172.96,1173.51,586166
2026042110,1173.13,1176.19,1172.18,1172.38,271391
2026042111,1172.46,1175.9,1172.41,1172.75,194886
2026042112,1172.83,1174.33,1172.55,1174.13,145660
2026042113,1174.25,1174.91,1173.58,1174.16,144420
2026042114,1174.13,1176.8,1173.76,1176.32,148974
2026042209,1176.83,1176.85,1168.77,1168.77,585312
2026042210,1168.49,1169.94,1160.5,1168.97,235644
2026042211,1168.89,1169.91,1167.38,1168.45,132532
2026042212,1168.58,1169.24,1167.32,1169.12,141526
2026042213,1169.08,1172.4,1168.82,1169.17,120294
2026042214,1169.07,1177.67,1169.07,1177.56,118654
2026042309,1189.1,1189.49,1171.1,1175.79,635285
2026042310,1175.74,1182.96,1170.51,1182.09,255607
2026042311,1181.98,1182.06,1169.51,1169.51,174229
2026042312,1169.4,1169.4,1152.34,1163.01,242312
2026042313,1162.82,1170.67,1158.9,1170.55,132036
2026042314,1170.6,1172.95,1169.71,1172.59,157001
2026042409,1176.42,1190.73,1172.32,1190.73,538958
2026042410,1191.1,1194.81,1186.7,1194.81,219304
2026042411,1194.76,1197.72,1193.68,1196.13,176556
2026042412,1196.19,1199.37,1195.22,1195.22,153315
2026042413,1195.03,1201.17,1192.16,1200.02,130622
2026042414,1200.1,1202.54,1198.43,1202.37,106620
2026042709,1213.13,1223.86,1209.28,1223.76,0
2026042710,1223.7,1225.18,1221.56,1224.94,263068
2026042711,1224.86,1226.33,1223.82,1224.41,162168
2026042712,1224.37,1228.73,1224.37,1228.01,121136
2026042713,1228.01,1229.42,1224.24,1224.91,120512
2026042714,1225.04,1226.18,1220.97,1224.17,143973
2026042809,1226.76,1226.76,1207.47,1212.73,505169
2026042810,1212.9,1217.86,1211.99,1211.99,295371
2026042811,1212.03,1216.59,1209.73,1214.87,201459
2026042812,1214.87,1220.21,1214.86,1219.94,113517
2026042813,1219.93,1221.25,1217.87,1219.78,152100
2026042814,1219.92,1220.59,1213.44,1217.04,153934
2026042909,1213.28,1220.94,1210.12,1213.16,449781
2026042910,1213.18,1213.2,1206.11,1212.21,234893
2026042911,1212.47,1213.22,1209.89,1211.66,138799
2026042912,1211.72,1217.04,1211.66,1216.91,129291
2026042913,1216.93,1218.17,1215.86,1216.24,117458
2026042914,1216.32,1219.25,1214.72,1219.25,112273
2026043009,1224.75,1225.26,1207.27,1209.99,498690
2026043010,1210.12,1211.32,1203.83,1210.58,221903
2026043011,1210.66,1212.94,1202.35,1204.02,146646
2026043012,1203.96,1205.03,1200.44,1203.08,138245
2026043013,1203.11,1203.49,1189.53,1189.66,165456
2026043014,1189.52,1197.36,1189.52,1195.17,130731
2026050409,1212.28,1222.65,1211.63,1220.73,474441
2026050410,1220.68,1221.1,1214.54,1217.01,186325
2026050411,1217.03,1217.1,1212.05,1212.87,120768
2026050412,1212.82,1215.2,1212.82,1214.3,110036
2026050413,1214.12,1215.14,1212.43,1213.05,105535
2026050414,1213.05,1214.09,1211.39,1213.6,107743
2026050609,1220.9,1220.9,1197.01,1207.8,532769
2026050610,1207.65,1208.27,1203.98,1204.39,217988
2026050611,1204.45,1205.21,1201.1,1203.7,133218
2026050612,1203.57,1204.26,1200.77,1204.07,166700
2026050613,1204.04,1204.58,1200.55,1201.58,161027
2026050614,1201.45,1205.6,1200.81,1205.43,136937
2026050709,1210.83,1219.58,1199.36,1201.92,595113
2026050710,1201.78,1206.52,1196.63,1205.7,213528
2026050711,1205.84,1206.06,1198.84,1200.41,141024
2026050712,1200.35,1201.01,1197.36,1199.82,109400
2026050713,1199.79,1201.1,1198.25,1198.95,145787
2026050714,1198.84,1201.81,1197.93,1201.04,132239
2026050809,1199.47,1215.59,1199.47,1203.27,451058
2026050810,1203.09,1207.18,1198.56,1198.62,217005
2026050811,1198.38,1200.28,1194.56,1197.94,128517
2026050812,1197.94,1203.49,1197.72,1202.93,103543
2026050813,1202.88,1206.48,1201.86,1205.93,133393
2026050814,1206.21,1206.66,1201.94,1205.28,127933
2026051109,1212.88,1212.89,1190.6,1194.74,0
2026051110,1195.09,1206.64,1194.38,1204.41,215165
2026051111,1204.44,1208.06,1203.89,1207.03,161550
2026051112,1207.0,1211.38,1206.74,1210.02,120014
2026051113,1210.35,1211.05,1205.8,1206.9,125507
2026051114,1206.89,1207.21,1202.94,1207.09,127860
2026051209,1214.9,1225.29,1212.47,1217.52,481986
2026051210,1217.65,1218.02,1142.49,1160.17,368387
2026051211,1160.4,1189.58,1158.72,1189.58,136709
2026051212,1189.46,1190.91,1181.17,1183.75,105322
2026051213,1183.83,1187.89,1168.98,1168.98,196540
2026051214,1168.82,1178.16,1164.8,1177.44,154566
2026051309,1176.43,1176.43,1153.65,1157.97,420266
2026051310,1158.14,1183.07,1157.12,1171.69,189867
2026051311,1172.22,1173.71,1164.83,1169.37,119675
2026051312,1169.16,1175.19,1168.4,1174.34,100342
2026051313,1174.26,1174.26,1169.37,1172.28,105020
2026051314,1172.18,1173.83,1169.33,1171.65,125931
2026051409,1187.02,1194.03,1171.76,1176.55,371185
2026051410,1176.19,1176.19,1163.55,1163.55,157358
2026051411,1163.5,1171.78,1162.2,1165.55,120878
2026051412,1165.6,1168.83,1164.9,1166.55,80441
2026051413,1166.55,1175.44,1164.82,1174.85,87243
2026051414,1174.74,1185.06,1169.81,1185.03,110468
2026051509,1197.23,1197.23,1174.99,1178.28,406315
2026051510,1178.28,1178.28,1158.54,1158.6,174026
2026051511,1158.24,1163.21,1147.9,1159.61,127951
2026051512,1159.6,1162.04,1153.4,1160.29,80443
2026051513,1160.16,1160.16,1139.3,1139.3,98173
2026051514,1139.2,1145.19,1114.74,1115.35,127511
2026051809,1122.57,1122.57,1071.66,1091.57,0
2026051810,1091.9,1110.97,1084.94,1108.56,151814
2026051811,1107.7,1118.85,1103.36,1104.26,101841
2026051812,1104.14,1114.32,1103.5,1113.87,87656
2026051813,1113.75,1118.12,1105.72,1109.71,81019
2026051814,1109.65,1113.02,1102.04,1109.76,99150
2026051909,1111.36,1122.85,1089.68,1089.68,381481
2026051910,1089.3,1090.62,1068.9,1069.04,184405
2026051911,1068.84,1073.55,1063.28,1071.35,115061
2026051912,1071.53,1080.63,1068.93,1076.56,143608
2026051913,1076.71,1076.86,1068.67,1073.4,125601
2026051914,1073.49,1090.11,1073.49,1088.19,96027
2026052009,1081.04,1081.04,1038.23,1053.54,432887
2026052010,1053.54,1063.83,1048.91,1059.99,214994
2026052011,1060.27,1066.5,1044.36,1045.26,148352
2026052012,1045.61,1047.86,1040.02,1046.06,139120
2026052013,1045.76,1052.73,1045.76,1047.65,104563
2026052014,1047.66,1056.74,1047.66,1052.22,119195
2026052109,1085.3,1115.66,1085.3,1114.86,332641
2026052110,1114.84,1115.47,1103.34,1107.2,154674
2026052111,1107.19,1111.95,1106.3,1111.58,97471
2026052112,1111.42,1112.17,1108.84,1110.38,87830
2026052113,1110.44,1111.83,1107.47,1108.47,98758
2026052114,1108.34,1108.35,1102.61,1106.15,95647
2026052209,1119.43,1162.62,1119.43,1161.02,397617
2026052210,1160.8,1165.09,1156.11,1156.11,181225
2026052211,1155.96,1161.98,1155.21,1159.18,116668
2026052212,1159.05,1164.04,1158.35,1163.55,87600
2026052213,1163.63,1165.8,1162.13,1164.28,88439
2026052214,1164.17,1164.72,1157.69,1157.69,92284
2026052609,1189.28,1205.12,1185.19,1185.19,0
2026052610,1185.04,1187.5,1173.98,1181.1,207724
2026052611,1181.12,1182.12,1176.98,1177.48,139552
2026052612,1177.43,1178.08,1175.76,1177.68,112761
2026052613,1177.66,1178.79,1174.25,1176.86,113599
2026052614,1177.05,1177.52,1171.27,1172.75,104741
2026052709,1173.8,1173.8,1139.34,1152.77,488502
2026052710,1152.65,1167.31,1152.6,1153.82,190081
2026052711,1153.98,1155.81,1144.26,1145.45,138339
2026052712,1145.39,1148.18,1143.12,1143.35,102941
2026052713,1143.01,1147.07,1134.79,1135.61,116095
2026052714,1135.54,1140.53,1128.75,1135.1,121082
2026052809,1135.84,1136.13,1110.46,1114.32,344018
2026052810,1114.17,1114.17,1095.61,1102.03,152244
2026052811,1102.28,1103.48,1091.56,1091.65,97468
2026052812,1091.43,1091.99,1073.67,1076.08,116814
2026052813,1075.52,1075.67,1066.79,1072.81,101796
2026052814,1073.1,1096.49,1069.99,1096.03,96597
2026052909,1112.15,1112.15,1065.81,1066.44,302497
2026052910,1066.85,1069.95,1059.48,1064.78,136160
2026052911,1065.13,1074.89,1058.13,1074.03,94613
2026052912,1074.24,1080.92,1074.12,1074.48,77754
2026052913,1074.48,1076.26,1068.74,1068.77,85018
2026052914,1068.77,1075.24,1068.77,1072.34,79356
2026060109,1072.77,1082.75,1048.93,1067.18,0
2026060110,1067.05,1067.17,1049.82,1050.14,129439
2026060111,1050.04,1056.24,1050.01,1052.19,93489
2026060112,1052.2,1052.2,1048.92,1049.24,78421
2026060113,1049.22,1049.72,1044.84,1044.84,87298
2026060114,1044.79,1053.24,1043.91,1048.48,91440
2026060209,1044.89,1045.77,1009.75,1012.48,291027
2026060210,1013.13,1023.65,1012.53,1012.86,128405
2026060211,1012.61,1026.54,1010.65,1026.07,73434
2026060212,1025.88,1026.6,1015.56,1019.02,61801
2026060213,1018.99,1022.55,1017.26,1021.47,79443
2026060214,1021.3,1038.31,1019.35,1027.56,85625
2026060409,1032.91,1060.94,1032.29,1054.29,251263
2026060410,1053.16,1065.9,1051.56,1061.36,102262
2026060411,1061.41,1063.89,1054.51,1055.11,61585
2026060412,1054.94,1055.68,1051.75,1054.76,43818
2026060413,1054.84,1059.69,1053.12,1053.16,50034
2026060414,1053.29,1053.29,1044.37,1045.16,60759
2026060509,1035.22,1035.22,996.76,996.85,269198
2026060510,996.73,1015.89,992.8,1015.89,113709
2026060511,1015.93,1020.5,1012.16,1013.43,70520
2026060512,1013.29,1016.99,1005.36,1005.7,58377
2026060513,1005.9,1009.66,1003.09,1009.36,80478
2026060514,1009.11,1013.96,1004.49,1004.85,83504
2026060809,959.61,959.61,924.53,945.09,0
2026060810,945.0,950.86,925.34,931.96,99400
2026060811,931.99,945.73,930.8,940.99,62623
2026060812,940.84,941.39,937.11,938.76,58336
2026060813,939.06,942.28,928.67,928.84,64970
2026060814,928.8,933.22,921.78,921.88,0
2026060909,937.69,971.4,937.04,970.17,252309
2026060910,969.73,969.73,944.75,962.29,107294
2026060911,962.32,967.03,960.72,966.67,50496
2026060912,966.93,973.54,965.04,973.17,43181
2026060913,973.33,978.83,969.56,977.74,58385
2026060914,977.59,981.24,965.08,966.87,66723
2026061009,958.58,983.25,957.0,964.0,244415
2026061010,964.42,982.13,964.42,974.83,75661
2026061011,974.7,974.7,958.83,959.71,71523
2026061012,959.57,964.66,952.13,952.92,52642
2026061013,952.9,953.89,935.66,937.53,67310
2026061014,937.58,949.74,932.27,940.51,62831
2026061109,937.17,964.76,921.08,964.53,175873
2026061110,965.2,973.28,961.54,961.54,86669
2026061111,961.37,967.14,953.69,960.88,70766
2026061112,960.98,975.43,959.83,974.4,62164
2026061113,974.46,990.3,972.13,987.14,78386
2026061114,986.56,991.13,978.94,986.17,87693
2026061209,1027.05,1038.77,1021.85,1033.99,227168
2026061210,1033.85,1038.83,1023.45,1038.25,93421
2026061211,1038.25,1042.84,1037.54,1042.82,67174
2026061212,1042.88,1045.66,1040.82,1044.03,52293
2026061213,1044.06,1049.7,1041.2,1049.44,64003
2026061214,1049.55,1049.55,1022.02,1023.0,90321
2026061509,1048.19,1054.32,1034.21,1038.16,0
2026061510,1038.07,1038.36,1025.82,1028.95,83813
2026061511,1028.6,1037.48,1025.42,1037.13,58715
2026061512,1037.18,1037.18,1033.7,1036.42,54056
2026061513,1036.63,1036.8,1030.53,1033.37,54248
2026061514,1033.25,1037.48,1029.04,1032.04,60333
2026061609,1039.0,1040.86,1017.57,1020.26,238280
2026061610,1020.25,1023.04,1016.39,1018.89,89080
2026061611,1019.06,1021.9,1016.54,1018.34,53549
2026061612,1018.24,1021.1,1017.19,1018.4,57033
2026061613,1018.26,1022.98,1016.48,1022.87,76574
2026061614,1022.67,1022.67,1015.73,1016.17,72126
2026061709,1019.88,1026.28,1008.57,1015.6,192001
2026061710,1015.19,1031.32,1015.19,1030.08,87756
2026061711,1029.99,1036.02,1028.67,1033.74,66066
2026061712,1033.8,1039.55,1032.16,1038.03,52930
2026061713,1037.95,1038.94,1027.37,1027.7,81517
2026061714,1027.77,1031.83,1026.63,1030.74,55671
2026061809,1029.81,1031.54,1006.59,1008.08,206226
2026061810,1007.92,1011.19,1003.03,1004.4,108783
2026061811,1004.39,1008.3,1001.41,1001.59,70529
2026061812,1001.45,1003.71,998.98,999.64,60383
2026061813,999.53,1005.47,996.93,1005.47,56445
2026061814,1006.02,1006.47,999.85,1002.9,66091
2026061909,1001.4,1001.4,982.39,983.13,283102
2026061910,983.15,986.45,975.91,975.93,105653
2026061911,975.87,976.33,970.75,970.97,80135
2026061912,971.04,972.27,951.33,953.04,148472
2026061913,953.88,955.81,948.77,950.57,117089
2026061914,950.99,959.79,946.15,959.32,92147
2026062209,957.49,979.58,954.16,970.25,0
2026062210,970.12,970.51,955.1,956.14,103007
2026062211,956.1,959.05,954.97,956.51,77114
2026062212,956.63,957.53,952.75,953.0,62658
2026062213,952.91,954.07,944.31,952.35,76000
2026062214,952.27,964.74,951.86,961.75,66628
2026062309,958.64,971.69,934.16,935.1,239454
2026062310,934.95,943.04,919.66,919.81,127319
2026062311,919.74,923.42,916.97,920.25,90859
2026062312,920.3,920.3,906.74,918.76,90556
2026062313,918.93,920.0,909.75,910.05,76439
2026062314,909.92,911.63,900.25,900.64,94572
2026062409,905.13,914.75,888.18,911.58,203582
2026062410,911.12,917.98,900.46,917.17,101641
2026062411,917.2,922.12,890.94,890.94,83159
2026062412,890.49,901.5,886.17,900.72,73589
2026062413,900.65,903.06,889.73,901.91,63689
2026062414,901.92,911.22,901.92,903.79,68746
2026062509,923.66,930.81,903.87,904.35,202892
2026062510,904.91,909.28,901.96,901.96,93370
2026062511,901.95,903.01,897.01,898.83,75419
2026062512,898.7,901.23,893.79,895.46,80897
2026062513,895.62,896.71,888.43,889.03,69085
2026062514,888.85,891.58,884.05,889.11,70096
2026062609,884.43,887.43,860.71,866.05,222703
2026062610,865.75,885.01,865.25,873.31,108014
2026062611,873.83,875.08,848.6,850.44,96153
2026062612,850.15,850.15,838.53,848.89,97385
2026062613,849.02,851.64,838.87,841.14,78518
2026062614,841.52,854.92,841.04,848.36,74960
2026062909,860.4,907.69,859.33,902.63,0
2026062910,902.83,915.04,897.92,908.68,85813
2026062911,908.87,911.37,902.67,909.18,54987
2026062912,909.37,913.09,906.79,912.13,49685
2026062913,912.42,915.08,906.47,908.72,62561
2026062914,908.71,922.78,908.0,922.55,76319
2026063009,925.21,935.27,912.04,921.43,240810
2026063010,922.45,925.87,913.84,920.97,90719
2026063011,921.05,921.22,910.3,910.4,70690
2026063012,910.54,920.12,910.54,918.27,62938
2026063013,918.2,922.18,915.24,922.17,64652
2026063014,922.33,924.73,917.86,920.7,77491
2026070109,924.09,955.45,905.87,950.38,211914
2026070110,950.17,950.17,931.52,934.48,104910
2026070111,934.26,934.85,918.65,930.73,78805
2026070112,930.84,935.56,930.34,934.23,49824
2026070113,934.36,934.36,927.43,927.64,57381
2026070114,927.68,932.2,923.49,928.29,60150
2026070209,904.53,904.53,879.07,883.97,0
2026070210,884.54,899.08,882.04,898.83,95558
2026070211,898.74,899.48,888.33,889.74,62391
2026070212,889.85,890.32,881.9,881.9,58795
2026070213,882.06,882.72,873.98,881.43,56549
2026070214,881.27,882.97,869.45,869.45,59562
2026070309,875.18,875.39,823.98,824.57,0
2026070310,824.29,848.75,824.29,840.78,86130
2026070311,840.96,848.93,839.06,846.78,59804
2026070312,846.71,846.71,838.07,845.09,67218
2026070313,845.48,861.23,845.48,861.23,63037
2026070314,861.29,867.05,856.84,862.19,80242
2026070609,866.4,872.12,851.76,853.98,0
2026070610,853.96,854.22,834.02,836.0,86918
2026070611,836.11,839.29,825.73,830.24,64487
2026070612,830.06,838.54,829.93,835.27,51076
2026070613,835.15,848.11,832.19,847.54,65483
2026070614,847.57,847.57,837.2,844.54,65665
2026070709,843.74,866.59,839.63,850.75,0
2026070710,850.45,851.88,832.91,840.65,89854
2026070711,840.69,842.13,828.11,828.11,61754
2026070712,828.1,830.79,819.89,821.14,66741
2026070713,821.03,824.68,815.83,816.38,65696
2026070714,816.41,828.28,812.7,828.23,58566
2026070809,816.39,822.59,805.47,822.59,180558
2026070810,822.91,823.33,802.14,802.2,81688
2026070811,802.13,803.23,795.35,797.87,64860
2026070812,797.85,805.81,797.85,798.24,55107
2026070813,798.19,798.21,778.7,786.57,78748
2026070814,786.94,790.0,779.43,784.66,68217
2026070909,792.99,812.43,783.33,806.08,141086
2026070910,805.96,819.69,801.03,802.18,74244
2026070911,801.79,808.36,784.23,785.0,62519
2026070912,784.99,797.66,778.17,795.46,49824
2026070913,795.53,796.86,786.73,790.85,35507
2026070914,790.74,796.54,782.78,796.54,47078
2026071009,807.0,830.49,800.39,826.19,164346
2026071010,826.19,841.54,825.74,836.6,80293
2026071011,836.72,844.23,832.23,843.28,59071
2026071012,843.4,845.4,841.0,841.93,47057
2026071013,841.91,845.88,839.03,839.5,51866
2026071014,839.42,844.04,835.71,843.48,53864
2026071309,839.72,867.38,838.89,847.66,0
2026071310,847.7,848.89,821.45,822.2,90191
2026071311,822.17,829.83,817.61,818.35,48994
2026071312,818.2,818.36,806.91,807.15,54789
2026071313,807.06,807.3,800.19,804.16,56174
2026071314,802.75,809.2,797.34,803.31,59701
2026071409,797.16,802.53,777.22,792.43,174000
2026071410,792.39,794.25,771.2,771.2,72462
2026071411,771.41,773.56,759.93,764.32,60280
2026071412,764.17,766.04,749.76,763.43,66385
2026071413,763.5,775.73,755.76,775.66,60025
2026071414,775.16,785.64,772.99,777.82,50519
2026071509,805.71,828.44,805.59,828.44,164585
2026071510,828.41,828.51,813.64,822.39,81572
2026071511,822.41,823.86,819.89,820.6,47168
2026071512,820.49,825.55,819.89,825.52,42958
2026071513,825.4,828.27,825.4,827.05,68967
2026071514,827.22,829.1,817.06,829.08,57529
2026071609,813.32,816.47,795.63,795.63,190835
2026071610,795.99,798.92,789.77,791.89,79442
2026071611,791.93,798.09,786.59,797.54,54686
2026071612,797.26,798.91,792.69,795.49,48963
2026071613,795.51,796.59,791.03,792.64,51448
2026071614,792.66,804.78,790.8,790.89,60435
2026072009,773.21,783.74,764.44,764.44,156826
2026072010,764.49,769.38,752.0,753.85,91725
2026072011,753.67,757.99,748.24,754.04,71245
2026072012,753.94,756.6,749.4,752.95,55795
2026072013,753.06,758.69,747.93,755.17,52606
2026072014,755.2,755.31,748.71,749.93,61181
2026072109,750.07,750.07,731.82,732.73,157066
2026072110,732.64,745.94,730.81,734.36,79499
2026072111,734.62,741.24,732.92,740.9,52415
2026072112,740.99,757.57,740.92,757.15,61192
2026072113,756.98,758.36,751.02,751.04,59928
2026072114,750.92,757.59,744.31,755.86,56689
2026072209,772.41,789.23,767.77,772.68,190152
2026072210,772.95,779.22,770.78,776.23,81720
2026072211,776.3,776.31,767.47,767.47,46356
2026072212,767.67,773.64,763.77,771.7,43242
2026072213,771.8,777.62,767.83,770.25,45315
2026072214,770.42,770.82,757.1,759.62,58113
2026072309,763.51,780.37,760.96,777.39,175247
2026072310,777.1,778.9,765.6,767.71,79687
2026072311,767.47,771.07,760.83,768.42,64439
2026072312,768.32,775.28,766.53,775.0,41435
2026072313,775.33,779.54,772.56,777.04,42837
2026072314,777.05,788.2,775.26,787.95,53760
2026072409,777.5,777.5,763.07,768.96,196064
2026072410,768.98,773.33,765.17,765.2,72936
2026072411,765.29,765.29,749.6,750.2,56700
2026072412,750.11,752.84,747.66,747.66,51260
2026072413,747.78,755.04,746.5,754.16,42989
2026072414,754.34,757.82,748.3,748.99,45072
2026072709,760.54,780.39,753.73,773.97,0
2026072710,773.71,774.32,757.9,765.91,71543
2026072711,765.81,766.14,760.64,760.73,43813
2026072712,760.63,765.69,758.13,758.95,40078
2026072713,759.1,764.58,758.9,762.73,40551
2026072714,762.47,766.75,761.53,762.27,46283
2026072809,742.13,742.13,716.77,716.85,183542
2026072810,716.77,720.11,712.34,712.53,75208
2026072811,712.23,712.23,703.63,703.63,65169
2026072812,703.72,709.14,701.33,708.87,35603
2026072813,708.68,708.68,704.25,705.79,47458
2026072814,705.91,707.44,697.45,697.76,62818
2026072909,713.71,719.39,693.13,694.32,165418
2026072910,694.33,698.05,668.68,669.48,112491
2026072911,669.14,669.95,652.68,652.68,91565
2026072912,652.57,658.54,643.26,644.4,48805
2026072913,644.38,650.3,630.99,650.3,100607
2026072914,649.55,662.8,647.74,655.56,71688
2026073009,654.72,675.91,648.81,651.64,150503
2026073010,652.71,677.19,651.72,669.86,66770
2026073011,669.12,671.88,650.09,650.34,52682
2026073012,650.41,655.36,645.38,651.25,50718
2026073013,651.4,653.55,645.94,646.01,48934
2026073014,645.98,651.0,642.95,645.05,51833
2026073109,666.47,703.33,663.25,703.14,147863
2026073110,703.16,709.22,694.52,700.24,82628
2026073111,700.2,706.48,695.96,705.66,47069
2026073112,705.6,707.29,703.54,707.02,35294
2026073113,707.04,712.61,705.59,711.46,40753
2026073114,711.46,723.56,711.46,723.56,55047
2026080309,709.99,739.08,705.07,738.96,0
2026080310,739.37,752.0,735.25,751.7,73236
2026080311,751.74,757.6,746.92,748.25,45871
2026080312,748.36,750.89,743.56,745.64,39441
2026080313,745.63,745.63,735.97,736.07,43706
2026080314,736.48,740.37,735.74,736.33,44167
2026080409,748.19,774.93,748.19,756.43,166568
2026080410,756.62,780.63,754.33,777.83,72983
2026080411,777.68,777.68,771.17,773.01,48890
2026080412,773.06,776.07,767.6,775.84,49848
2026080413,775.5,777.73,770.74,772.53,53690
2026080414,772.87,779.59,768.66,779.44,53201
2026080509,794.93,803.49,783.32,802.45,223409
2026080510,802.33,802.33,791.48,797.01,88809
2026080511,797.08,800.07,796.49,798.81,56433
2026080512,798.75,800.92,797.71,798.93,53560
2026080513,799.01,800.5,795.4,797.55,64799
2026080514,797.7,800.39,797.34,799.89,62494
2026080609,797.44,806.68,785.78,791.27,214651
2026080610,791.36,794.02,779.08,785.44,88552
2026080611,785.37,806.36,784.54,802.69,68404
2026080612,802.65,805.9,795.44,799.97,49099
2026080613,800.14,811.18,797.34,811.18,50330
2026080614,811.03,813.54,801.26,806.08,51405
2026080709,807.62,814.8,792.92,799.96,204991
2026080710,800.15,800.87,776.6,780.96,89343
2026080711,781.04,784.16,778.76,782.15,48291
2026080712,782.11,784.26,779.41,779.41,42814
2026080713,779.33,786.95,779.05,786.4,37915
2026080714,786.57,793.69,786.57,792.79,53413
2026081009,807.66,839.72,807.66,838.31,0
2026081010,838.6,852.98,838.19,846.3,100376
2026081011,846.1,850.14,843.92,847.92,55063
2026081012,847.76,849.25,847.06,848.31,46717
2026081013,848.34,851.21,841.79,841.86,58320
2026081014,842.07,850.01,842.07,850.01,57267
2026081109,848.59,875.16,840.45,870.86,206349
2026081110,870.59,872.39,848.18,848.23,97187
2026081111,847.6,854.44,846.73,850.64,51529
2026081112,850.79,853.05,846.04,848.27,45782
2026081113,848.17,851.06,847.69,851.02,45668
2026081114,851.21,855.99,851.21,854.7,48811
2026081209,854.85,854.86,839.86,854.86,190657
2026081210,854.71,859.66,852.3,855.35,85721
2026081211,855.5,858.03,853.38,856.85,62923
2026081212,856.97,859.76,856.51,859.73,56065
2026081213,859.86,860.76,855.84,858.71,54930
2026081214,858.68,860.62,856.46,859.82,61855
2026081309,863.15,870.61,853.09,870.46,219093
2026081310,870.91,870.96,865.3,868.21,102691
2026081311,868.11,870.63,866.37,867.35,70485
2026081312,867.39,868.37,865.75,865.75,63152
2026081313,865.79,866.38,863.25,865.02,69130
2026081314,864.98,866.81,859.66,859.66,107482
2026081409,868.07,879.29,853.4,854.58,251959
2026081410,854.69,854.69,845.41,853.92,111812
2026081411,854.15,857.04,849.26,849.45,70111
2026081412,849.45,857.34,849.45,857.16,70477
2026081413,857.19,861.93,856.06,859.95,73479
2026081414,860.09,863.61,857.16,863.5,66124
2026081809,866.59,869.02,852.82,866.86,0
2026081810,867.05,872.59,856.92,860.02,104950
2026081811,860.46,863.35,845.95,849.54,90399
2026081812,849.63,851.09,842.61,847.55,71745
2026081813,847.2,850.63,845.25,850.51,60733
2026081814,850.49,850.49,834.26,834.26,77972
2026081909,810.08,833.42,804.02,829.31,205717
2026081910,828.98,840.5,828.14,831.69,97632
2026081911,831.5,834.81,825.23,832.78,61304
2026081912,832.81,836.41,831.35,831.55,64643
2026081913,831.52,832.64,826.98,828.36,69174
2026081914,828.31,833.33,824.35,824.35,61051
2026082009,843.99,850.77,835.33,840.39,185700
2026082010,840.45,844.03,835.93,840.06,84189
2026082011,840.09,841.48,837.17,838.44,66091
2026082012,838.53,843.09,837.56,842.08,47508
2026082013,842.0,842.11,838.58,838.66,63011
2026082014,838.58,840.51,834.69,838.29,60894
2026082109,824.05,824.05,802.83,803.38,185694
2026082110,803.28,804.13,795.6,796.67,113583
2026082111,796.59,801.28,795.57,801.14,62657
2026082112,801.12,803.01,798.29,801.99,50719
2026082113,801.93,805.94,800.12,805.01,60174
2026082114,804.95,804.95,799.63,799.63,56410
2026082409,804.27,817.51,804.27,817.23,0
2026082410,817.12,820.65,811.43,811.43,82517
2026082411,811.28,821.96,810.15,818.82,54497
2026082412,818.91,818.92,808.43,808.72,57830
2026082413,808.79,815.57,808.07,814.18,50103
2026082414,814.04,815.75,811.53,813.91,55976
2026082509,806.93,807.7,781.89,799.62,172908
2026082510,799.41,801.97,789.07,798.75,72652
2026082511,798.6,801.86,797.57,798.73,61619
2026082512,798.76,812.5,798.76,811.61,45920
2026082513,811.68,819.42,811.68,818.39,47183
2026082514,818.47,823.16,817.9,822.74,47776
2026082609,824.77,832.21,815.89,816.25,162976
2026082610,815.94,822.23,815.53,822.22,60886
2026082611,822.25,825.31,820.69,821.86,41190
2026082612,821.86,827.39,821.21,827.1,33928
2026082613,827.07,828.79,825.51,825.51,48153
2026082614,825.56,827.22,822.09,827.17,52023
2026082709,828.42,835.65,824.22,825.4,191759
2026082710,825.46,834.1,824.77,833.06,67365
2026082711,833.04,836.03,832.53,835.13,49599
2026082712,834.99,839.57,834.66,835.93,43426
2026082713,836.01,836.87,832.92,835.35,47014
2026082714,835.22,837.13,833.23,835.94,69180
2026082809,835.23,840.85,829.79,834.81,178353
2026082810,834.65,834.65,829.59,831.37,75876
2026082811,831.43,837.36,831.43,835.09,45101
2026082812,835.15,838.02,834.24,838.02,43149
2026082813,838.03,840.67,836.47,839.73,44195
2026082814,839.77,839.81,834.47,836.33,54536
2026083109,821.67,821.67,805.14,811.99,0
2026083110,812.11,812.11,807.16,810.58,67199
2026083111,810.83,816.54,810.04,816.51,54073
2026083112,816.57,821.36,816.57,819.95,37679
2026083113,819.86,828.82,819.79,827.56,42571
2026083114,827.5,831.89,826.98,830.15,49039
2026090109,831.96,833.52,819.74,824.21,215227
2026090110,824.4,827.27,818.7,819.19,76851
2026090111,819.19,820.81,815.52,818.76,51447
2026090112,818.85,821.64,818.0,821.17,47622
2026090113,821.26,821.75,817.88,817.92,64182
2026090114,817.96,823.15,816.0,823.07,68397
2026090209,802.8,818.55,796.34,813.45,188174
2026090210,812.82,819.62,811.73,813.43,98406
2026090211,813.43,818.19,812.56,813.27,56675
2026090212,813.13,813.13,809.05,809.05,45948
2026090213,809.12,814.41,806.52,808.32,48443
2026090214,808.42,812.72,807.06,808.22,56739
2026090309,814.31,815.79,797.95,799.01,199068
2026090310,799.04,804.83,796.22,796.22,91786
2026090311,796.09,800.67,796.02,799.6,51641
2026090312,799.64,804.99,799.48,801.78,47808
2026090313,801.75,804.45,799.77,800.15,52559
2026090314,800.21,800.52,782.87,793.76,81259
2026090409,802.32,810.36,800.66,802.91,194380
2026090410,802.73,803.93,798.97,803.31,83221
2026090411,803.45,810.39,803.45,809.7,59798
2026090412,809.66,813.03,808.75,812.93,50730
2026090413,812.87,815.36,811.12,814.88,53650
2026090414,814.93,816.54,811.0,812.67,52632
2026090709,822.91,828.85,819.78,826.59,0
2026090710,826.68,827.01,824.25,826.7,86835
2026090711,826.76,827.71,824.76,825.03,81574
2026090712,825.1,825.61,821.16,821.51,72799
2026090713,821.52,822.79,820.68,821.08,64135
2026090714,821.14,824.12,820.9,823.3,57977
2026090809,825.03,830.05,820.58,822.86,259274
2026090810,822.79,827.14,822.04,826.72,131203
2026090811,826.84,829.68,826.84,827.37,81200
2026090812,827.29,828.98,827.12,828.3,82190
2026090813,828.31,830.21,826.08,826.08,70435
2026090814,826.02,826.09,818.09,818.18,91994
2026090909,815.06,829.64,814.79,828.75,252314
2026090910,828.67,830.87,826.76,827.76,104418
2026090911,827.73,830.61,825.7,825.84,79747
2026090912,825.98,827.39,822.62,823.68,77953
2026090913,823.67,829.19,823.52,828.54,65359
2026090914,828.66,828.78,825.32,828.05,73508
2026091009,825.06,825.06,815.7,815.72,316842
2026091010,815.57,819.48,813.66,818.37,136139
2026091011,818.44,826.41,818.44,826.01,80655
2026091012,826.21,837.13,826.21,832.78,85955
2026091013,832.79,833.32,829.06,831.54,109837
2026091014,831.76,839.05,831.68,835.56,94155
2026091109,816.91,826.53,816.91,822.32,185511
2026091110,822.37,823.35,820.57,822.86,123325
2026091111,823.04,825.51,821.64,821.79,69905
2026091112,821.8,821.8,817.31,818.79,55890
2026091113,818.88,821.71,817.83,819.7,54568
2026091114,819.62,822.6,818.44,821.52,64997
2026091409,806.27,809.72,799.77,807.31,0
2026091410,807.34,811.44,804.07,811.15,81578
2026091411,811.18,814.13,810.74,813.48,75489
2026091412,813.45,814.68,812.37,813.09,89466
2026091413,813.09,815.3,810.73,810.89,62587
2026091414,810.83,811.58,805.97,807.0,78844
2026091509,806.49,816.7,801.97,814.66,222361
2026091510,814.46,824.37,813.88,822.46,92584
2026091511,822.6,823.9,819.78,820.4,62230
2026091512,820.56,823.22,819.41,819.41,66493
2026091513,819.43,820.99,812.23,812.23,89363
2026091514,812.19,815.11,806.95,813.12,66025
2026091609,808.37,808.53,801.9,804.17,251267
2026091610,804.3,805.43,801.12,801.85,123855
2026091611,801.79,807.67,801.74,807.64,75833
2026091612,807.8,810.82,807.8,810.82,61632
2026091613,810.91,812.31,808.67,809.01,66267
2026091614,808.91,814.27,808.52,813.54,76442
2026091709,820.16,823.58,814.98,817.93,220988
2026091710,817.89,822.97,817.89,820.76,94626
2026091711,820.66,822.0,819.63,821.83,79205
2026091712,821.89,825.07,821.51,824.98,54435
2026091713,824.93,826.22,823.83,825.99,59305
2026091714,826.13,826.13,820.28,820.28,69573
2026091809,832.72,833.57,827.63,829.13,213608
2026091810,829.08,829.53,826.92,827.74,88757
2026091811,827.65,828.49,826.74,827.75,73165
2026091812,827.75,827.76,825.69,825.79,66879
2026091813,825.75,828.37,824.73,827.64,77641
2026091814,827.71,827.95,826.29,826.58,86134
2026092109,830.71,832.65,822.41,832.59,0
2026092110,832.36,838.32,832.36,835.36,84139
2026092111,835.33,836.93,835.21,835.4,57973
2026092112,835.48,836.04,834.21,835.97,48857
2026092113,835.87,836.28,833.68,833.94,49047
2026092114,833.98,834.38,833.13,833.7,54143
2026092209,846.14,847.1,840.78,846.0,273022
2026092210,846.11,846.61,842.26,843.06,108504
2026092211,843.04,843.9,841.85,843.04,83372
2026092212,842.93,843.32,840.42,840.42,66424
2026092213,840.31,840.45,833.92,834.07,110019
2026092214,834.04,837.23,831.13,835.89,90351
2026092309,841.73,847.35,838.89,839.18,212534
2026092310,839.19,843.01,835.46,836.84,106938
2026092311,836.88,839.77,836.61,839.46,72165
2026092312,839.46,843.31,839.03,841.61,59307
2026092313,841.63,843.76,841.21,842.19,68829
2026092314,842.21,842.75,840.28,842.24,65613
2026092809,845.48,861.15,841.23,857.26,174561
2026092810,857.23,858.2,851.88,852.68,92455
2026092811,852.68,852.68,847.45,847.82,71812
2026092812,847.82,850.99,847.82,850.84,51564
2026092813,850.75,854.01,849.67,851.63,54243
2026092814,851.59,852.18,845.68,847.65,66398
2026092909,843.87,844.33,833.62,834.18,202546
2026092910,833.86,842.37,833.86,840.22,89835
2026092911,840.22,842.25,839.32,840.78,57866
2026092912,840.72,845.13,839.14,841.07,53058
2026092913,841.0,843.4,838.91,843.33,55751
2026092914,843.35,844.85,840.38,843.28,65445
2026093009,854.78,860.84,853.22,860.72,194602
2026093010,860.7,862.5,858.84,861.05,83829
2026093011,861.19,861.25,853.59,855.24,75740
2026093012,855.36,857.28,854.12,857.2,49997
2026093013,857.25,858.43,856.46,857.07,45981
2026093014,857.1,857.61,852.1,855.94,60316
2026100109,853.96,866.32,851.92,863.95,168923
2026100110,863.9,879.73,862.94,878.66,80966
2026100111,878.73,881.64,877.36,880.75,53325
2026100112,880.55,882.15,878.17,881.5,50421
2026100113,881.44,885.82,879.8,885.56,56552
2026100114,885.56,891.57,884.28,891.57,57549
2026100209,893.22,903.88,892.74,903.74,192031
2026100210,903.54,903.54,892.02,897.06,83971
2026100211,897.02,897.23,892.59,894.91,48552
2026100212,894.98,895.27,887.76,888.19,51293
2026100213,887.99,892.51,885.65,892.4,49331
2026100214,892.32,893.73,889.22,891.75,64460
2026100215,893.29,893.29,893.29,893.29,0
