2025091709,158900.0,159100.0,154000.0,155300.0,57245
2025091710,155200.0,155600.0,154200.0,154500.0,42789
2025091711,154600.0,155000.0,154300.0,154500.0,28682
2025091712,154500.0,155500.0,154300.0,155300.0,27857
2025091713,154900.0,155700.0,154800.0,155100.0,51838
2025091714,155300.0,155500.0,154500.0,154600.0,54771
2025091715,154650.0,155200.0,154500.0,155200.0,41344
2025091809,155300.0,155700.0,151400.0,152000.0,70316
2025091810,152000.0,152900.0,151600.0,152500.0,36766
2025091811,152600.0,153700.0,152300.0,153400.0,25230
2025091812,153400.0,153700.0,152600.0,153700.0,22104
2025091813,153700.0,154000.0,153300.0,153800.0,26219
2025091814,153800.0,155300.0,153600.0,155100.0,40509
2025091815,155100.0,155400.0,154800.0,154900.0,39982
2025091909,153800.0,154700.0,153000.0,153200.0,23183
2025091910,153200.0,153800.0,152900.0,153100.0,16402
2025091911,153100.0,153600.0,152900.0,153400.0,9581
2025091912,153300.0,153800.0,152900.0,153200.0,11925
2025091913,153100.0,153500.0,153000.0,153400.0,12373
2025091914,153300.0,153500.0,152800.0,153200.0,20808
2025091915,153200.0,153700.0,153000.0,153400.0,137918
2025092209,154200.0,155900.0,153800.0,154400.0,47582
2025092210,154400.0,155400.0,154300.0,155100.0,22530
2025092211,155000.0,155500.0,154700.0,155200.0,36930
2025092212,155200.0,155600.0,154900.0,155200.0,27608
2025092213,155200.0,155800.0,154900.0,155100.0,59407
2025092214,155050.0,156100.0,154700.0,155900.0,83568
2025092215,155900.0,156000.0,155500.0,155800.0,48533
2025092309,155800.0,158800.0,154800.0,156800.0,41632
2025092310,156800.0,157300.0,155900.0,156000.0,17591
2025092311,156100.0,157300.0,155800.0,156900.0,20332
2025092312,157000.0,157300.0,156500.0,157000.0,20800
2025092313,157200.0,157700.0,156400.0,157000.0,27630
2025092314,157000.0,157700.0,156500.0,157400.0,25121
2025092315,157400.0,157700.0,156600.0,157600.0,22135
2025092409,156800.0,157400.0,152500.0,152800.0,46701
2025092410,152900.0,154100.0,152500.0,153700.0,32033
2025092411,153700.0,154000.0,152600.0,152600.0,21100
2025092412,152600.0,152800.0,152200.0,152500.0,24625
2025092413,152400.0,152800.0,152200.0,152600.0,23169
2025092414,152600.0,153100.0,152400.0,152900.0,38506
2025092415,152900.0,153300.0,152700.0,152800.0,36982
2025092509,152200.0,152200.0,148600.0,149300.0,56942
2025092510,149300.0,150000.0,149000.0,149900.0,29430
2025092511,149900.0,150200.0,149500.0,149800.0,27164
2025092512,149800.0,150000.0,149500.0,149600.0,23555
2025092513,149600.0,150000.0,149500.0,150000.0,29220
2025092514,149900.0,150100.0,149600.0,149800.0,36053
2025092515,149800.0,150200.0,149600.0,150200.0,52350
2025092609,149400.0,152700.0,149400.0,151800.0,84182
2025092610,151700.0,152200.0,151000.0,151200.0,49940
2025092611,151200.0,151700.0,150900.0,151500.0,26694
2025092612,151500.0,151600.0,150600.0,151000.0,35798
2025092613,151000.0,151600.0,150800.0,151100.0,44988
2025092614,151200.0,152500.0,151100.0,152000.0,55725
2025092615,152000.0,152500.0,151900.0,152000.0,40289
2025092909,157400.0,159000.0,154900.0,156700.0,58877
2025092910,156700.0,156800.0,155700.0,156500.0,29598
2025092911,156500.0,156500.0,155000.0,155200.0,30575
2025092912,155200.0,156000.0,155100.0,155800.0,20263
2025092913,155800.0,156000.0,155200.0,155500.0,25887
2025092914,155600.0,156200.0,155500.0,155600.0,30414
2025092915,155700.0,156000.0,155200.0,155300.0,36725
2025093009,153800.0,154700.0,152300.0,153500.0,36491
2025093010,153500.0,154500.0,153000.0,153800.0,37637
2025093011,153800.0,154500.0,153300.0,154000.0,27474
2025093012,154000.0,154300.0,153600.0,154200.0,20297
2025093013,154200.0,155300.0,154100.0,154900.0,45478
2025093014,154900.0,156300.0,154800.0,156000.0,47249
2025093015,155900.0,156600.0,155600.0,156600.0,84008
2025100109,157300.0,158500.0,155600.0,155700.0,34966
2025100110,155600.0,156900.0,155200.0,156100.0,37514
2025100111,156200.0,156200.0,155500.0,155600.0,9759
2025100112,155500.0,155600.0,154200.0,154500.0,17541
2025100113,154600.0,155300.0,154000.0,154900.0,27542
2025100114,154900.0,155600.0,154900.0,155000.0,19036
2025100115,155050.0,155100.0,155000.0,155100.0,29345
2025100209,156000.0,159400.0,155400.0,157900.0,65032
2025100210,157800.0,162400.0,157100.0,161600.0,96922
2025100211,161600.0,162200.0,160100.0,160500.0,60698
2025100212,160500.0,161000.0,159500.0,160000.0,31037
2025100213,160100.0,161000.0,159700.0,160200.0,45084
2025100214,160200.0,160900.0,159600.0,160100.0,54333
2025100215,160200.0,160600.0,159000.0,159100.0,111831
2025101009,157500.0,161000.0,156500.0,158300.0,82672
2025101010,158200.0,158500.0,157100.0,157300.0,52409
2025101011,157200.0,157900.0,156900.0,157200.0,32852
2025101012,157100.0,158400.0,157100.0,157800.0,23646
2025101013,157800.0,158400.0,157000.0,157350.0,44785
2025101014,157300.0,159300.0,157300.0,158800.0,63527
2025101015,158800.0,160000.0,158800.0,160000.0,90996
2025101309,158100.0,158400.0,153800.0,155800.0,60260
2025101310,155900.0,156700.0,154400.0,155800.0,50722
2025101311,155800.0,155900.0,155200.0,155500.0,25106
2025101312,155500.0,156700.0,155400.0,155800.0,26294
2025101313,155800.0,156100.0,155200.0,155800.0,31882
2025101314,155700.0,156900.0,155300.0,156800.0,41351
2025101315,156700.0,157200.0,156700.0,157100.0,33908
2025101409,158900.0,170400.0,158200.0,167800.0,132141
2025101410,167700.0,167700.0,163500.0,164500.0,40025
2025101411,164600.0,165200.0,164300.0,164500.0,29049
2025101412,164500.0,166700.0,164000.0,166100.0,30049
2025101413,166100.0,167500.0,165500.0,166900.0,74216
2025101414,166900.0,167300.0,165300.0,165900.0,67198
2025101415,165900.0,167000.0,165600.0,167000.0,72984
2025101509,163900.0,164100.0,161200.0,161500.0,63053
2025101510,161500.0,161500.0,157800.0,159500.0,74924
2025101511,159400.0,161050.0,159400.0,160100.0,33618
2025101512,160100.0,164200.0,160100.0,161000.0,36371
2025101513,160900.0,162200.0,160600.0,162200.0,42748
2025101514,162100.0,162900.0,161900.0,162200.0,54764
2025101515,162300.0,163000.0,162000.0,162200.0,46106
2025101609,166800.0,168400.0,163100.0,165350.0,48488
2025101610,165300.0,165800.0,163200.0,163300.0,27121
2025101611,163400.0,164700.0,163200.0,164500.0,22614
2025101612,164500.0,164800.0,162500.0,163200.0,18162
2025101613,163200.0,163400.0,161000.0,161900.0,37871
2025101614,161900.0,163500.0,161700.0,162700.0,34171
2025101615,162800.0,163100.0,162200.0,163100.0,40000
2025101709,160600.0,160600.0,156200.0,158000.0,61366
2025101710,158000.0,159300.0,158000.0,158600.0,23761
2025101711,158600.0,159000.0,157200.0,157700.0,31267
2025101712,157700.0,158300.0,157200.0,157500.0,19628
2025101713,157500.0,157900.0,157000.0,157300.0,22781
2025101714,157200.0,157500.0,156200.0,156400.0,44873
2025101715,156300.0,157300.0,156300.0,156700.0,34145
2025102009,156700.0,158100.0,155100.0,157500.0,28753
2025102010,157500.0,158400.0,156800.0,158200.0,21457
2025102011,158200.0,159200.0,158000.0,158800.0,22347
2025102012,158800.0,159300.0,158200.0,159000.0,18707
2025102013,159000.0,159200.0,157000.0,158900.0,35264
2025102014,158900.0,160000.0,158600.0,159400.0,23623
2025102015,159300.0,159700.0,158500.0,159700.0,30731
2025102109,162000.0,165300.0,159900.0,162400.0,58345
2025102110,162400.0,162900.0,161300.0,161300.0,27275
2025102111,161300.0,162000.0,160100.0,161100.0,22749
2025102112,161100.0,161500.0,160700.0,161200.0,26347
2025102113,161300.0,161600.0,159000.0,159500.0,31334
2025102114,159550.0,159900.0,158900.0,159500.0,29919
2025102115,159500.0,159800.0,159100.0,159700.0,19623
2025102209,159900.0,160500.0,158300.0,158500.0,26556
2025102210,158500.0,160200.0,158300.0,159900.0,17475
2025102211,159900.0,160700.0,159800.0,160600.0,11950
2025102212,160700.0,160700.0,159700.0,160300.0,8293
2025102213,160300.0,160900.0,160000.0,160200.0,21000
2025102214,160200.0,160500.0,159700.0,159800.0,17809
2025102215,159800.0,160300.0,159500.0,159600.0,19171
2025102309,158700.0,159900.0,158100.0,159300.0,41117
2025102310,159300.0,161400.0,159100.0,160900.0,23906
2025102311,160900.0,163800.0,160900.0,163200.0,26795
2025102312,163200.0,163800.0,161300.0,161700.0,18753
2025102313,161600.0,161700.0,160000.0,160900.0,22412
2025102314,160900.0,163000.0,160900.0,163000.0,46214
2025102315,163000.0,163300.0,162100.0,162100.0,36972
2025102409,162600.0,167000.0,161900.0,164100.0,54514
2025102410,164100.0,164800.0,162100.0,163050.0,32013
2025102411,163100.0,164000.0,163050.0,163850.0,21131
2025102412,163900.0,163900.0,163100.0,163200.0,20838
2025102413,163100.0,163800.0,162600.0,163100.0,30161
2025102414,163000.0,163100.0,162100.0,162100.0,44647
2025102415,162100.0,162900.0,162000.0,162600.0,28215
2025102709,161300.0,163500.0,160800.0,161700.0,37763
2025102710,161800.0,161800.0,160200.0,160600.0,41642
2025102711,160600.0,161700.0,160500.0,160900.0,20384
2025102712,161000.0,161500.0,160600.0,160800.0,17496
2025102713,160800.0,162100.0,160500.0,161900.0,33548
2025102714,161900.0,162600.0,161400.0,162300.0,41517
2025102715,162300.0,162400.0,161600.0,162000.0,32496
2025102809,159800.0,161800.0,159300.0,160600.0,46028
2025102810,160700.0,161300.0,160000.0,160800.0,30517
2025102811,160800.0,161800.0,160400.0,161300.0,26643
2025102812,161300.0,161300.0,160100.0,160200.0,16651
2025102813,160100.0,160200.0,158900.0,159700.0,35263
2025102814,159600.0,160300.0,159000.0,160300.0,39326
2025102815,160200.0,160900.0,159900.0,160100.0,30820
2025102909,161200.0,161800.0,158700.0,160300.0,50556
2025102910,160300.0,161900.0,160300.0,161700.0,24277
2025102911,161700.0,162700.0,160500.0,160550.0,30796
2025102912,160500.0,161000.0,159200.0,159200.0,17702
2025102913,159200.0,159500.0,158000.0,158000.0,34801
2025102914,158000.0,159500.0,158000.0,159100.0,37704
2025102915,159100.0,160000.0,159100.0,159600.0,22430
2025103009,158900.0,161600.0,158500.0,159100.0,65417
2025103010,159100.0,159400.0,157000.0,157900.0,45648
2025103011,157900.0,158200.0,157600.0,158000.0,26195
2025103012,158000.0,158500.0,157200.0,157700.0,30643
2025103013,157700.0,158000.0,156500.0,156600.0,52092
2025103014,156500.0,158300.0,156500.0,157800.0,37895
2025103015,157900.0,158000.0,156800.0,157400.0,37906
2025103109,152500.0,154000.0,151200.0,152400.0,111156
2025103110,152300.0,154300.0,152200.0,154000.0,88853
2025103111,154000.0,154500.0,153500.0,154000.0,54348
2025103112,154000.0,154000.0,153000.0,153600.0,43572
2025103113,153500.0,153800.0,152900.0,153200.0,46733
2025103114,153100.0,153900.0,153100.0,153800.0,50207
2025103115,153800.0,154300.0,153500.0,154300.0,104881
2025110309,154100.0,154900.0,152100.0,152500.0,87815
2025110310,152400.0,153800.0,152300.0,153200.0,57206
2025110311,153250.0,153300.0,151600.0,151700.0,52901
2025110312,151700.0,152100.0,150700.0,151600.0,51836
2025110313,151600.0,151800.0,150900.0,151100.0,67263
2025110314,151200.0,151600.0,150800.0,151000.0,91613
2025110315,150900.0,152100.0,150800.0,152100.0,78115
2025110409,152200.0,152800.0,149700.0,150100.0,58457
2025110410,150100.0,151200.0,149700.0,150400.0,34104
2025110411,150400.0,150500.0,149400.0,149600.0,40988
2025110412,149600.0,149900.0,149100.0,149100.0,35312
2025110413,149200.0,149700.0,149100.0,149600.0,42272
2025110414,149400.0,150800.0,149300.0,150200.0,65881
2025110415,150100.0,151100.0,149800.0,151100.0,51021
2025110509,151900.0,151900.0,147400.0,147900.0,80819
2025110510,147900.0,149300.0,147300.0,148200.0,55151
2025110511,148100.0,149700.0,147900.0,149400.0,28344
2025110512,149400.0,150800.0,149100.0,149900.0,26321
2025110513,150000.0,150700.0,148500.0,149100.0,35497
2025110514,149100.0,150000.0,148800.0,148900.0,45072
2025110515,148700.0,150000.0,148700.0,150000.0,37436
2025110609,150500.0,153400.0,150500.0,152600.0,64298
2025110610,152500.0,152800.0,150600.0,152200.0,47101
2025110611,152300.0,154400.0,151900.0,153800.0,52591
2025110612,153900.0,155400.0,153800.0,155300.0,59493
2025110613,155300.0,157500.0,154700.0,157400.0,76736
2025110614,157400.0,158000.0,155600.0,155900.0,72837
2025110615,155900.0,156300.0,154500.0,156000.0,59266
2025110709,157100.0,157500.0,151300.0,154700.0,67056
2025110710,154700.0,155200.0,153600.0,153800.0,43735
2025110711,153700.0,153900.0,152500.0,152900.0,27537
2025110712,152900.0,153100.0,151400.0,151600.0,26334
2025110713,151500.0,151800.0,150200.0,150400.0,38305
2025110714,150400.0,152400.0,150300.0,152300.0,46186
2025110715,152300.0,152700.0,151900.0,152000.0,31814
2025111009,156300.0,163700.0,156100.0,159400.0,162280
2025111010,159700.0,160000.0,158200.0,159200.0,31830
2025111011,159100.0,159600.0,158200.0,159200.0,27489
2025111012,159100.0,159400.0,158400.0,159200.0,23529
2025111013,159100.0,161000.0,159000.0,160600.0,36851
2025111014,160500.0,161000.0,159300.0,159400.0,38694
2025111015,159300.0,159800.0,158200.0,158900.0,45468
2025111109,159100.0,162900.0,158900.0,161300.0,68903
2025111110,161100.0,162000.0,160300.0,160800.0,33799
2025111111,160800.0,161600.0,160500.0,161500.0,26425
2025111112,161400.0,161900.0,161100.0,161500.0,25811
2025111113,161400.0,161800.0,159400.0,159400.0,35303
2025111114,159400.0,160000.0,158600.0,159500.0,44813
2025111115,159400.0,159900.0,159100.0,159400.0,29238
2025111209,159100.0,164300.0,158900.0,163300.0,53996
2025111210,163250.0,166300.0,163200.0,164700.0,56444
2025111211,164600.0,165000.0,164300.0,164300.0,21977
2025111212,164500.0,166200.0,163900.0,165600.0,32071
2025111213,165600.0,166000.0,164600.0,164900.0,29109
2025111214,165000.0,168800.0,164900.0,167100.0,81901
2025111215,167100.0,167800.0,166600.0,167000.0,64089
2025111309,166200.0,166400.0,163300.0,164300.0,12512
2025111310,164300.0,168000.0,163300.0,167900.0,57296
2025111311,167900.0,168900.0,166100.0,166500.0,39015
2025111312,166500.0,168300.0,166000.0,167200.0,24911
2025111313,167100.0,168600.0,166000.0,167900.0,26168
2025111314,167900.0,168500.0,167600.0,168300.0,25376
2025111315,168300.0,168500.0,167400.0,167500.0,14331
2025111409,166800.0,169500.0,158900.0,159250.0,101811
2025111410,159250.0,160200.0,158400.0,159500.0,57747
2025111411,159400.0,160500.0,159000.0,159400.0,21663
2025111412,159400.0,159500.0,158400.0,158700.0,29339
2025111413,158700.0,158900.0,153600.0,153800.0,90444
2025111414,153750.0,154200.0,152200.0,153100.0,92670
2025111415,153100.0,153900.0,153000.0,153600.0,51612
2025111709,158800.0,158800.0,153000.0,153300.0,77356
2025111710,153400.0,154100.0,152500.0,152600.0,32926
2025111711,152700.0,153700.0,152600.0,153400.0,18711
2025111712,153300.0,154000.0,152900.0,153000.0,17615
2025111713,153100.0,153900.0,152800.0,153500.0,23945
2025111714,153500.0,153900.0,153200.0,153400.0,28325
2025111715,153400.0,154400.0,153400.0,153600.0,27521
2025111809,154600.0,155000.0,150400.0,150900.0,50481
2025111810,150900.0,152600.0,150500.0,150600.0,27128
2025111811,150600.0,150800.0,150000.0,150100.0,30583
2025111812,150200.0,150400.0,149700.0,149800.0,26171
2025111813,149800.0,149800.0,149000.0,149500.0,38916
2025111814,149500.0,149500.0,148400.0,148500.0,43594
2025111815,148400.0,149200.0,148300.0,148700.0,51185
2025111909,149900.0,150100.0,145000.0,147600.0,40881
2025111910,147600.0,148600.0,146300.0,147400.0,21767
2025111911,147300.0,148400.0,146900.0,147900.0,15611
2025111912,147800.0,148400.0,147300.0,147500.0,14534
2025111913,147500.0,148300.0,147100.0,147500.0,17030
2025111914,147500.0,148000.0,146700.0,147700.0,22842
2025111915,147700.0,148400.0,146900.0,148200.0,30955
2025112009,150900.0,151000.0,148900.0,149200.0,23033
2025112010,149200.0,150000.0,148500.0,149900.0,27781
2025112011,150000.0,150600.0,149600.0,150400.0,20923
2025112012,150400.0,150800.0,149800.0,150000.0,20283
2025112013,150000.0,150400.0,149600.0,150000.0,18444
2025112014,149900.0,150000.0,148300.0,148700.0,39158
2025112015,148700.0,149000.0,147500.0,147500.0,35443
2025112109,144800.0,146200.0,144000.0,145600.0,31292
2025112110,145700.0,146700.0,145300.0,145900.0,11243
2025112111,145800.0,146400.0,145600.0,146000.0,9531
2025112112,146000.0,146500.0,145700.0,145800.0,12380
2025112113,145800.0,146100.0,145100.0,145500.0,13242
2025112114,145600.0,146300.0,145300.0,146000.0,21631
2025112115,146000.0,146400.0,145600.0,146400.0,26370
2025112409,150000.0,150000.0,145100.0,146000.0,31832
2025112410,146200.0,147100.0,145800.0,146500.0,20963
2025112411,146500.0,147700.0,146100.0,147300.0,20415
2025112412,147500.0,147500.0,146100.0,146500.0,14537
2025112413,146600.0,146600.0,145600.0,145700.0,24446
2025112414,145600.0,146200.0,145000.0,145000.0,41079
2025112415,145100.0,145300.0,144500.0,144800.0,223126
2025112509,149500.0,150400.0,146100.0,146200.0,26256
2025112510,146100.0,147300.0,145400.0,147300.0,19457
2025112511,147200.0,147800.0,146400.0,147600.0,22992
2025112512,147600.0,147900.0,145800.0,145900.0,18320
2025112513,145800.0,146700.0,145500.0,146500.0,27496
2025112514,146500.0,147100.0,145900.0,146600.0,35031
2025112515,146600.0,147100.0,146400.0,146700.0,37617
2025112609,152100.0,152300.0,148300.0,149200.0,43204
2025112610,149200.0,150000.0,149200.0,149900.0,26801
2025112611,149900.0,150500.0,149600.0,150200.0,24609
2025112612,150200.0,150900.0,150100.0,150600.0,20181
2025112613,150600.0,151000.0,150400.0,150900.0,21722
2025112614,150900.0,151700.0,150700.0,151600.0,28488
2025112615,151600.0,151700.0,151400.0,151600.0,32831
2025112709,153000.0,154700.0,152300.0,153800.0,25469
2025112710,153800.0,154700.0,153700.0,154700.0,15959
2025112711,154700.0,154700.0,153200.0,153500.0,21509
2025112712,153400.0,153900.0,152800.0,153400.0,10966
2025112713,153400.0,153800.0,152700.0,153100.0,14541
2025112714,153100.0,153200.0,152600.0,152800.0,20553
2025112715,152800.0,153400.0,152000.0,153400.0,35520
2025112809,153000.0,153900.0,151200.0,153300.0,41987
2025112810,153300.0,153600.0,152100.0,152700.0,19908
2025112811,152600.0,152900.0,152000.0,152300.0,23364
2025112812,152300.0,152800.0,152100.0,152500.0,15500
2025112813,152600.0,153300.0,152000.0,152900.0,21841
2025112814,152900.0,153600.0,152600.0,153100.0,35963
2025112815,153100.0,153100.0,151900.0,152900.0,88298
2025120109,154000.0,154900.0,150600.0,151900.0,29886
2025120110,151900.0,154350.0,151100.0,154100.0,17569
2025120111,154200.0,154500.0,152800.0,153900.0,15218
2025120112,153900.0,153900.0,153000.0,153400.0,12587
2025120113,153400.0,153600.0,152800.0,153400.0,15459
2025120114,153400.0,153600.0,152600.0,153300.0,20758
2025120115,153300.0,153800.0,152800.0,153800.0,33871
2025120209,156100.0,156600.0,153100.0,155600.0,49264
2025120210,155600.0,156100.0,154500.0,155200.0,26852
2025120211,155200.0,155400.0,154700.0,155100.0,23186
2025120212,155000.0,155300.0,154200.0,154700.0,19491
2025120213,154900.0,156200.0,154800.0,155300.0,30505
2025120214,155300.0,155700.0,154800.0,154900.0,22082
2025120215,154900.0,155400.0,154600.0,155400.0,51189
2025120309,154800.0,156100.0,153300.0,155700.0,38707
2025120310,155700.0,157000.0,155600.0,156600.0,31944
2025120311,156600.0,156600.0,155700.0,155900.0,21743
2025120312,155900.0,156700.0,155500.0,156300.0,24152
2025120313,156300.0,156900.0,155700.0,155700.0,28146
2025120314,155700.0,156100.0,155500.0,155800.0,37358
2025120315,155900.0,156500.0,155700.0,156500.0,45366
2025120409,155600.0,157000.0,155000.0,156100.0,27918
2025120410,156100.0,157100.0,155100.0,155400.0,26755
2025120411,155400.0,156000.0,154800.0,155900.0,17747
2025120412,155900.0,156200.0,155400.0,156100.0,13922
2025120413,156000.0,157300.0,156000.0,156600.0,25445
2025120414,156600.0,156900.0,156000.0,156300.0,24419
2025120415,156400.0,157000.0,156300.0,157000.0,46466
2025120509,156700.0,157800.0,154600.0,157500.0,33286
2025120510,157500.0,157700.0,156400.0,157300.0,27079
2025120511,157300.0,159100.0,157000.0,159000.0,31662
2025120512,159050.0,159500.0,158400.0,159300.0,32252
2025120513,159200.0,159500.0,156600.0,156700.0,38639
2025120514,156700.0,157700.0,156700.0,157500.0,37356
2025120515,157500.0,158200.0,157500.0,158200.0,37952
2025120809,157400.0,158300.0,155800.0,156700.0,30187
2025120810,156700.0,157100.0,155100.0,155300.0,22874
2025120811,155200.0,156100.0,155100.0,156000.0,13638
2025120812,156000.0,156200.0,155400.0,155600.0,11270
2025120813,155600.0,156300.0,155300.0,155900.0,17090
2025120814,155800.0,156300.0,155300.0,155700.0,30453
2025120815,155600.0,156200.0,155500.0,155800.0,42831
2025120909,156100.0,156500.0,154400.0,154600.0,31974
2025120910,154600.0,155300.0,154300.0,154800.0,19842
2025120911,155000.0,156300.0,154700.0,156100.0,22817
2025120912,156100.0,156400.0,155700.0,156400.0,15410
2025120913,156400.0,157500.0,156300.0,157000.0,21761
2025120914,157000.0,157400.0,156700.0,157300.0,20385
2025120915,157400.0,157500.0,156600.0,157500.0,50631
2025121009,158200.0,158800.0,155000.0,155800.0,22968
2025121010,155800.0,156400.0,155200.0,155600.0,19836
2025121011,155500.0,157000.0,155500.0,156100.0,19669
2025121012,156100.0,156200.0,155200.0,155400.0,20056
2025121013,155400.0,155600.0,155100.0,155200.0,14432
2025121014,155200.0,155400.0,154500.0,154500.0,32084
2025121015,154500.0,155000.0,154300.0,154400.0,41161
2025121109,155800.0,156300.0,154700.0,154800.0,14357
2025121110,154700.0,156100.0,154500.0,155400.0,13864
2025121111,155400.0,155600.0,154000.0,154100.0,19189
2025121112,154100.0,155000.0,153500.0,154700.0,16956
2025121113,154700.0,155400.0,153800.0,153850.0,14310
2025121114,153800.0,154400.0,153500.0,154300.0,19664
2025121115,154000.0,154500.0,153100.0,153100.0,259971
2025121209,156000.0,158300.0,153500.0,153500.0,38924
2025121210,158000.0,158100.0,154000.0,154800.0,53740
2025121211,154700.0,155000.0,153900.0,154500.0,67661
2025121212,154500.0,154900.0,153100.0,153900.0,65632
2025121213,154000.0,154100.0,152900.0,153700.0,62391
2025121214,153600.0,154200.0,153300.0,153600.0,66265
2025121215,153600.0,155500.0,153200.0,155500.0,55063
2025121509,152100.0,153000.0,151400.0,152400.0,27672
2025121510,152400.0,153500.0,152100.0,153400.0,11369
2025121511,153300.0,153900.0,152400.0,152700.0,11751
2025121512,152600.0,152700.0,152000.0,152200.0,19471
2025121513,152200.0,153500.0,152000.0,153300.0,17536
2025121514,153300.0,153500.0,152900.0,153200.0,16662
2025121515,153200.0,153500.0,152900.0,152900.0,30263
2025121609,152500.0,153900.0,151300.0,152200.0,24641
2025121610,152200.0,152500.0,151300.0,151500.0,16131
2025121611,151500.0,152200.0,151200.0,151800.0,14384
2025121612,151800.0,152900.0,151700.0,152600.0,11037
2025121613,152800.0,153200.0,152100.0,152800.0,12676
2025121614,152800.0,152800.0,151000.0,151000.0,29159
2025121615,151050.0,151900.0,150700.0,151700.0,47849
2025121709,152000.0,152600.0,150500.0,152000.0,27412
2025121710,152100.0,152400.0,151400.0,152200.0,21332
2025121711,152200.0,153300.0,152000.0,152700.0,23465
2025121712,152700.0,152800.0,152100.0,152400.0,9912
2025121713,152300.0,152800.0,151500.0,151500.0,15070
2025121714,151500.0,153000.0,151500.0,152800.0,27953
2025121715,152700.0,153600.0,152700.0,153600.0,41263
2025121809,151900.0,152800.0,150600.0,151700.0,19989
2025121810,151800.0,151900.0,151100.0,151300.0,13647
2025121811,151300.0,152100.0,151200.0,151700.0,12354
2025121812,151700.0,151800.0,151200.0,151500.0,16123
2025121813,151600.0,151800.0,151000.0,151700.0,14828
2025121814,151700.0,152100.0,151600.0,152000.0,33830
2025121815,151800.0,152100.0,151500.0,151800.0,49110
2025121909,154100.0,155900.0,152700.0,153100.0,31949
2025121910,153100.0,153700.0,152700.0,153500.0,9112
2025121911,153300.0,154400.0,153200.0,153600.0,14922
2025121912,153500.0,154300.0,153100.0,154100.0,13651
2025121913,154000.0,154300.0,153700.0,154000.0,12321
2025121914,154000.0,154800.0,153900.0,154000.0,26063
2025121915,154100.0,155000.0,154000.0,155000.0,55204
2025122209,155700.0,157300.0,154700.0,156400.0,44460
2025122210,156400.0,157000.0,156200.0,156900.0,25282
2025122211,156900.0,157100.0,156600.0,156800.0,21732
2025122212,156800.0,156900.0,156500.0,156600.0,17765
2025122213,156600.0,157300.0,156500.0,157300.0,28337
2025122214,157300.0,160900.0,157000.0,160600.0,81672
2025122215,160500.0,160600.0,160000.0,160300.0,32287
2025122309,160700.0,169300.0,160500.0,168900.0,164602
2025122310,168900.0,169000.0,165400.0,165400.0,39801
2025122311,165400.0,165900.0,164000.0,165500.0,24166
2025122312,165600.0,165800.0,164300.0,164500.0,23386
2025122313,164500.0,165200.0,163800.0,164200.0,22480
2025122314,164200.0,166000.0,163500.0,163600.0,35003
2025122315,163600.0,164200.0,162200.0,163900.0,34188
2025122409,164000.0,165000.0,162600.0,162800.0,34040
2025122410,162800.0,162900.0,161100.0,162400.0,36381
2025122411,162400.0,162750.0,161900.0,162400.0,21422
2025122412,162350.0,163400.0,162000.0,163300.0,27442
2025122413,163400.0,164500.0,163000.0,163700.0,24080
2025122414,163700.0,163800.0,162700.0,163300.0,29066
2025122415,163300.0,163800.0,163200.0,163700.0,24121
2025122609,164800.0,166300.0,161500.0,164300.0,63253
2025122610,164300.0,164900.0,163500.0,163800.0,33737
2025122611,163800.0,164500.0,163400.0,164000.0,25385
2025122612,164100.0,164600.0,163700.0,163800.0,24006
2025122613,164000.0,164000.0,162400.0,162900.0,33390
2025122614,162900.0,164000.0,162200.0,162300.0,43702
2025122615,162300.0,163000.0,162200.0,162500.0,25862
2025122909,156900.0,157300.0,155300.0,156600.0,59688
2025122910,156600.0,158500.0,156400.0,156800.0,58502
2025122911,156700.0,157500.0,156500.0,156800.0,31397
2025122912,157000.0,157100.0,156500.0,156700.0,35511
2025122913,156700.0,157300.0,156300.0,157000.0,28981
2025122914,156900.0,157200.0,156500.0,156700.0,27420
2025122915,156700.0,157600.0,156600.0,157600.0,23006
2025123009,156900.0,157700.0,156000.0,157400.0,39458
2025123010,157400.0,157700.0,156300.0,156900.0,27397
2025123011,156900.0,157500.0,156500.0,157400.0,24404
2025123012,157400.0,157900.0,157100.0,157300.0,23561
2025123013,157300.0,157800.0,157200.0,157200.0,30134
2025123014,157250.0,157600.0,157000.0,157100.0,41527
2025123015,157100.0,157800.0,157100.0,157600.0,53490
